seller_id,seller_state,seller_city,delivered_orders,late_deliveries,late_delivery_rate,late_dispatch_rate,avg_approval_to_carrier_days,avg_carrier_to_delivery_days,avg_purchase_to_delivery_days,avg_review_score,item_value,freight_value,late_rate_ci95_lower,late_rate_ci95_upper,minimum_volume_met,elevated_late_rate,overall_comparison_rate
ad781527c93d00d89a11eecd9dcad7c1,SP,sao jose do rio preto,33,12,0.36363636363636365,0.5454545454545454,12.538910634118967,14.896114969135803,27.977253787878787,3.3636363636363638,5259.68,1871.6,0.2218717823524236,0.5338382169773361,True,True,0.06850149692735963
ede0c03645598cdfc63ca8237acbe73d,SP,ribeirao preto,43,14,0.32558139534883723,0.18604651162790697,3.4690067829457365,14.87057035960379,18.589664621016365,3.5714285714285716,2352.15,708.3,0.20493297126568708,0.47483789032470525,True,True,0.06850149692735963
54965bbe3e4f07ae045b90b0b8541f52,PR,foz do iguacu,72,22,0.3055555555555556,0.5416666666666666,15.521046130952382,10.895191615226338,26.36203816229424,3.176470588235294,10191.7,2055.18,0.21126630975195265,0.4195424795911143,True,True,0.06850149692735963
2a1348e9addc1af5aaa619b1a3679d6b,MG,belo horizonte,45,13,0.28888888888888886,0.4444444444444444,4.9844099794238685,23.411318158436213,28.73373791152263,3.272727272727273,2607.8,709.51,0.1773008248284927,0.43368540574761577,True,True,0.06850149692735963
835f0f7810c76831d6c7d24c7a646d4d,SP,sao paulo,40,11,0.275,0.775,9.830827546296296,8.316131076388888,18.347696180555555,3.475,4750.5,870.29,0.16108016247667337,0.42834955806210573,True,True,0.06850149692735963
beadbee30901a7f61d031b6b686095ad,SP,guarulhos,63,15,0.23809523809523808,0.2857142857142857,7.210902961493239,6.543160089653146,14.129264770723104,3.9365079365079363,4338.98,920.76,0.14993783678290606,0.35635660109696865,True,True,0.06850149692735963
a49928bcdf77c55c6d6e05e09a9b4ca5,SP,sao paulo,93,21,0.22580645161290322,0.5698924731182796,7.015089232377539,9.651432696136997,17.03883276085225,3.086021505376344,8387.2,1644.52,0.15270154318255835,0.32066450663678026,True,True,0.06850149692735963
ef990a83bbea832f36ebe81376335aa8,SC,joinville,40,9,0.225,0.0,1.8191331018518517,15.211670717592593,17.469218460648147,3.75,4154.79,840.58,0.12316091323540743,0.37503096742310027,True,True,0.06850149692735963
712e6ed8aa4aa1fa65dab41fed5737e4,SC,videira,77,16,0.2077922077922078,0.19480519480519481,7.395758778258777,16.643938642376142,24.691598875661377,3.3947368421052633,39385.0,6764.82,0.13215077794236726,0.31120414592399037,True,True,0.06850149692735963
3fd1e727ba94cfe122d165e176ce7967,SP,araraquara,34,7,0.20588235294117646,0.0,2.0831267020697166,13.31385246459695,15.692170138888889,4.0,2642.5,540.77,0.10349526899031913,0.36798388051163594,True,True,0.06850149692735963
71039d19d4303bf9054d69e9a9236699,SP,sao paulo,34,7,0.20588235294117646,0.058823529411764705,1.817146309912854,11.733649918300655,14.089669458061003,3.8823529411764706,3507.2999999999997,597.85,0.10349526899031913,0.36798388051163594,True,True,0.06850149692735963
66e0557ecc2b4dbea057e93f215f68d8,SP,sao paulo,30,6,0.2,0.26666666666666666,17.92581288580247,13.606077932098765,31.725889660493827,4.033333333333333,12141.0,487.42,0.0950510717728987,0.3730569641314825,True,True,0.06850149692735963
d20b021d3efdf267a402c402a48ea64b,SP,ibitinga,73,14,0.1917808219178082,0.2054794520547945,3.8571627217005733,14.0214066463724,18.082350805428717,3.875,3320.0299999999997,1260.8,0.11782360890987197,0.29655502613133206,True,True,0.06850149692735963
06a2c3af7b3aee5d69171b0e14f0ee87,MA,sao luis,388,74,0.19072164948453607,0.3118556701030928,4.675575473000101,12.924593505393279,17.769048181557846,4.018229166666667,36030.99,12042.63,0.15473639711547998,0.2327709873192449,True,True,0.06850149692735963
002100f778ceb8431b7a1020ff7ab48f,SP,franca,48,9,0.1875,0.08333333333333333,3.562756558641975,11.936276041666666,16.479170042438273,4.0,1158.8,751.64,0.10191390954847647,0.31939867149284695,True,True,0.06850149692735963
0b35c634521043bf4b47e21547b99ab5,PR,teixeira soares,43,8,0.18604651162790697,0.09302325581395349,3.615331879844961,16.781422265288544,20.81037602282515,3.4761904761904763,11260.55,1239.58,0.09741751428996226,0.32617003657274385,True,True,0.06850149692735963
88460e8ebdecbfecb5f9601833981930,PR,maringa,227,42,0.18502202643171806,0.5110132158590308,8.007291821676587,9.933295602871594,18.175387553026596,3.519911504424779,28445.9,4656.91,0.13989726317522522,0.24062995784240354,True,True,0.06850149692735963
ea566164622c6b439516ab18062c42cd,SP,sao  paulo,50,9,0.18,0.08,3.6400641396604936,10.105730787037038,14.027645138888888,3.78,10309.42,858.56,0.09770192670234178,0.30796053674300783,True,True,0.06850149692735963
602044f2c16190c2c6e45eb35c2e21cb,SP,ibitinga,45,8,0.17777777777777778,0.0,1.5555313552188552,13.173315586419752,15.129894290123456,3.2954545454545454,3436.68,840.89,0.09294389514104148,0.3132982462645977,True,True,0.06850149692735963
6039e27294dc75811c0d8a39069f52c0,SP,osasco,62,11,0.1774193548387097,0.3548387096774194,5.951984206989247,11.62673424432497,18.17080570489845,3.7419354838709675,13420.9,2302.11,0.10206437766005086,0.2904156688569637,True,True,0.06850149692735963
cac4c8e7b1ca6252d8f20b2fc1a2e4af,SP,indaiatuba,69,12,0.17391304347826086,0.30434782608695654,5.7670550789760355,12.512373523886204,18.70012463097155,3.6838235294117645,3913.2400000000002,1450.28,0.10238368967996812,0.2798362613128917,True,True,0.06850149692735963
2a261b5b644fa05f4f2700eb93544f2c,SP,porto ferreira,46,8,0.17391304347826086,0.021739130434782608,1.8664243827160496,12.596492552334944,14.831641505636071,4.0,4895.0,1820.42,0.09085791702246311,0.30723353716378493,True,True,0.06850149692735963
bbad7e518d7af88a0897397ffdca1979,SP,sao paulo,64,11,0.171875,0.390625,4.786337815990594,8.61118869357639,13.6964013671875,3.3174603174603177,4224.72,1243.72,0.09877742301244645,0.282132116226582,True,True,0.06850149692735963
dd55f1bb788714a40e7954c3be6df745,SP,sao paulo,35,6,0.17142857142857143,0.08571428571428572,3.268533068783069,14.39077943121693,18.29500925925926,3.742857142857143,7041.759999999999,659.42,0.08102640053701589,0.3268228229904496,True,True,0.06850149692735963
ec8879960bd2221d5c32f8e12f7da711,SP,itatiba,35,6,0.17142857142857143,0.0,2.0139007936507936,14.081410383597882,16.495119378306878,4.294117647058823,3957.5,798.76,0.08102640053701589,0.3268228229904496,True,True,0.06850149692735963
1ca7077d890b907f89be8c954a02686a,SP,santana de parnaiba,106,18,0.16981132075471697,0.5188679245283019,5.383425925925926,9.86651194531796,15.569002664220825,2.3904761904761904,12324.64,1464.87,0.11019962137211899,0.25251823806319285,True,True,0.06850149692735963
6973a06f484aacf400ece213dbf3d946,SP,sao jose dos campos,77,13,0.16883116883116883,0.2987012987012987,6.340975228475228,8.851545965608466,15.485954936267436,3.8552631578947367,9155.17,1089.72,0.10140668708276009,0.2677288932991118,True,True,0.06850149692735963
3c03b12bab54d8b37d79d914bfdb1aa0,RJ,sao joao de meriti,36,6,0.16666666666666666,0.0,1.4277514146090535,12.00930652006173,13.765113811728396,3.8,4068.66,673.96,0.07870447595018114,0.31890794311279463,True,True,0.06850149692735963
c60b801f2d52c7f7f91de00870882a75,SP,guarulhos,36,6,0.16666666666666666,0.4166666666666667,7.292691936728395,8.755448173868313,16.493489261831275,3.5833333333333335,10627.5,622.75,0.07870447595018114,0.31890794311279463,True,True,0.06850149692735963
abe42c5d03695b4257b5c6cbf4e6784e,RJ,rio de janeiro,49,8,0.16326530612244897,0.0,1.6645476662887377,12.416795162509448,14.357426303854876,3.9583333333333335,17000.0,947.55,0.08512698370728837,0.2903633843391683,True,True,0.06850149692735963
b17b679f4f5ce2e03ce6968c62648246,SP,ribeirao preto,50,8,0.16,0.18,3.9485194444444445,14.62440185185185,19.22530671296296,3.98,3424.18,980.18,0.08337420678033404,0.2851421606303499,True,True,0.06850149692735963
e5a3438891c0bfdb9394643f95273d8e,SP,limeira,213,34,0.1596244131455399,0.1784037558685446,3.377090777690836,11.84160488393323,15.781793981481481,4.018867924528302,7478.5599999999995,3265.72,0.11653409589998884,0.21477459023138293,True,True,0.06850149692735963
8b9d6eec4a7eb7d0f9d579ce0b38324d,RJ,mesquita,44,7,0.1590909090909091,0.22727272727272727,2.0631885228251505,8.471015888047138,10.813396201599327,4.2727272727272725,3859.5899999999997,1609.84,0.0792667701220125,0.29366205062240613,True,True,0.06850149692735963
05f51e13da97139648b8125c31e5f51b,MG,belo horizonte,57,9,0.15789473684210525,0.19298245614035087,4.991830531189084,7.338907366796621,12.507035209551658,4.228070175438597,13100.31,1888.65,0.0853579597035527,0.2736317694063802,True,True,0.06850149692735963
cd68562d3f44870c08922d380acae552,SP,ribeirao preto,122,19,0.1557377049180328,0.14754098360655737,3.3155583067698844,12.5805293715847,16.261454823163326,4.016528925619835,18119.7,2160.16,0.10202734884743364,0.2304660854531982,True,True,0.06850149692735963
2c9e548be18521d1c43cde1c582c6de8,SP,mogi das cruzes,123,19,0.15447154471544716,0.024390243902439025,1.6037503794778385,11.717907068654021,13.741263926528154,4.12396694214876,5923.66,2434.18,0.10117791843878993,0.22869418497057037,True,True,0.06850149692735963
0bf0150d5b9d60d9cd2906003332f085,SP,sao paulo,39,6,0.15384615384615385,0.28205128205128205,5.220763584307992,8.587070868945869,14.152253383190883,3.789473684210526,5774.6,1097.74,0.07247472376982099,0.29729463648926696,True,True,0.06850149692735963
834f8533b2ecb6598dd004ff3de7203a,SP,sao paulo,40,6,0.15,0.475,7.076693865740741,7.269738425925927,14.758698495370371,3.925,4260.43,910.49,0.07061187717320358,0.2907232436648971,True,True,0.06850149692735963
891071be6ba827b591264c90c2ae8a63,SP,sao paulo,82,12,0.14634146341463414,0.18292682926829268,3.4149391289437583,10.064427506775067,14.048966943315266,3.9634146341463414,3630.4,1149.7,0.08574162210230579,0.23859418489800904,True,True,0.06850149692735963
b561927807645834b59ef0d16ba55a24,SP,sao paulo,82,12,0.14634146341463414,0.0975609756097561,3.521746132565492,8.729893151535682,12.594193343495935,4.329268292682927,4382.69,1222.21,0.08574162210230579,0.23859418489800904,True,True,0.06850149692735963
11bfa66332777660bd0640ee84d47006,SP,ribeirao preto,76,11,0.14473684210526316,0.039473684210526314,2.1002275219298245,13.91176093445419,16.52767665692008,3.8947368421052633,3925.87,1682.6699999999998,0.08278516269157667,0.24087448985470516,True,True,0.06850149692735963
8160255418d5aaa7dbdc9f4c64ebda44,SP,ibitinga,355,51,0.14366197183098592,0.2535211267605634,3.7515634535458755,12.352999804381845,16.41058437663015,4.0256410256410255,42466.490000000005,7186.61,0.11098641315436114,0.18396684884756653,True,True,0.06850149692735963
900ba814c251a692506d7834c1218441,SP,salto,84,12,0.14285714285714285,0.17857142857142858,3.45419353505291,8.461913442460318,12.575861717372133,4.2439024390243905,28092.25,2215.4700000000003,0.08365020540566916,0.23330102917623075,True,True,0.06850149692735963
8e6d7754bc7e0f22c96d255ebda59eba,SP,sao jose dos campos,77,11,0.14285714285714285,0.38961038961038963,5.130333844396344,10.203671536796536,15.717781385281386,3.655844155844156,13154.12,1546.05,0.0816833163991473,0.23797270165973414,True,True,0.06850149692735963
50c9975695009e5e6473912e83a6d1da,MG,claudio,49,7,0.14285714285714285,0.08163265306122448,3.2816822562358277,12.923838340891914,16.590937027588815,3.9583333333333335,3739.4,2695.25,0.0709642372040676,0.26667706223914406,True,True,0.06850149692735963
f7ba60f8c3f99e7ee4042fdef03b70c4,SP,sao bernardo do campo,213,30,0.14084507042253522,0.009389671361502348,2.1201924258381606,10.810229851330204,13.450500402103982,4.258215962441315,67237.0,4286.06,0.10047228580295067,0.19394308645980715,True,True,0.06850149692735963
431af27f296bc6519d890aa5a05fdb11,SP,ribeirao preto,114,16,0.14035087719298245,0.2631578947368421,4.448592125568551,12.567431063190384,17.4038632025666,3.84070796460177,12747.0,2067.73,0.0882740658274536,0.21587575698855527,True,True,0.06850149692735963
adbc26658d6c7b4b6219f9d934598091,PR,curitiba,86,12,0.13953488372093023,0.2441860465116279,3.1853505689424364,13.87849779285099,17.32984751830319,4.116279069767442,11537.4,1849.27,0.08165847155571476,0.22823697299912266,True,True,0.06850149692735963
7ad32824caee82087b3e2e5f33b1bf32,SP,ibitinga,140,19,0.1357142857142857,0.03571428571428571,1.6152282475490196,10.534074156746032,12.392402033730159,3.927007299270073,21296.2,3347.7,0.08863473719289164,0.20225120879053785,True,True,0.06850149692735963
b499c00f28f4b7069ff6550af8c1348a,SP,limeira,141,19,0.1347517730496454,0.19148936170212766,3.096050724637681,8.106531389545573,11.564651546493302,4.26241134751773,9777.25,2421.64,0.08799312362640585,0.20088451652834835,True,True,0.06850149692735963
6fd52c528dcb38be2eea044946b811f8,SP,sao paulo,67,9,0.13432835820895522,0.2835820895522388,13.856695515478165,7.391035793255942,21.561034238529572,3.393939393939394,7743.0199999999995,1138.56,0.07231091664295486,0.23600372261337027,True,True,0.06850149692735963
440dd6ab244315c632130ecfb63827b1,SP,votuporanga,90,12,0.13333333333333333,0.1,2.6228272890946505,13.737921167695474,16.73436059670782,3.922222222222222,12862.0,2033.61,0.07794682040686314,0.21873930500697653,True,True,0.06850149692735963
dd7ddc04e1b6c2c614352b383efe2d36,SP,sao paulo,114,15,0.13157894736842105,0.37719298245614036,6.918447742543428,8.330147214100064,15.551793778427552,3.920353982300885,8796.12,2746.36,0.08138650983774753,0.2057913574371884,True,True,0.06850149692735963
855668e0971d4dfd7bef1b6a4133b41b,SP,itatiba,296,38,0.12837837837837837,0.1858108108108108,5.928820034958427,10.004416330392893,16.325950325325323,3.8835616438356166,30623.23,7507.18,0.09497853643853232,0.17130038020867988,True,True,0.06850149692735963
2e90cb1677d35cfe24eef47d441b7c87,SP,sao paulo,126,16,0.12698412698412698,0.05555555555555555,1.928628005525687,10.221852862286891,12.499014182833628,4.111111111111111,13879.91,2883.36,0.07969646065163147,0.196343712850961,True,True,0.06850149692735963
8f2ce03f928b567e3d56181ae20ae952,SP,pirituba,151,19,0.12582781456953643,0.052980132450331126,3.110088348765432,10.793648286117243,14.380811871474123,4.1466666666666665,21213.2,3756.6,0.08205370246915465,0.18816758800025635,True,True,0.06850149692735963
b2479f944e1b90cf8a5de1bbfde284d6,SP,ibitinga,98,12,0.12244897959183673,0.12244897959183673,2.5077757700302343,12.756375543272863,15.662102347883598,3.484536082474227,4531.57,2142.78,0.07145200242109419,0.201928398283032,True,True,0.06850149692735963
b1fc4f64df5a0e8b6913ab38803c57a9,RJ,sao goncalo,99,12,0.12121212121212122,0.41414141414141414,4.843755494762439,11.147496960344183,16.293792789001124,3.979381443298969,7314.22,1974.22,0.07071551497720938,0.20000661537720535,True,True,0.06850149692735963
c31eff8334d6b3047ed34bebd4d62c36,SP,salto,116,14,0.1206896551724138,0.27586206896551724,5.0013011272141705,7.285143877713921,12.949507403416346,3.8956521739130436,12512.64,2282.9,0.07326996536571831,0.19242655680642143,True,True,0.06850149692735963
7aa4334be125fcdd2ba64b3180029f14,SP,laranjal paulista,211,25,0.11848341232227488,0.36492890995260663,5.005654456292786,10.713010246621028,16.169862647007196,4.1380952380952385,15665.21,4215.52,0.08155513391185207,0.16905505611497143,True,True,0.06850149692735963
7e1fb0a3ebfb01ffb3a7dae98bf3238d,SP,franca,154,18,0.11688311688311688,0.012987012987012988,1.2152314063251564,13.976464721620971,15.593530092592594,4.184210526315789,26073.53,2879.1,0.07522597613265466,0.17718843462081865,True,True,0.06850149692735963
7d13fca15225358621be4086e1eb0964,SP,ribeirao preto,548,64,0.11678832116788321,0.15145985401459855,3.5444037956091528,11.981130056265208,15.825820428663151,4.0752293577981655,110331.6,8343.44,0.09252727680431835,0.14638456411181044,True,True,0.06850149692735963
b33e7c55446eabf8fe1a42d037ac7d6d,SP,pradopolis,146,17,0.11643835616438356,0.00684931506849315,2.1296328671328673,13.881214960679857,16.40544782153729,4.219178082191781,43666.38,2629.66,0.07398186903449244,0.1785614465373122,True,True,0.06850149692735963
1835b56ce799e6a4dc4eddc053f04066,SP,ibitinga,375,43,0.11466666666666667,0.02666666666666667,1.705619212962963,11.573026419753088,13.616035000000002,3.7661290322580645,28868.77,7787.4,0.08625270038271887,0.15089520602742973,True,True,0.06850149692735963
59b22a78efb79a4797979612b885db36,MG,uberlandia,123,14,0.11382113821138211,0.04878048780487805,1.7806070066915656,10.570967611412225,12.777658649503161,4.0,27117.7,4858.01,0.06902284440685469,0.18201068293301853,True,True,0.06850149692735963
2eb70248d66e0e3ef83659f71b244378,SP,campinas,185,21,0.11351351351351352,0.32432432432432434,10.879053741241242,6.9009263638638645,18.153328265765765,2.7774725274725274,38850.92,3002.0,0.07545368763448693,0.16729734334659027,True,True,0.06850149692735963
c3867b4666c7d76867627c2f7fb22e21,SP,guara,221,25,0.11312217194570136,0.04524886877828054,2.5994665975364506,12.762840780542986,15.685632227249876,4.1,33961.9,4584.81,0.07780626782099087,0.16165783770072004,True,True,0.06850149692735963
0dd184061fb0eaa7ca37932c68ab91c5,SP,guarulhos,156,17,0.10897435897435898,0.09615384615384616,2.6995886221486387,8.964155982905982,11.890873249050331,4.064516129032258,17816.92,5178.3,0.06915919829493856,0.16758450449586026,True,True,0.06850149692735963
a416b6a846a11724393025641d4edd5e,SP,sao paulo,157,17,0.10828025477707007,0.12101910828025478,3.012266353046595,9.220809595423448,12.49271017633876,4.2165605095541405,24930.24,2935.56,0.06871130462116902,0.16656049096034048,True,True,0.06850149692735963
897060da8b9a21f655304d50fd935913,SP,ribeirao preto,298,32,0.10738255033557047,0.06711409395973154,2.779871238425926,11.788465386527468,15.040890737633609,3.7355932203389832,20378.61,6044.0199999999995,0.07709692568432622,0.1476616581290215,True,True,0.06850149692735963
4869f7a5dfa277a7dca6462dcf3b52b2,SP,guariba,1111,118,0.10621062106210621,0.0558055805580558,2.388957617194082,12.36482263851385,15.131861738257157,4.1776971894832275,224323.74,19800.33,0.08943066561921376,0.12570437167515106,True,True,0.06850149692735963
4a3ca9315b744ce9f8e9374361493884,SP,ibitinga,1673,168,0.100418410041841,0.09025702331141662,2.3999628554595005,11.888020660379446,14.657581841779018,3.909365558912387,186461.42,33235.15,0.08691907711306754,0.11574853766531543,True,True,0.06850149692735963
77530e9772f57a62c906e1c21538ab82,PR,curitiba,297,29,0.09764309764309764,0.016835016835016835,2.011215914152985,12.783974038221723,15.223952409901484,4.2087542087542085,44104.0,7960.95,0.0688475964330916,0.13671402749704806,True,True,0.06850149692735963
fa1c13f2614d7b5c4749cbc52fecda94,SP,sumare,566,53,0.09363957597173145,0.0812720848056537,2.3852509844141294,10.727901002813768,13.451414265966497,4.387900355871886,188786.35,9750.77,0.07230315638473676,0.12045477149228133,True,True,0.06850149692735963
7c67e1448b00f6e969d365cea6b010ab,SP,itaquaquecetuba,963,89,0.09241952232606439,0.29906542056074764,11.44704644773278,10.515206157936234,22.47414504490212,3.508359456635319,184660.71,50239.23,0.07571168861585237,0.11236615720025017,True,True,0.06850149692735963
1f50f920176fa81dab994f9023523100,SP,sao jose do rio preto,1364,124,0.09090909090909091,0.1092375366568915,3.491168665669726,11.905890974598131,15.906661473607038,4.181751287711553,103410.09999999999,33807.9,0.07677989972031182,0.1073360716129618,True,True,0.06850149692735963
620c87c171fb2a6dd6e8bb4dec959fc6,RJ,petropolis,717,63,0.08786610878661087,0.07531380753138076,2.401792420932168,10.235387836406838,12.938447572834342,4.317862165963432,111909.9,13688.18,0.06927948601102175,0.11084536284702866,True,True,0.06850149692735963
8b321bb669392f5163d04c59e235e066,SP,sao paulo,917,80,0.08724100327153762,0.04798255179934569,2.0510946004706363,10.268894114261482,12.70107808019306,4.122672508214677,17020.79,13668.8,0.07065563359419463,0.10727017247292475,True,True,0.06850149692735963
ea8482cd71df3c1969d7b9473ff13abc,SP,sao paulo,1116,96,0.08602150537634409,0.07795698924731183,2.9745532978705396,9.978271999037569,13.379729150073011,4.054054054054054,36054.95,17033.03,0.07095773769089268,0.1039254632105411,True,True,0.06850149692735963
1352e06ae67b410cdae0b2a22361167b,RJ,rio de janeiro,2,2,1.0,1.0,17.90325810185185,16.39626736111111,34.307094907407404,3.0,178.0,36.1,0.34238022750665303,1.0,False,False,0.06850149692735963
685b870da5b52a710782c9c0fefbeb5b,SP,sao bernardo do campo,2,2,1.0,1.0,6.765306712962963,31.343680555555558,39.61394675925926,2.0,627.0,43.98,0.34238022750665303,1.0,False,False,0.06850149692735963
8c3b533c63cca56240f94f1e3a6b18ef,MG,belo horizonte,2,2,1.0,1.0,32.460966435185185,24.637141203703703,57.62215856481482,1.0,1799.6,596.64,0.34238022750665303,1.0,False,False,0.06850149692735963
be1e9e378700cecaa4ebf71433d7915c,SP,ribeirao preto,2,2,1.0,0.5,4.223229166666667,43.250983796296296,48.17583912037037,3.0,119.89000000000001,37.62,0.34238022750665303,1.0,False,False,0.06850149692735963
d8dd176509baa37f359644d082bf7f7b,SP,sao caetano do sul,2,2,1.0,0.5,8.19353587962963,21.383663194444445,30.358559027777776,1.5,198.0,31.9,0.34238022750665303,1.0,False,False,0.06850149692735963
e5bd51692380fd8cabb19b756b95e714,SP,santo andre,2,2,1.0,1.0,22.251614583333332,8.767355324074074,33.66361689814815,3.0,79.8,25.95,0.34238022750665303,1.0,False,False,0.06850149692735963
13d95f0f6f73943d4ceffad0fc2cd32c,GO,goiania,1,1,1.0,0.0,2.085162037037037,19.259247685185183,22.338900462962965,3.0,249.99,59.33,0.20654931437723745,1.0,False,False,0.06850149692735963
154bdf805377afea75a3bd158e9eab10,SP,ibitinga,1,1,1.0,0.0,,23.18517361111111,24.920844907407407,1.0,89.9,19.82,0.20654931437723745,1.0,False,False,0.06850149692735963
19484c79cef6c062cb177aa4ef2fcc3c,SP,valinhos,1,1,1.0,1.0,19.179675925925928,1.7048495370370371,21.42582175925926,1.0,201.9,10.16,0.20654931437723745,1.0,False,False,0.06850149692735963
1b4b28463457a256e9a784ebe2a8f630,SP,piracicaba,1,1,1.0,1.0,11.65599537037037,1.030138888888889,14.144814814814815,1.0,699.42,15.92,0.20654931437723745,1.0,False,False,0.06850149692735963
1f2eebc0e970fd3c463e4f5d9652687a,SP,sao paulo,1,1,1.0,1.0,6.572071759259259,4.824537037037037,11.451400462962964,5.0,44.99,8.48,0.20654931437723745,1.0,False,False,0.06850149692735963
20d53aad4fe5ee93a64f8839609d3586,MG,santa rita do sapucai,1,1,1.0,0.0,1.3453587962962963,37.92055555555555,39.27744212962963,1.0,14.5,12.48,0.20654931437723745,1.0,False,False,0.06850149692735963
20f0aeea30bc3b8c4420be8ced4226c0,SP,santa barbara d'oeste,1,1,1.0,1.0,38.59829861111111,6.111909722222222,44.71587962962963,,14.9,14.52,0.20654931437723745,1.0,False,False,0.06850149692735963
271b8923c6a549e02d3c9fd1f8c0422b,SP,praia grande,1,1,1.0,1.0,7.378483796296297,5.468541666666667,14.175335648148149,4.0,105.19,13.4,0.20654931437723745,1.0,False,False,0.06850149692735963
2a50b7ee5aebecc6fd0ff9784a4747d6,DF,brasilia,1,1,1.0,0.0,3.7829050925925927,35.94525462962963,39.73696759259259,1.0,199.8,64.44,0.20654931437723745,1.0,False,False,0.06850149692735963
324583d68897f5ddbaf38f6248322176,SP,sao jose do rio preto,1,1,1.0,0.0,2.242048611111111,31.212245370370372,33.468900462962964,1.0,56.0,30.2,0.20654931437723745,1.0,False,False,0.06850149692735963
391bbd13b6452244774beff1824006ed,SP,campinas,1,1,1.0,1.0,14.27576388888889,29.28266203703704,44.565300925925925,1.0,63.9,17.7,0.20654931437723745,1.0,False,False,0.06850149692735963
3da38366e7bd9baf6369071f782ecdf0,CE,fortaleza,1,1,1.0,1.0,22.50747685185185,30.298738425925926,53.34842592592592,1.0,59.47,26.96,0.20654931437723745,1.0,False,False,0.06850149692735963
4e42581f08e8cfc7c090f930bac4552a,SP,portoferreira,1,1,1.0,1.0,30.599074074074075,13.10761574074074,47.10233796296296,1.0,98.0,53.8,0.20654931437723745,1.0,False,False,0.06850149692735963
51a04a8a6bdcb23deccc82b0b80742cf,SP,braganca paulista,1,1,1.0,1.0,13.353726851851851,21.953310185185185,35.314861111111114,1.0,167.99,31.93,0.20654931437723745,1.0,False,False,0.06850149692735963
586a871d4f1221763fddb6ceefdeb95e,RS,porto alegre,1,1,1.0,1.0,48.215069444444445,19.187106481481482,68.62114583333333,1.0,198.0,41.48,0.20654931437723745,1.0,False,False,0.06850149692735963
5ca5d579b5857ee8709479b1047cecc3,SP,sao paulo,1,1,1.0,1.0,12.85462962962963,4.924085648148148,17.78358796296296,1.0,169.99,8.05,0.20654931437723745,1.0,False,False,0.06850149692735963
63704069d9bd3a75c1cf59babe56004a,SP,jundiai,1,1,1.0,1.0,7.295578703703704,10.357337962962964,18.27550925925926,1.0,59.3,7.39,0.20654931437723745,1.0,False,False,0.06850149692735963
6524b847b982cd56bb5d4b02b776ee42,SP,campinas,1,1,1.0,0.0,5.443599537037037,35.048229166666665,42.330416666666665,4.0,779.8,55.14,0.20654931437723745,1.0,False,False,0.06850149692735963
6d04126aba80df143fd038e711b8fd96,RJ,rio de janeiro,1,1,1.0,1.0,32.87363425925926,4.195914351851852,37.079166666666666,1.0,89.99,18.87,0.20654931437723745,1.0,False,False,0.06850149692735963
781a66c0d89e30814d49fe8b5e14cd07,SP,campinas,1,1,1.0,1.0,14.122997685185185,18.99335648148148,33.1228587962963,1.0,115.0,21.3,0.20654931437723745,1.0,False,False,0.06850149692735963
791cfcfe22fe4a771ece27f90017da92,SP,ribeirao preto,1,1,1.0,0.0,5.7728472222222225,20.916597222222222,28.20550925925926,1.0,298.13,17.85,0.20654931437723745,1.0,False,False,0.06850149692735963
7c462184585ae80bd6e5774c62ce50f2,SP,campinas,1,1,1.0,1.0,14.015810185185185,1.905925925925926,16.04199074074074,3.0,60.0,17.64,0.20654931437723745,1.0,False,False,0.06850149692735963
80ceebb4ee9b31afb6c6a916a574a1e2,PR,londrina,1,1,1.0,1.0,7.442210648148148,12.01099537037037,20.866354166666667,,6729.0,193.21,0.20654931437723745,1.0,False,False,0.06850149692735963
8629a7efec1aab257e58cda559f03ba7,GO,goiania,1,1,1.0,1.0,25.272222222222222,33.945023148148145,59.22667824074074,1.0,45.22,18.89,0.20654931437723745,1.0,False,False,0.06850149692735963
8e670472e453ba34a379331513d6aab1,MG,juiz de fora,1,1,1.0,1.0,61.15050925925926,24.845300925925926,86.00116898148148,1.0,975.0,108.96,0.20654931437723745,1.0,False,False,0.06850149692735963
984c273121e743dd14767befe6cb17f5,SP,americana,1,1,1.0,0.0,2.082037037037037,31.75490740740741,33.85025462962963,1.0,259.6,21.31,0.20654931437723745,1.0,False,False,0.06850149692735963
9b1f656ca3060f8af17a50d8a024b533,SP,santos,1,1,1.0,0.0,0.35388888888888886,25.048506944444444,26.01560185185185,5.0,28.5,19.39,0.20654931437723745,1.0,False,False,0.06850149692735963
9bf11dfc0bec77e5a23028043c3c5a8f,MG,contagem,1,1,1.0,0.0,2.732650462962963,28.69015046296296,31.544166666666666,1.0,115.0,17.06,0.20654931437723745,1.0,False,False,0.06850149692735963
9c57bc60cfad5ee62d35d3f1ce4593a1,PR,curitiba,1,1,1.0,1.0,22.69537037037037,8.960416666666667,37.03043981481481,1.0,180.0,15.43,0.20654931437723745,1.0,False,False,0.06850149692735963
9da15f4a4ea758d9eeb49000dbe57e22,SP,osasco,1,1,1.0,1.0,20.50616898148148,1.3936921296296296,22.51039351851852,2.0,196.9,37.71,0.20654931437723745,1.0,False,False,0.06850149692735963
9ef932e837d8b7f392c0bfee9d359dc2,SP,ibitinga,1,1,1.0,0.0,1.4083912037037036,35.049537037037034,36.47038194444445,3.0,59.9,19.66,0.20654931437723745,1.0,False,False,0.06850149692735963
bc8c8d665ec4664d286be0d521722b19,SP,sao paulo,1,1,1.0,1.0,6.865081018518518,1.160925925925926,8.033923611111112,2.0,22.5,8.32,0.20654931437723745,1.0,False,False,0.06850149692735963
bcd2d7510d58e293f20fad6438c1b314,PR,curitiba,1,1,1.0,1.0,22.040520833333332,11.151747685185185,33.19689814814815,,23.9,15.56,0.20654931437723745,1.0,False,False,0.06850149692735963
c004e5ea15737026cecaee0447e00b75,SP,sao paulo,1,1,1.0,1.0,24.51787037037037,9.305300925925925,33.83170138888889,1.0,2350.0,105.12,0.20654931437723745,1.0,False,False,0.06850149692735963
c13ef0cfbe42f190780f621ce81f2234,SP,sao paulo sp,1,1,1.0,1.0,19.03224537037037,9.019189814814816,28.063055555555554,3.0,390.0,61.28,0.20654931437723745,1.0,False,False,0.06850149692735963
c611f4ce9ce875bcc063fa97fd4d7d12,SP,atibaia,1,1,1.0,0.0,0.8810416666666666,3.1519097222222223,4.072800925925926,4.0,319.0,13.25,0.20654931437723745,1.0,False,False,0.06850149692735963
c7b7db6c8f3c64a7cc1afa634db21d50,SP,sao paulo,1,1,1.0,0.0,1.3740046296296295,31.82582175925926,33.21452546296296,1.0,1489.0,22.86,0.20654931437723745,1.0,False,False,0.06850149692735963
ca5832c6960267b71041f74bb39e8b12,SC,xanxere,1,1,1.0,1.0,29.950081018518517,15.201296296296297,45.16071759259259,1.0,79.9,17.81,0.20654931437723745,1.0,False,False,0.06850149692735963
d1a5cc844736958c11b8efab9a2b4c87,PR,curitiba,1,1,1.0,1.0,22.38795138888889,7.891203703703703,30.294270833333332,1.0,237.6,16.41,0.20654931437723745,1.0,False,False,0.06850149692735963
d1aa1ec0839dcab73a6161130eb1f94a,PR,curitiba,1,1,1.0,1.0,13.413842592592593,19.82383101851852,35.02212962962963,4.0,119.9,16.14,0.20654931437723745,1.0,False,False,0.06850149692735963
da2782c804606d2a5d8e1760dbb3e7ec,SP,sao paulo,1,1,1.0,1.0,8.881585648148148,23.888912037037038,32.77846064814815,1.0,89.0,14.37,0.20654931437723745,1.0,False,False,0.06850149692735963
df683dfda87bf71ac3fc63063fba369d,RS,farroupilha,1,1,1.0,0.0,3.462997685185185,186.40016203703703,189.86315972222224,1.0,39.9,16.05,0.20654931437723745,1.0,False,False,0.06850149692735963
ebe3dabc4955c9b0d695e7bda38bf5c3,SP,ribeirao preto,1,1,1.0,1.0,8.148368055555556,15.277523148148148,23.45189814814815,3.0,55.0,11.89,0.20654931437723745,1.0,False,False,0.06850149692735963
edf3fabebcc20f7463cc9c53da932ea8,SP,sao paulo,1,1,1.0,0.0,1.619675925925926,19.446863425925926,21.082037037037036,4.0,219.9,24.12,0.20654931437723745,1.0,False,False,0.06850149692735963
efb628aa07c8ca93d7db0d85b91a4f5a,RJ,nova iguacu,1,1,1.0,1.0,6.3583796296296295,19.216469907407408,25.588310185185186,4.0,204.0,58.1,0.20654931437723745,1.0,False,False,0.06850149692735963
f524ad65d7e0f1daab730ef2d2e86196,RS,soledade,1,1,1.0,1.0,6.7927430555555555,18.090069444444445,24.899224537037036,1.0,578.0,31.5,0.20654931437723745,1.0,False,False,0.06850149692735963
f5fea3ffed6c2e889bab72705557c63a,RJ,rio de janeiro,1,1,1.0,1.0,19.899398148148148,7.250439814814815,28.703055555555554,5.0,345.0,123.8,0.20654931437723745,1.0,False,False,0.06850149692735963
633ecdf879b94b5337cca303328e4a25,SP,sao paulo,6,4,0.6666666666666666,0.8333333333333334,15.002309027777777,10.617146990740741,25.722860725308646,1.8,1037.6000000000001,87.89,0.299993315138392,0.9032285888942195,False,False,0.06850149692735963
17eea220a40cc0d2c0c5346379682398,SP,sao paulo,3,2,0.6666666666666666,0.0,3.9530208333333334,20.717596450617282,25.364583333333332,3.6666666666666665,875.98,76.0,0.2076596008020477,0.9385080552796037,False,False,0.06850149692735963
44f091b5abab8018f682fce8124b85e5,SP,sao paulo,3,2,0.6666666666666666,0.6666666666666666,10.893541666666666,3.7590046296296293,15.188487654320987,3.6666666666666665,354.4,34.78,0.2076596008020477,0.9385080552796037,False,False,0.06850149692735963
4e85b538b0dad58852641540686d0e14,SP,sao jose dos campos,3,2,0.6666666666666666,0.6666666666666666,7.151319444444444,12.010559413580246,19.51230324074074,4.0,32.08,34.339999999999996,0.2076596008020477,0.9385080552796037,False,False,0.06850149692735963
8d92f3ea807b89465643c219455e7369,SP,sao paulo,3,2,0.6666666666666666,1.0,35.725833333333334,8.190374228395061,45.54934027777778,1.0,121.2,131.57,0.2076596008020477,0.9385080552796037,False,False,0.06850149692735963
bcc9dd23e2a8bd8267cf92b19304a1b9,SP,ibitinga,3,2,0.6666666666666666,0.0,3.4530439814814815,19.087295524691356,22.54966049382716,2.3333333333333335,202.79000000000002,43.43,0.2076596008020477,0.9385080552796037,False,False,0.06850149692735963
fcf16b7a8697e559f0123190bb30177d,SP,sao paulo,3,2,0.6666666666666666,0.0,1.8951929012345679,13.67383487654321,15.578668981481483,3.3333333333333335,1052.8000000000002,499.77000000000004,0.2076596008020477,0.9385080552796037,False,False,0.06850149692735963
b1b3948701c5c72445495bd161b83a4c,SP,sao paulo,14,9,0.6428571428571429,0.7142857142857143,15.004295634920636,7.746499669312169,23.403023313492064,1.9285714285714286,21519.5,404.75,0.38764423103907397,0.8365526824644587,False,False,0.06850149692735963
973f21788dfab357250f69a8dcb7ddee,MG,claudio,8,5,0.625,1.0,13.055425347222222,11.693874421296297,25.691666666666666,2.25,699.0,397.5,0.30574239460262737,0.8631557141764026,False,False,0.06850149692735963
427165bf50f8ca07efc7bdc2bfcf1688,SP,americana,5,3,0.6,0.0,1.1142662037037039,37.30824768518518,38.565872685185184,3.2,1603.5,89.4,0.2307242812760128,0.882379225767352,False,False,0.06850149692735963
6219ba2359cfb97f2e38fd4c321eb309,SP,sao paulo,5,3,0.6,0.8,18.712962962962962,8.184986111111112,23.707979166666668,4.0,342.6,82.55,0.2307242812760128,0.882379225767352,False,False,0.06850149692735963
312ba1d77e9c332ef21f9598b7f64cd7,SP,guarulhos,7,4,0.5714285714285714,0.5714285714285714,10.78635582010582,14.638070436507936,25.699447751322754,3.142857142857143,513.0,102.41,0.2504583645276572,0.8417801447485302,False,False,0.06850149692735963
08cdbae123ff67ca4e36d9d641ce0119,MG,uba,4,2,0.5,1.0,10.167352430555555,13.480008680555555,24.25667534722222,3.25,3098.99,1096.47,0.15003898915214947,0.8499610108478506,False,False,0.06850149692735963
700f03c207639c22d933381ff60b35c2,SP,barretos,4,2,0.5,1.0,19.234137731481482,10.517063078703703,29.76735821759259,4.0,1189.8600000000001,136.45,0.15003898915214947,0.8499610108478506,False,False,0.06850149692735963
dd4d95ba2d15c071e6c695e2ef6ce169,ES,cachoeiro de itapemirim,4,2,0.5,0.0,3.6986805555555557,10.089513888888888,14.406846064814815,4.25,1748.0,214.41,0.15003898915214947,0.8499610108478506,False,False,0.06850149692735963
eebb3372362aa9a46975164bed19a7e7,SP,sao paulo,4,2,0.5,0.75,7.906883680555556,44.667881944444446,52.582190393518516,3.25,295.96,58.65,0.15003898915214947,0.8499610108478506,False,False,0.06850149692735963
038b75b729c8a9a04b0d07cba7eabe86,SP,sao jose dos campos,2,1,0.5,0.0,1.6829166666666666,17.715804398148148,22.549861111111113,3.5,467.0,90.85,0.09453120573423074,0.9054687942657693,False,False,0.06850149692735963
244b04680fdbded0acf5aebd9c92b44a,SP,jundiai,2,1,0.5,1.0,37.72530671296296,0.2763425925925926,38.01493055555555,1.0,1701.8000000000002,86.99,0.09453120573423074,0.9054687942657693,False,False,0.06850149692735963
253c025bab43881055aeecde5e2d8b77,PR,curitiba,2,1,0.5,0.0,2.89646412037037,13.367083333333333,16.56265625,4.5,94.82,29.509999999999998,0.09453120573423074,0.9054687942657693,False,False,0.06850149692735963
26f6b7ab07be3e9e69ce82a6552efc19,RJ,rio de janeiro,2,1,0.5,0.5,6.3621585648148145,3.8615046296296294,10.984780092592594,3.0,54.8,25.95,0.09453120573423074,0.9054687942657693,False,False,0.06850149692735963
3442f8959a84dea7ee197c632cb2df15,SP,campinas,2,1,0.5,1.0,7.271493055555555,11.141510416666666,18.422476851851854,3.0,207.9,25.48,0.09453120573423074,0.9054687942657693,False,False,0.06850149692735963
4342d4b2ba6b161468c63a7e7cfce593,RJ,rio de janeiro,2,1,0.5,0.5,3.770399305555556,11.884351851851852,15.676087962962963,1.0,528.9,34.54,0.09453120573423074,0.9054687942657693,False,False,0.06850149692735963
4b98b0428fc1932cc2514ef9ce2505e6,SP,taboao da serra,2,1,0.5,0.0,1.847800925925926,20.71563078703704,22.573813657407406,2.0,327.63,35.8,0.09453120573423074,0.9054687942657693,False,False,0.06850149692735963
528bcf6680c36dddf07620bd35b33a6f,SP,sao paulo,2,1,0.5,0.0,3.3812094907407406,16.630746527777777,21.278836805555557,4.5,969.98,43.86,0.09453120573423074,0.9054687942657693,False,False,0.06850149692735963
553a440137d6e0cf776aee0bb83ac9f5,SP,limeira,2,1,0.5,0.5,6.44880787037037,16.53875,23.00158564814815,1.0,144.8,30.34,0.09453120573423074,0.9054687942657693,False,False,0.06850149692735963
559d56f3b8f0bc2e5a9a62fe2ce2a39f,SC,joinville,2,1,0.5,0.5,5.885607638888889,6.401568287037037,12.295746527777778,2.5,385.0,48.72,0.09453120573423074,0.9054687942657693,False,False,0.06850149692735963
5659d77e8d90378e39b960ad5956f64e,SP,taubate,2,1,0.5,0.0,2.8372106481481483,17.451707175925925,20.48904513888889,2.5,182.48000000000002,30.65,0.09453120573423074,0.9054687942657693,False,False,0.06850149692735963
6f1a1263039c76e68f40a8e536b1da6a,SP,sao paulop,2,1,0.5,0.5,17.83322337962963,33.1433275462963,51.000538194444445,2.0,178.69,74.5,0.09453120573423074,0.9054687942657693,False,False,0.06850149692735963
7c4adcc13272c0e26fa23aac642adb7b,RJ,sao goncalo,2,1,0.5,0.0,1.839212962962963,14.274143518518517,17.025104166666665,3.0,135.0,30.630000000000003,0.09453120573423074,0.9054687942657693,False,False,0.06850149692735963
85ecf03781da592876b7844acc1b729f,SP,sao paulo,2,1,0.5,0.0,0.7849768518518518,13.26398726851852,15.553564814814814,4.5,251.0,43.9,0.09453120573423074,0.9054687942657693,False,False,0.06850149692735963
88ae906ea2acf6971f26c3e8b7cb4357,SP,sao paulo,2,1,0.5,0.0,3.775173611111111,8.249155092592591,12.034236111111111,3.5,164.0,22.89,0.09453120573423074,0.9054687942657693,False,False,0.06850149692735963
8a207b6080964f3c1fc9d35bd6096ba4,SP,jaci,2,1,0.5,0.0,1.834675925925926,19.85509837962963,22.713935185185186,5.0,553.7,176.34,0.09453120573423074,0.9054687942657693,False,False,0.06850149692735963
8ccf3cf69651cc1d8a02c8bfaf3b8568,SP,rio claro,2,1,0.5,0.0,2.6232060185185184,23.076637731481483,25.706637731481482,3.5,250.0,38.629999999999995,0.09453120573423074,0.9054687942657693,False,False,0.06850149692735963
8e29d051f810eb22959ede205b462b9f,SP,mirassol,2,1,0.5,0.0,1.0016898148148148,30.743547453703705,31.752569444444443,4.0,599.8,213.48000000000002,0.09453120573423074,0.9054687942657693,False,False,0.06850149692735963
8e4f041ff58e7845456d3482524014b3,RS,porto alegre,2,1,0.5,0.0,1.6396296296296295,22.432019675925925,24.080474537037034,3.0,133.8,48.59,0.09453120573423074,0.9054687942657693,False,False,0.06850149692735963
92c8bc6e8f925792247656fed09aad65,SP,sao paulo,2,1,0.5,0.0,1.0535358796296297,12.35,13.436047453703704,3.0,134.8,26.44,0.09453120573423074,0.9054687942657693,False,False,0.06850149692735963
9dd459b29a14bf89d47183cf2cd0e4c7,SP,sao paulo,2,1,0.5,0.0,2.2847743055555556,3.0055092592592594,6.62347800925926,5.0,180.0,18.82,0.09453120573423074,0.9054687942657693,False,False,0.06850149692735963
a154d7316f158bb42e6fa18bbe3afd3a,SP,sao paulo,2,1,0.5,0.0,4.8040625,42.67618055555556,47.48453125,3.0,139.8,50.33,0.09453120573423074,0.9054687942657693,False,False,0.06850149692735963
b43d8b707f887a30f4675391098354a0,SP,ipira,2,1,0.5,0.0,3.6229050925925925,31.854403935185186,33.970931712962965,4.0,729.0,92.50999999999999,0.09453120573423074,0.9054687942657693,False,False,0.06850149692735963
c1f12f926d0ba950578b4fa41115cbb6,SP,sao paulo,2,1,0.5,0.0,3.8848148148148143,32.16816550925926,36.750966435185184,4.0,479.6,76.96,0.09453120573423074,0.9054687942657693,False,False,0.06850149692735963
e09887ca8c7bf8a4621ce481820414ef,SP,sao paulo,2,1,0.5,1.0,53.35664930555556,3.0444618055555557,57.878368055555555,3.0,79.97,44.599999999999994,0.09453120573423074,0.9054687942657693,False,False,0.06850149692735963
e4f121bf6ef8b9a1d4d3e65dd0473fab,SP,sao jose do rio preto,2,1,0.5,0.0,0.8812384259259259,19.72320023148148,21.336834490740742,3.0,70.0,36.46,0.09453120573423074,0.9054687942657693,False,False,0.06850149692735963
e88165a185134e13fdfc85d4fa654db8,SP,ferraz de  vasconcelos,2,1,0.5,0.0,0.4021180555555556,7.769519675925927,9.153582175925926,3.0,108.0,41.22,0.09453120573423074,0.9054687942657693,False,False,0.06850149692735963
ec2e006556300a79a5a91e4876ab3a56,SP,sao paulo,2,1,0.5,1.0,10.667534722222221,1.8008969907407408,13.50111689814815,1.5,77.4,48.33,0.09453120573423074,0.9054687942657693,False,False,0.06850149692735963
ec8463980a4e0ea9f8517aea1ed0c419,SC,florianopolis,2,1,0.5,0.5,5.1303935185185185,5.504172453703704,11.225914351851852,5.0,239.2,118.75999999999999,0.09453120573423074,0.9054687942657693,False,False,0.06850149692735963
f682e0f848abafc6f41e0d4e868c66ef,SP,mairipora,2,1,0.5,0.0,3.583107638888889,15.164033564814815,19.699797453703702,3.5,269.98,34.02,0.09453120573423074,0.9054687942657693,False,False,0.06850149692735963
95b293867b5862941c9cd74f756a3c68,SP,sao paulo,9,4,0.4444444444444444,0.4444444444444444,12.051233281893003,9.081340020576132,21.46414480452675,3.5555555555555554,648.1,98.12,0.18877852109766452,0.733348706504507,False,False,0.06850149692735963
5acd070dd3fe441bbb2ec1f1ede515ee,SP,jundiai,7,3,0.42857142857142855,0.0,1.3477496693121693,24.618892195767195,26.1123082010582,3.0,764.17,122.2,0.15821985525146975,0.7495416354723428,False,False,0.06850149692735963
26e2c91ef821e1ff8985f408788fe35b,SP,ibitinga,12,5,0.4166666666666667,0.08333333333333333,2.5191078317901234,23.29642939814815,26.224134837962964,3.0,1649.4,274.47,0.19326031365875665,0.6804886874504503,False,False,0.06850149692735963
0873d9f8f36123f8d910f4760e788cfb,SP,barueri,5,2,0.4,0.0,4.969664351851852,8.871131944444445,14.047976851851852,3.6,5875.59,145.97,0.11762077423264783,0.769275718723987,False,False,0.06850149692735963
397c4d0c005b6f41f90098ac724e28cb,SP,santo andre,5,2,0.4,0.0,4.223030092592593,11.251083333333334,16.082599537037037,4.4,8177.0,445.37,0.11762077423264783,0.769275718723987,False,False,0.06850149692735963
6ee85be3693ed79a8e80718743d80655,SP,sao paulo,5,2,0.4,0.6,16.923074074074073,11.040458333333333,29.121037037037034,3.2,147.5,88.97,0.11762077423264783,0.769275718723987,False,False,0.06850149692735963
fa74b2f3287d296e9fbd2cc80f2d1cf1,SP,presidente prudente,5,2,0.4,0.4,17.978805555555557,12.049861111111111,30.38007407407407,3.2,1274.49,76.18,0.11762077423264783,0.769275718723987,False,False,0.06850149692735963
538caafddff204241cecbf3a02e6b3cf,SP,sao paulo,8,3,0.375,0.75,12.945228587962964,3.9790538194444443,17.311448206018518,2.75,128.4,90.41,0.13684428582359742,0.6942576053973727,False,False,0.06850149692735963
c990d6cf976a5718aaedc539f383ab88,SP,paulinia,8,3,0.375,0.375,12.762429108796297,6.653512731481482,19.757588252314815,3.625,183.1,115.35,0.13684428582359742,0.6942576053973727,False,False,0.06850149692735963
cb41bfbcbda0aea354a834ab222f9a59,SP,sao paulo,11,4,0.36363636363636365,0.36363636363636365,7.146143728956229,29.948929924242428,37.56390677609427,3.272727272727273,3792.0,858.66,0.15166471095367573,0.6461988254921511,False,False,0.06850149692735963
821fb029fc6e495ca4f08a35d51e53a5,SP,sao paulo,24,8,0.3333333333333333,0.0,1.7202178945249595,14.679323398919754,16.792825520833333,3.4782608695652173,17851.62,1365.55,0.1797219032729775,0.5329368316186824,False,False,0.06850149692735963
b19f3ca2ea475913750f25a5c37c8d8f,MG,divinopolis,18,6,0.3333333333333333,0.5555555555555556,11.777206790123456,6.514893261316872,18.72626093106996,3.388888888888889,4104.26,962.49,0.1627877475083369,0.5625053270405489,False,False,0.06850149692735963
02d35243ea2e497335cd0f076b45675d,RN,natal,12,4,0.3333333333333333,1.0,11.134494598765434,17.23660300925926,28.907052469135802,2.6666666666666665,5286.0,499.39,0.13812009109121315,0.6093779111272004,False,False,0.06850149692735963
13fa2a6c6b9d0f43cb588d7c82117a12,SP,sao paulo,9,3,0.3333333333333333,0.1111111111111111,4.831885288065844,15.934135802469136,21.192283950617284,4.111111111111111,4528.0,191.44,0.1205838183869109,0.6457978644196036,False,False,0.06850149692735963
b0b346d3a89f5eb4c2968af3f083cd43,SP,campinas,9,3,0.3333333333333333,0.2222222222222222,4.284673353909465,18.85800925925926,23.350222479423866,3.7777777777777777,469.0,160.70000000000002,0.1205838183869109,0.6457978644196036,False,False,0.06850149692735963
c37b2059d4f90d4feead554e5246565e,SP,sao paulo,9,3,0.3333333333333333,0.4444444444444444,6.679728652263375,11.747193930041153,19.146512345679014,4.111111111111111,692.3,207.88,0.1205838183869109,0.6457978644196036,False,False,0.06850149692735963
d3dcf0604eabf0224fbd5948b5e02f69,SP,sao paulo,9,3,0.3333333333333333,0.0,1.7452456275720165,15.72568930041152,17.632256944444446,3.888888888888889,2902.2999999999997,165.10999999999999,0.1205838183869109,0.6457978644196036,False,False,0.06850149692735963
e504a4e2efaa45cbff7e268a2c58c956,SP,sao pedro,9,3,0.3333333333333333,0.4444444444444444,7.834417438271605,5.6101864711934155,13.511487911522634,4.111111111111111,989.0,203.58999999999997,0.1205838183869109,0.6457978644196036,False,False,0.06850149692735963
31be790e64fc99f8ff48ec2bd18a3104,SP,sao bernardo do campo,6,2,0.3333333333333333,0.0,3.7067341820987654,2.415704089506173,6.493200231481481,4.333333333333333,241.39999999999998,72.28,0.09677141110578041,0.700006684861608,False,False,0.06850149692735963
714b9a1332840f257b49f476bea4e341,SP,monte alto,6,2,0.3333333333333333,0.0,1.6301909722222223,29.638221450617284,32.30243055555556,3.3333333333333335,1499.94,158.15,0.09677141110578041,0.700006684861608,False,False,0.06850149692735963
76c47a299e4a8fe992316a85865acbe9,SP,ribeirao preto,6,2,0.3333333333333333,0.0,1.5373495370370371,18.582895447530863,20.242797067901233,4.666666666666667,1024.46,221.88,0.09677141110578041,0.700006684861608,False,False,0.06850149692735963
8a40ae794fa3f9892cee24bd5af0488b,PR,curitiba,6,2,0.3333333333333333,0.16666666666666666,5.797710648148149,21.81204861111111,27.80233024691358,3.1666666666666665,739.85,206.41,0.09677141110578041,0.700006684861608,False,False,0.06850149692735963
8bd0e3abda539b9479c4b44a691be1ec,RS,tres de maio,6,2,0.3333333333333333,0.3333333333333333,14.037447916666666,9.567779706790123,23.688628472222224,2.5,425.75,212.27,0.09677141110578041,0.700006684861608,False,False,0.06850149692735963
ab3e0c171fe84a7ba7de130f19cfb485,PR,colorado,6,2,0.3333333333333333,0.5,7.848587962962963,12.564427083333333,20.710918209876542,4.0,623.45,112.88,0.09677141110578041,0.700006684861608,False,False,0.06850149692735963
c522be04e020c1e7b79f3acff36513d5,SP,santana de parnaiba,6,2,0.3333333333333333,0.0,3.1576666666666666,12.441957947530865,15.649359567901236,4.0,649.94,90.48,0.09677141110578041,0.700006684861608,False,False,0.06850149692735963
042573af89b6d931f672efaf789d8358,SP,sorocaba,3,1,0.3333333333333333,0.0,1.9013618827160494,17.834344135802468,20.024783950617284,3.6666666666666665,413.48,65.09,0.06149194472039621,0.7923403991979522,False,False,0.06850149692735963
081acf3de680d554796c9cf041be7bc2,MG,vespasiano,3,1,0.3333333333333333,0.3333333333333333,4.149436728395062,11.849355709876543,16.00961033950617,4.0,997.4,189.79,0.06149194472039621,0.7923403991979522,False,False,0.06850149692735963
0dfbed20065e425d2eaefb101f9816c0,SP,porto ferreira,3,1,0.3333333333333333,0.0,3.0908371913580246,18.464483024691358,21.56864197530864,2.6666666666666665,84.35,49.25,0.06149194472039621,0.7923403991979522,False,False,0.06850149692735963
1099a00e0ee3a50935e6c2447ca090c5,RJ,rio de janeiro,3,1,0.3333333333333333,0.3333333333333333,11.15207175925926,3.8784760802469136,15.039498456790126,3.6666666666666665,849.6999999999999,61.129999999999995,0.06149194472039621,0.7923403991979522,False,False,0.06850149692735963
12c2ed9cded6138cf0c75f525f565fc7,SP,praia grande,3,1,0.3333333333333333,0.0,3.0537692901234568,12.087299382716049,15.601917438271606,4.333333333333333,214.97,37.76,0.06149194472039621,0.7923403991979522,False,False,0.06850149692735963
191d55f7edb8524d525ed01b20fe32e8,DF,brasilia,3,1,0.3333333333333333,0.6666666666666666,6.480868055555555,16.035239197530867,22.529178240740745,2.3333333333333335,747.0,65.8,0.06149194472039621,0.7923403991979522,False,False,0.06850149692735963
1ca4bdb0cd7fc48e949bac066188ed26,MG,cataguases,3,1,0.3333333333333333,0.3333333333333333,4.543059413580247,9.74664351851852,14.298279320987655,5.0,1140.0,363.45,0.06149194472039621,0.7923403991979522,False,False,0.06850149692735963
1d0997ff06b524ce9289ffd75114ecd3,PE,recife,3,1,0.3333333333333333,0.6666666666666666,4.608016975308642,12.339591049382717,17.01238425925926,3.6666666666666665,3747.0,126.57,0.06149194472039621,0.7923403991979522,False,False,0.06850149692735963
327b89b872c14d1c0be7235ef4871685,AM,manaus,3,1,0.3333333333333333,0.3333333333333333,3.4279012345679014,44.41079861111111,47.8408024691358,2.3333333333333335,1177.0,81.8,0.06149194472039621,0.7923403991979522,False,False,0.06850149692735963
3d3ccf2b2f8134b10dce9dd446f0e075,SP,ibitinga,3,1,0.3333333333333333,0.0,2.3002854938271606,13.791369598765433,16.772862654320985,3.3333333333333335,608.6,141.93,0.06149194472039621,0.7923403991979522,False,False,0.06850149692735963
3d700782d7818f2c1e0d7a9e9d75fc00,SP,sertanopolis,3,1,0.3333333333333333,0.0,1.582831790123457,23.804726080246912,25.728460648148147,3.6666666666666665,149.7,85.41,0.06149194472039621,0.7923403991979522,False,False,0.06850149692735963
47648caee88ccfe951fbb27fbf7b4cbe,SP,diadema,3,1,0.3333333333333333,0.0,2.5886574074074074,10.813942901234569,13.720875771604938,3.6666666666666665,1564.99,68.0,0.06149194472039621,0.7923403991979522,False,False,0.06850149692735963
48bad451945f5227341793478d6353ea,SP,sao paulo,3,1,0.3333333333333333,0.6666666666666666,10.607673611111112,11.293773148148148,22.083051697530863,4.0,307.0,77.49000000000001,0.06149194472039621,0.7923403991979522,False,False,0.06850149692735963
4fb41dff7c50136976d1a5cf004a42e2,BA,feira de santana,3,1,0.3333333333333333,0.0,2.1660648148148147,64.26762345679013,66.75465663580248,4.0,1230.0,66.77,0.06149194472039621,0.7923403991979522,False,False,0.06850149692735963
52956b80ae65fda598f06f6b9943e7a9,PR,maringa,3,1,0.3333333333333333,0.6666666666666666,14.566570216049383,11.031161265432099,25.609182098765434,4.0,792.0,66.85,0.06149194472039621,0.7923403991979522,False,False,0.06850149692735963
578fa3a9cb6b6dceab39231ad59cdaca,CE,fortaleza,3,1,0.3333333333333333,0.0,3.4239699074074075,18.769467592592594,22.39690200617284,3.6666666666666665,150.0,37.2,0.06149194472039621,0.7923403991979522,False,False,0.06850149692735963
5b97c06a046398e7005b2b7c0d707a92,MG,joao pinheiro,3,1,0.3333333333333333,0.6666666666666666,6.680158179012345,19.201485339506174,26.17675925925926,4.0,1139.97,198.44,0.06149194472039621,0.7923403991979522,False,False,0.06850149692735963
5e49e3a44bdeb5aab2684258bbd4f525,SC,balenario camboriu,3,1,0.3333333333333333,0.0,2.15960262345679,14.484564043209877,16.658904320987656,4.666666666666667,507.0,52.769999999999996,0.06149194472039621,0.7923403991979522,False,False,0.06850149692735963
60da8bfa7eebe230b7d66ac4082d79b3,SP,fernando prestes,3,1,0.3333333333333333,0.0,2.3631558641975308,5.275366512345679,7.781188271604939,4.333333333333333,86.6,38.67,0.06149194472039621,0.7923403991979522,False,False,0.06850149692735963
62760d278921b5f352461620d68a9cee,SP,salto,3,1,0.3333333333333333,0.0,2.95880787037037,15.723306327160493,19.679513888888888,3.6666666666666665,397.0,53.1,0.06149194472039621,0.7923403991979522,False,False,0.06850149692735963
79a679c36c08d606b3fd47ead9de109b,SP,sao paulo,3,1,0.3333333333333333,0.3333333333333333,5.422226080246912,6.033591820987655,11.681172839506175,2.0,935.0,137.22,0.06149194472039621,0.7923403991979522,False,False,0.06850149692735963
8759e7aedd644f487315e5860962f162,SP,santo andre,3,1,0.3333333333333333,0.0,3.040347222222222,28.566238425925928,32.80336033950618,3.6666666666666665,627.0,166.34,0.06149194472039621,0.7923403991979522,False,False,0.06850149692735963
8fbe2ee446b97e128471be4ce983dc0d,SP,sorocaba,3,1,0.3333333333333333,0.3333333333333333,3.65412037037037,4.265277777777778,8.099621913580247,3.0,148.5,40.0,0.06149194472039621,0.7923403991979522,False,False,0.06850149692735963
8fec2e460530482132c436cfb5439925,SP,laranjal paulista,3,1,0.3333333333333333,0.0,1.8618904320987655,19.417642746913582,21.85567901234568,4.333333333333333,468.46,80.15,0.06149194472039621,0.7923403991979522,False,False,0.06850149692735963
9b522ba7eae9e1d04082f267144583cc,SP,sao paulo,3,1,0.3333333333333333,0.3333333333333333,38.63280864197531,1.1952854938271604,40.17655092592592,4.666666666666667,1478.6,132.95,0.06149194472039621,0.7923403991979522,False,False,0.06850149692735963
9cad4b68bb993ee401a3c5aaa2bc26dd,SP,birigui,3,1,0.3333333333333333,0.0,1.6706018518518517,23.269972993827157,24.94938271604938,2.0,299.70000000000005,67.36,0.06149194472039621,0.7923403991979522,False,False,0.06850149692735963
9e9b539eb2806acee3f5c28085c1db9f,MG,contagem,3,1,0.3333333333333333,0.3333333333333333,6.05963348765432,17.96244598765432,24.787878086419752,3.6666666666666665,967.0,72.47,0.06149194472039621,0.7923403991979522,False,False,0.06850149692735963
a435b009cd956ea60748b5cfbddf2e24,SP,franca,3,1,0.3333333333333333,0.3333333333333333,8.912391975308642,21.489849537037035,30.40936342592593,4.333333333333333,361.18,45.209999999999994,0.06149194472039621,0.7923403991979522,False,False,0.06850149692735963
aa762680c40618316a896838866140ea,PR,curitiba,3,1,0.3333333333333333,0.0,1.581454475308642,19.779548611111114,22.5642862654321,3.3333333333333335,261.0,62.46,0.06149194472039621,0.7923403991979522,False,False,0.06850149692735963
ab91571efab27993ff2f6b36e38055c3,SP,sao paulo,3,1,0.3333333333333333,0.3333333333333333,8.426905864197531,4.072249228395062,12.996577932098766,4.666666666666667,102.24,56.69,0.06149194472039621,0.7923403991979522,False,False,0.06850149692735963
b56828a9f9027f3c918c04ca720d9e3c,SP,praia grande,3,1,0.3333333333333333,0.6666666666666666,10.645524691358025,5.744891975308641,16.972858796296297,2.6666666666666665,360.0,111.61000000000001,0.06149194472039621,0.7923403991979522,False,False,0.06850149692735963
d7b2377bae6ace1b11fc69a11900ac36,SP,sao paulo,3,1,0.3333333333333333,0.3333333333333333,3.140821759259259,16.394864969135803,19.543175154320988,3.6666666666666665,239.70000000000002,42.52,0.06149194472039621,0.7923403991979522,False,False,0.06850149692735963
d8d9567d0bfb0bc7eb845a205ba42657,SP,sao paulo,3,1,0.3333333333333333,0.0,1.258641975308642,14.429822530864199,16.208337191358023,4.333333333333333,54.699999999999996,51.010000000000005,0.06149194472039621,0.7923403991979522,False,False,0.06850149692735963
e82de6494d91d3c4c54450f59b227a94,SP,ibitinga,3,1,0.3333333333333333,0.3333333333333333,2.1672608024691358,15.918344907407407,18.68153549382716,5.0,118.9,38.8,0.06149194472039621,0.7923403991979522,False,False,0.06850149692735963
e9729944ba65dc3ce425e0c5a22ae7b2,RJ,petropolis,3,1,0.3333333333333333,0.0,2.5395717592592595,8.798973765432098,11.488726851851851,3.6666666666666665,467.70000000000005,51.26,0.06149194472039621,0.7923403991979522,False,False,0.06850149692735963
ebef8d8c92b4fd3226e5d407bbff21ac,SP,ribeirao preto,3,1,0.3333333333333333,0.0,1.167704475308642,38.93477237654321,40.11726851851852,2.6666666666666665,253.70000000000002,48.36,0.06149194472039621,0.7923403991979522,False,False,0.06850149692735963
f44bdc12aa39f5271f0b95f66cd4c289,SP,braganca paulista,3,1,0.3333333333333333,0.0,2.6064506172839508,11.119293981481482,14.512503858024692,4.333333333333333,296.9,38.79,0.06149194472039621,0.7923403991979522,False,False,0.06850149692735963
f6122bc84774df1b372bdb3bb88ddb9f,SP,barueri,3,1,0.3333333333333333,0.0,1.8791589506172839,12.41360725308642,15.619992283950618,3.6666666666666665,4799.87,74.49000000000001,0.06149194472039621,0.7923403991979522,False,False,0.06850149692735963
7f152321c60a266edc53af1925ef96c1,SC,criciuma,19,6,0.3157894736842105,0.15789473684210525,3.721624634502924,20.440015838206627,24.430933235867446,3.9473684210526314,3669.8100000000004,550.6,0.1536437908779228,0.5398959232467253,False,False,0.06850149692735963
02dcd3e8e25bee036e32512bcf175493,MG,contagem,13,4,0.3076923076923077,0.0,3.397654914529914,12.876326566951567,17.089043803418804,4.076923076923077,1341.9,281.59,0.12680703655710515,0.5763065681945096,False,False,0.06850149692735963
f76a3b1349b6df1ee875d1f3fa4340f0,SP,sao paulo,23,7,0.30434782608695654,0.391304347826087,8.422101449275363,8.445553039452495,17.373979468599035,3.391304347826087,4060.89,539.2,0.15604024453214022,0.508657562687592,False,False,0.06850149692735963
054694fa03fe82cec4b7551487331d74,SP,itajobi,20,6,0.3,0.6,9.458726273148148,20.38290740740741,30.79312268518519,3.4,8286.1,660.24,0.1454772448676043,0.5189728183535235,False,False,0.06850149692735963
822bad9bc42b51213ba522fe87b7ab5d,SC,balneario camboriu,17,5,0.29411764705882354,0.35294117647058826,5.468457924836602,21.44476988017429,27.299243600217864,4.235294117647059,4881.0,516.24,0.1327998961029523,0.5313311006653985,False,False,0.06850149692735963
c4d51195486dc781531876a7d00453d8,SP,presidente prudente,17,5,0.29411764705882354,0.23529411764705882,5.470421432461873,17.72001429738562,23.733787445533768,3.9411764705882355,11468.98,569.37,0.1327998961029523,0.5313311006653985,False,False,0.06850149692735963
3a1a1fec38dd360f15fc912e821e169d,SP,sao paulo,14,4,0.2857142857142857,0.21428571428571427,3.169731316137566,11.620848214285715,15.23598544973545,3.7857142857142856,1934.56,337.27,0.11721378644576919,0.5464908432989318,False,False,0.06850149692735963
5bc55dbe2f12b6af6d83ed46023e0dc8,MG,coronel fabriciano,14,4,0.2857142857142857,0.14285714285714285,3.834522982804233,12.080612599206349,16.260857308201057,2.5,2392.5,360.95,0.11721378644576919,0.5464908432989318,False,False,0.06850149692735963
20b54c376b794ed028df09a3cd88e8dc,SP,sao caetano do sul,7,2,0.2857142857142857,0.5714285714285714,10.1404083994709,10.848506944444443,21.161888227513227,3.7142857142857144,927.87,114.2,0.08221892400405678,0.6410655481673808,False,False,0.06850149692735963
2bf28e311bba65237358230cabac3f15,PR,londrina,7,2,0.2857142857142857,0.14285714285714285,3.446510416666667,7.402541335978836,11.378096891534392,3.7142857142857144,294.0,183.88,0.08221892400405678,0.6410655481673808,False,False,0.06850149692735963
5b35136197710e16ac5e7b7c2bd4ea85,RJ,rio de janeiro,7,2,0.2857142857142857,0.0,2.6025396825396823,15.484775132275132,18.389627976190475,2.5714285714285716,3104.2000000000003,246.08999999999997,0.08221892400405678,0.6410655481673808,False,False,0.06850149692735963
656591be56071d4c9ef4e5fee78a578a,SP,santo andre,7,2,0.2857142857142857,0.42857142857142855,5.853364748677249,7.968811177248677,14.808503637566137,4.571428571428571,1702.0,319.2,0.08221892400405678,0.6410655481673808,False,False,0.06850149692735963
79565f7d5603b24ddf07ade262547f2f,SP,araraquara,7,2,0.2857142857142857,0.0,0.4473296957671957,12.141526124338624,13.240676256613757,4.428571428571429,346.0,98.11,0.08221892400405678,0.6410655481673808,False,False,0.06850149692735963
7daca0837f033a41a6f3428c18657533,SP,tanabi,7,2,0.2857142857142857,0.2857142857142857,4.144135251322751,8.993373015873017,14.333244047619049,3.5714285714285716,1228.98,168.16,0.08221892400405678,0.6410655481673808,False,False,0.06850149692735963
b5abf4f36adc043117b4fca82c22984c,DF,brasilia,7,2,0.2857142857142857,0.5714285714285714,14.243275462962965,7.0606696428571425,21.767319775132275,3.142857142857143,753.1999999999999,147.39,0.08221892400405678,0.6410655481673808,False,False,0.06850149692735963
c42fd8e4d47dfb18ce5222f2dd7752f9,SP,osasco,7,2,0.2857142857142857,0.8571428571428571,13.96883597883598,12.163108465608465,26.340785383597883,3.8,466.99,161.64000000000001,0.08221892400405678,0.6410655481673808,False,False,0.06850149692735963
1dfe5347016252a7884b694d4f10f5c4,SP,ibitinga,18,5,0.2777777777777778,0.0,2.200509259259259,16.954556970164607,19.561316229423866,3.4444444444444446,1496.7,383.27,0.12499753379553993,0.5087265656029746,False,False,0.06850149692735963
91f0eec23d4a61d7d7caeefa3f0ad1ca,SC,tubarao,11,3,0.2727272727272727,0.0,1.3557859848484848,24.361045875420874,26.144559132996633,3.5454545454545454,2190.8,354.46,0.09746059290024889,0.5656453011761291,False,False,0.06850149692735963
eb4df17aed01d918c65f0f8d650900c0,SP,paulinia,11,3,0.2727272727272727,0.2727272727272727,5.743147095959596,6.876405723905723,12.899521254208754,3.909090909090909,3739.87,185.59,0.09746059290024889,0.5656453011761291,False,False,0.06850149692735963
0725b8c0f3f906e58f70cbe76b7c748c,SP,guarulhos,15,4,0.26666666666666666,0.4,5.043497685185185,7.72429475308642,13.480991512345678,3.8333333333333335,2124.8,637.17,0.10897453325692374,0.5195043405598057,False,False,0.06850149692735963
5b0cc932433fa5184b5b94bfe6bcc256,SP,ibitinga,12,3,0.25,0.5,5.641873070987654,5.944019097222221,11.838533950617284,3.5833333333333335,1437.8,556.29,0.08894166839405471,0.5323053349335657,False,False,0.06850149692735963
e64d65bc8dbec2accda90c58de5d1246,SP,rio claro,12,3,0.25,0.4166666666666667,3.9165895061728393,9.117290702160494,13.493086419753086,3.0833333333333335,1678.8000000000002,221.16,0.08894166839405471,0.5323053349335657,False,False,0.06850149692735963
0aea4c6ae1505b3228ddf3dd7822ee5b,SP,sorocaba,8,2,0.25,0.0,1.1645211226851853,16.71137008101852,18.434872685185184,3.875,1427.91,151.75,0.071479212752109,0.5907245696898311,False,False,0.06850149692735963
1976a05ecf2996d6ffb7b5430e635fe7,SP,assis,8,2,0.25,0.375,7.25384837962963,10.084308449074074,17.625846354166665,3.875,1796.2,394.46000000000004,0.071479212752109,0.5907245696898311,False,False,0.06850149692735963
2dcf93836ae3ce0d7c93e2f10876467a,SP,sao jose dos campos,8,2,0.25,0.25,1.8016304976851851,4.246653645833334,6.458812210648148,4.0,1279.0,151.76,0.071479212752109,0.5907245696898311,False,False,0.06850149692735963
3e8bd881d92466e63ba9e3e809cd3c50,RJ,rio de janeiro,8,2,0.25,0.0,0.8964988425925926,12.50201244212963,13.973683449074073,4.571428571428571,1862.38,187.43,0.071479212752109,0.5907245696898311,False,False,0.06850149692735963
4091f77d8c768fc3e81c20761471761d,SP,sao paulo,8,2,0.25,0.0,1.7748394097222222,15.730674189814815,18.032364004629628,2.75,1079.0,230.87,0.071479212752109,0.5907245696898311,False,False,0.06850149692735963
579891617139df7d8671d373f0669622,RJ,rio de janeiro,8,2,0.25,0.125,10.137895171957672,8.667954282407408,18.420879629629628,4.5,280.3,128.2,0.071479212752109,0.5907245696898311,False,False,0.06850149692735963
e1b12447a7563944843191754aeb5562,SP,guarulhos,8,2,0.25,0.0,1.495513599537037,11.404214409722222,13.478388310185185,4.875,442.96000000000004,113.2,0.071479212752109,0.5907245696898311,False,False,0.06850149692735963
f22a247b79dd22ecd91dc8e3b2a1b07c,SP,itaquaquecetuba,8,2,0.25,0.0,0.5045688657407408,17.418900462962963,18.033972800925923,4.0,439.94,134.9,0.071479212752109,0.5907245696898311,False,False,0.06850149692735963
0692610d8abe24f287e9fae90ea0bbee,SP,sao paulo,4,1,0.25,0.75,4.496623263888889,1.9158072916666669,6.603399884259259,4.0,173.99,31.73,0.04558726080970055,0.6993581574175981,False,False,0.06850149692735963
08061dc0fc165ed41288cc7acde738ee,SP,osasco,4,1,0.25,0.25,7.404311342592592,11.42568576388889,20.068133680555555,4.5,123.80000000000001,58.42,0.04558726080970055,0.6993581574175981,False,False,0.06850149692735963
09883d9ab71c8fe8a9bfc7fc3075b07e,SP,sao paulo,4,1,0.25,0.0,1.7451765046296295,12.02410011574074,14.43830150462963,4.0,269.6,60.49,0.04558726080970055,0.6993581574175981,False,False,0.06850149692735963
0d83f8e03188682112cc0d93523705cc,RS,porto alegre,4,1,0.25,0.25,2.8013020833333333,13.637560763888889,16.91439814814815,3.75,696.26,124.31,0.04558726080970055,0.6993581574175981,False,False,0.06850149692735963
1d1bbb8ac1581824986f582583fff01d,SC,indaial,4,1,0.25,0.25,3.512974537037037,5.639273726851852,9.16330439814815,3.5,166.88,59.589999999999996,0.04558726080970055,0.6993581574175981,False,False,0.06850149692735963
1d2732ef8321502ee8488e8bed1ab8cd,RJ,rio de janeiro,4,1,0.25,0.5,4.126044560185185,7.247526041666667,12.174519675925927,3.0,1148.0,80.17999999999999,0.04558726080970055,0.6993581574175981,False,False,0.06850149692735963
2b5ed0c9139dae8883a200dfcb272ece,SP,sao paulo,4,1,0.25,0.0,2.9966435185185185,13.465720486111111,16.871241319444444,4.25,85.41,59.34,0.04558726080970055,0.6993581574175981,False,False,0.06850149692735963
32f1bb9dfa65bc7df5c0d9d95a616be4,SP,sao paulo,4,1,0.25,0.0,2.4814814814814814,3.364872685185185,6.589253472222222,4.0,246.49,48.31,0.04558726080970055,0.6993581574175981,False,False,0.06850149692735963
3903c788ded8dc03b5ebab37a2f3e9a1,SP,carapicuiba,4,1,0.25,0.25,4.7515653935185185,4.915008680555555,10.325960648148149,4.25,107.97999999999999,43.7,0.04558726080970055,0.6993581574175981,False,False,0.06850149692735963
4170f6a9367e6b5d6401d03ce6d54569,DF,brasilia df,4,1,0.25,0.25,15.06605613425926,8.864212962962963,24.803373842592592,4.0,568.78,93.03,0.04558726080970055,0.6993581574175981,False,False,0.06850149692735963
4dc646b9b9e8e411ef48ba000ea3ac6f,SP,valinhos,4,1,0.25,0.0,2.1411197916666667,9.251773726851852,11.460755208333333,2.75,289.70000000000005,63.56,0.04558726080970055,0.6993581574175981,False,False,0.06850149692735963
4deebb3199eeafb282ae33229144f94b,SP,sao paulo,4,1,0.25,0.25,5.376791087962963,4.409820601851852,10.159623842592593,4.0,779.7,141.79,0.04558726080970055,0.6993581574175981,False,False,0.06850149692735963
55c96925041a14097b6a7825554f4ad5,SP,sao paulo,4,1,0.25,0.25,4.520558449074073,6.0465740740740745,11.270914351851852,4.5,104.0,39.76,0.04558726080970055,0.6993581574175981,False,False,0.06850149692735963
6bd503a8230299c9316fb0f726933927,GO,morrinhos,4,1,0.25,0.25,2.0540239197530865,7.0655700231481475,9.820989583333333,4.75,324.28999999999996,129.6,0.04558726080970055,0.6993581574175981,False,False,0.06850149692735963
72146da5774cabf2632faedcae097a76,PR,marechal candido rondon,4,1,0.25,0.25,3.5472395833333334,31.639887152777778,35.939108796296296,4.0,200.94,110.49,0.04558726080970055,0.6993581574175981,False,False,0.06850149692735963
74636e24f01da9268b0ed88dacd8513e,SP,sao paulo,4,1,0.25,0.0,0.7324999999999999,12.382497106481482,13.129348958333333,4.0,776.0,272.61,0.04558726080970055,0.6993581574175981,False,False,0.06850149692735963
7a91bf945c6fae0779f1c61ce97fe45c,RJ,mesquita,4,1,0.25,0.5,6.568735532407407,37.27149594907407,43.84916666666667,4.5,634.6,65.17,0.04558726080970055,0.6993581574175981,False,False,0.06850149692735963
8d899e15a5925f097cca50faa49b15e3,SP,sao roque,4,1,0.25,0.25,3.094192708333333,2.833185763888889,6.067864583333333,3.75,645.0,150.98000000000002,0.04558726080970055,0.6993581574175981,False,False,0.06850149692735963
9485a23c0430ba1d58d359391606fce6,SP,santo andre,4,1,0.25,0.0,0.694140625,12.713784722222222,13.413342013888888,3.75,830.9,54.96,0.04558726080970055,0.6993581574175981,False,False,0.06850149692735963
9853a239ab7b7ebbdc3a21248d5b8e1f,PR,campo largo,4,1,0.25,0.25,5.701684027777778,12.047514467592594,17.958078703703706,3.75,242.0,68.2,0.04558726080970055,0.6993581574175981,False,False,0.06850149692735963
a13aaf2d2886ab9fb30fb9a920160b8f,SC,joinville,4,1,0.25,0.0,0.3051736111111111,8.512751736111111,9.351059027777778,4.5,1011.52,74.31,0.04558726080970055,0.6993581574175981,False,False,0.06850149692735963
aeb36d67f1414f234d42a29e27cf1f17,SP,santo andre,4,1,0.25,0.5,9.221498842592592,10.215842013888889,19.47006076388889,4.5,3263.8,284.3,0.04558726080970055,0.6993581574175981,False,False,0.06850149692735963
bd4ff04377f974574f7f0bf9d6ce7dde,SP,santa maria da serra,4,1,0.25,0.5,17.332708333333333,4.288480902777778,21.992728587962965,3.5,164.96,50.14,0.04558726080970055,0.6993581574175981,False,False,0.06850149692735963
bdb3edbaee43a761e2d4f258dc08f348,SP,lencois paulista,4,1,0.25,0.0,2.3930121527777777,10.318434606481482,13.099615162037036,3.75,169.6,51.769999999999996,0.04558726080970055,0.6993581574175981,False,False,0.06850149692735963
c8660dcf9ba70575f45d80fe28c27713,SP,sao paulo,4,1,0.25,0.0,2.032841435185185,12.555500578703702,14.991455439814814,4.5,335.0,103.99,0.04558726080970055,0.6993581574175981,False,False,0.06850149692735963
d5c530f4884a75ae0dba9c148718d278,MG,centro,4,1,0.25,0.0,2.367601273148148,9.24035011574074,11.618726851851852,4.75,120.85,79.61,0.04558726080970055,0.6993581574175981,False,False,0.06850149692735963
e5f9e61ceb5f523cc966e0f34095032f,SC,brusque,4,1,0.25,0.75,6.177118055555556,13.220419560185185,20.252138310185185,4.0,2238.0,115.44,0.04558726080970055,0.6993581574175981,False,False,0.06850149692735963
e819bcfade7b5d88a27325eb6cfd62c5,SP,guarulhos,4,1,0.25,1.0,8.046877893518518,3.1755063657407407,11.285570023148148,5.0,131.29999999999998,73.03,0.04558726080970055,0.6993581574175981,False,False,0.06850149692735963
f9d010e39375d9c91dce3f40b73a2f84,SP,lorena,4,1,0.25,0.0,2.8736689814814813,14.022818287037037,17.3491087962963,3.5,1212.0,138.14,0.04558726080970055,0.6993581574175981,False,False,0.06850149692735963
fce62094ffe6a4009188ec44e681dfdd,SP,sao paulo,4,1,0.25,0.0,1.6264351851851853,10.850072337962963,13.50243923611111,4.0,2969.7,482.93,0.04558726080970055,0.6993581574175981,False,False,0.06850149692735963
4e5725ba188db8252977a4f0227bd462,SP,ribeirao preto,21,5,0.23809523809523808,0.047619047619047616,2.8369135802469136,17.77622905643739,20.972906746031747,3.5238095238095237,1865.09,364.27,0.10628013022636468,0.4509117368295075,False,False,0.06850149692735963
0417b067eeab773d2f7061a726dc477f,SC,sao bento do sul,13,3,0.23076923076923078,0.15384615384615385,1.3102012108262109,15.760128205128204,17.55735933048433,3.923076923076923,1859.18,642.57,0.08179528718498569,0.5025637594672749,False,False,0.06850149692735963
13074f016982ff2bd6c58ced8682f000,RS,bento goncalves,13,3,0.23076923076923078,0.15384615384615385,4.05764155982906,10.596015847578347,14.887260505698006,4.153846153846154,1977.0,775.66,0.08179528718498569,0.5025637594672749,False,False,0.06850149692735963
5abb8ea023c77787f2c15da891c8d384,SC,joinville,13,3,0.23076923076923078,0.38461538461538464,5.244485398860399,13.362354878917378,19.6782719017094,3.923076923076923,2241.0,746.2,0.08179528718498569,0.5025637594672749,False,False,0.06850149692735963
5f67c6082caacb26e431a7b17940cece,PR,maringa,13,3,0.23076923076923078,0.6923076923076923,7.9158431267806275,14.508571937321939,22.829244123931623,3.5384615384615383,1662.6,208.43,0.08179528718498569,0.5025637594672749,False,False,0.06850149692735963
2379bdc3888025689a9deb7b141507d5,SP,mogi mirim,9,2,0.2222222222222222,0.1111111111111111,3.5819418724279837,14.636458333333334,18.42511059670782,4.333333333333333,999.5,126.11,0.06322510711784671,0.5474110308930111,False,False,0.06850149692735963
5ee7fd217d08dfe5d3e2f51f96a12c9a,SP,vargem grande do sul,9,2,0.2222222222222222,0.0,2.006374742798354,14.654454732510288,16.85798739711934,3.4444444444444446,1165.5,269.68,0.06322510711784671,0.5474110308930111,False,False,0.06850149692735963
5eeb9c756d9780b96283e5a2ac6da334,SP,ribeirao preto,9,2,0.2222222222222222,0.0,1.023459362139918,15.118499228395061,16.608179012345676,4.222222222222222,2471.0,247.74,0.06322510711784671,0.5474110308930111,False,False,0.06850149692735963
85cc55e048b6bcc90c75afe7f0e72f72,RJ,barra mansa,9,2,0.2222222222222222,0.0,0.8620384837962963,11.693851594650205,13.153153292181068,4.444444444444445,308.28,193.48,0.06322510711784671,0.5474110308930111,False,False,0.06850149692735963
9449f25aeaf531019b76999ea49a6949,RJ,rio de janeiro,9,2,0.2222222222222222,0.0,2.63204603909465,10.665064300411522,13.614467592592591,4.222222222222222,1979.55,170.49,0.06322510711784671,0.5474110308930111,False,False,0.06850149692735963
b87a7ea0c30fad2dd6781b74a0064859,SP,sao paulo,9,2,0.2222222222222222,0.0,2.2346720679012346,12.911741255144033,15.243249742798355,3.4444444444444446,515.4,122.35,0.06322510711784671,0.5474110308930111,False,False,0.06850149692735963
c878515173c84a492ebe50d6b493230b,PR,itaipulandia,9,2,0.2222222222222222,0.1111111111111111,3.7882471707818928,13.000048868312756,16.798422067901235,4.111111111111111,1118.84,189.2,0.06322510711784671,0.5474110308930111,False,False,0.06850149692735963
7fc87cc3e89b3d1d5cabdca32f8485aa,SP,guarulhos,14,3,0.21428571428571427,0.21428571428571427,14.721778273809523,4.443572255291005,19.740683697089946,3.5714285714285716,2153.9,681.92,0.07571386712693184,0.47589230586600295,False,False,0.06850149692735963
9c068d10aca38e85c50202e17b4a7e88,MS,coxim,14,3,0.21428571428571427,0.35714285714285715,5.880308366402117,11.698506117724866,18.148518518518518,4.3076923076923075,2234.1,402.14,0.07571386712693184,0.47589230586600295,False,False,0.06850149692735963
a44fb5a447105f8469bdf16bf9159f25,RS,porto alegre,19,4,0.21052631578947367,0.10526315789473684,4.655696271929824,9.373490497076023,14.242983065302143,4.052631578947368,3706.1,586.61,0.08507676632916253,0.43334278443814167,False,False,0.06850149692735963
6ec1a01e866584bb679eb9b098345919,SP,santos,29,6,0.20689655172413793,0.0,2.074347860791826,11.302738665389526,13.906121088761175,4.25,3965.6600000000003,792.04,0.09846070197841039,0.38390090403867905,False,False,0.06850149692735963
ff69aa92bb6b1bf9b8b7a51c2ed9cf8b,SP,sao paulo,20,4,0.2,0.0,1.0442251157407407,9.73256712962963,11.462290509259258,3.65,21940.8,1754.4,0.08065766257979806,0.41601743225189364,False,False,0.06850149692735963
921323538c9f1c4e816f2720eac02bea,SP,sao paulo,15,3,0.2,0.0,1.86295495014245,6.630815586419753,8.533717592592591,3.933333333333333,1401.84,240.36,0.07047549346981563,0.45185448715169363,False,False,0.06850149692735963
a066df7361163e7ddc5d7452dd17448b,SP,franca,15,3,0.2,0.0,1.5978101851851851,13.794037808641976,15.738050154320986,4.4,1078.3,266.32,0.07047549346981563,0.45185448715169363,False,False,0.06850149692735963
ec4608a1f76453166bb312b2968aeaf4,SP,porto ferreira,15,3,0.2,0.5333333333333333,9.20519212962963,6.508483024691358,16.399400462962962,3.466666666666667,831.21,834.03,0.07047549346981563,0.45185448715169363,False,False,0.06850149692735963
0249d282d911d23cb8b869ab49c99f53,SP,sao paulo,10,2,0.2,0.2,4.551769675925926,5.847451388888889,10.753835648148149,4.5,371.5,117.99,0.05668215145437519,0.5098375284633583,False,False,0.06850149692735963
2aa3443d7bf9d9bb11133f420d75e083,RJ,rio de janeiro,10,2,0.2,0.0,2.096912037037037,8.307280092592594,10.573586805555555,3.0,647.0,134.12,0.05668215145437519,0.5098375284633583,False,False,0.06850149692735963
851773c885feb5e2da3b4f82bc2b17ce,SP,lencois paulista,10,2,0.2,0.0,1.1623900462962964,15.097814814814814,16.660394675925925,4.2,585.3,251.82999999999998,0.05668215145437519,0.5098375284633583,False,False,0.06850149692735963
a13580f0e8f782b7a543885a0ef99f08,RJ,rio de janeiro,10,2,0.2,0.0,4.656934027777778,20.001527777777778,25.04871990740741,4.4,1304.9,258.78,0.05668215145437519,0.5098375284633583,False,False,0.06850149692735963
d32e3909cfb714fb2a6cb092c85b9c5f,SP,jundiai,10,2,0.2,0.4,10.990796296296296,11.359950231481482,22.51067476851852,3.5,2827.9,251.0,0.05668215145437519,0.5098375284633583,False,False,0.06850149692735963
039e6ad9dae79614493083e241147386,SP,sao paulo,5,1,0.2,0.2,3.6403680555555553,10.484423611111112,14.593856481481481,4.0,12925.0,348.42,0.03622410863243014,0.6244653702374747,False,False,0.06850149692735963
05e107217c7266362fd44b75b2cd4cc4,SP,sao paulo - sp,5,1,0.2,0.0,1.7505092592592593,5.909694444444445,8.186863425925926,4.2,193.38,82.00999999999999,0.03622410863243014,0.6244653702374747,False,False,0.06850149692735963
14ee35374a7876217954b5fa08e50463,SP,sao jose do rio preto,5,1,0.2,0.0,2.6933171296296297,16.362224537037036,19.184291666666667,4.4,690.0,82.62,0.03622410863243014,0.6244653702374747,False,False,0.06850149692735963
167fd940acebc789debd6eb418c46e38,SP,franca,5,1,0.2,0.0,3.8394143518518518,11.03195601851852,15.500854166666667,3.0,1077.58,100.9,0.03622410863243014,0.6244653702374747,False,False,0.06850149692735963
180c3376aff0e43dd5788709df48a843,SP,sao paulo,5,1,0.2,0.0,3.5415162037037033,16.739078703703704,20.710101851851853,4.4,4513.0,209.97,0.03622410863243014,0.6244653702374747,False,False,0.06850149692735963
282c7480173bb9c01dd41cc739fec010,SP,sao paulo,5,1,0.2,0.0,1.7217083333333334,11.875543981481481,14.406465277777778,4.0,4274.2,192.10999999999999,0.03622410863243014,0.6244653702374747,False,False,0.06850149692735963
3dfd3dc96f7f8598eca74e9ac8a2fa31,SP,sao paulo,5,1,0.2,0.0,2.839335648148148,10.823358796296295,13.680671296296296,3.8,153.0,60.8,0.03622410863243014,0.6244653702374747,False,False,0.06850149692735963
4b1eaadf791bdbbad8c4a35b65236d52,SP,ribeirao preto,5,1,0.2,0.4,17.81321064814815,4.721666666666667,22.54623148148148,2.6,960.0899999999999,68.95,0.03622410863243014,0.6244653702374747,False,False,0.06850149692735963
5236605f4d4b0b3e4df85b850393fca0,SP,sao paulo,5,1,0.2,0.4,3.308821759259259,6.906481481481481,10.492495370370369,4.8,265.3,82.18,0.03622410863243014,0.6244653702374747,False,False,0.06850149692735963
56e361f411e38dcef17cdc2a3d99628b,SP,guarulhos,5,1,0.2,0.0,1.0531626157407408,8.396898148148148,10.307650462962963,4.0,1298.0,1857.76,0.03622410863243014,0.6244653702374747,False,False,0.06850149692735963
6861de0f40cacb0602e473c51639f980,PR,curitiba,5,1,0.2,0.0,2.0201041666666666,11.161925925925924,13.836252314814814,3.6,674.0,275.73,0.03622410863243014,0.6244653702374747,False,False,0.06850149692735963
6bd69102ab48df500790a8cecfc285c2,SP,sao paulo,5,1,0.2,0.4,7.5310648148148145,8.515229166666666,16.254462962962965,3.0,8070.0,289.02,0.03622410863243014,0.6244653702374747,False,False,0.06850149692735963
6cf476a4ca74498db55cbccdaa9dcfb6,SP,sao paulo,5,1,0.2,1.0,22.944733796296298,11.094731481481482,34.34511111111111,3.4,624.94,166.66,0.03622410863243014,0.6244653702374747,False,False,0.06850149692735963
717b78b0950b51ed00b1471d858b0edc,SP,alambari,5,1,0.2,0.2,4.532747685185186,16.336252314814814,21.32962037037037,4.0,138.6,81.15,0.03622410863243014,0.6244653702374747,False,False,0.06850149692735963
741f8c587cb4248ebc5b779a0e8e0e51,SP,santo andre,5,1,0.2,0.4,7.227724537037038,5.430722222222222,13.239328703703702,4.0,89.95,67.69,0.03622410863243014,0.6244653702374747,False,False,0.06850149692735963
7b8e8ec35bad4b0ef7e3963650b0a87b,SC,tubarao,5,1,0.2,0.0,1.0616296296296297,20.033356481481484,21.90199074074074,4.8,2244.2799999999997,372.02,0.03622410863243014,0.6244653702374747,False,False,0.06850149692735963
7d7d2b7a51328016102d4528c411d630,SP,ibitinga,5,1,0.2,0.0,1.404927662037037,8.964550925925925,10.763342592592593,4.2,477.8,96.50999999999999,0.03622410863243014,0.6244653702374747,False,False,0.06850149692735963
80f2cf9abf6b5a0e5c612b5eea6646e6,SP,sao jose do rio preto,5,1,0.2,0.0,1.418900462962963,10.195400462962963,11.822266203703704,5.0,572.38,209.26000000000002,0.03622410863243014,0.6244653702374747,False,False,0.06850149692735963
83353a83fd769dfafa4f21a72b15e3e5,SP,sao paulo,5,1,0.2,0.2,3.766141203703703,14.399791666666667,18.56,3.8,579.5,94.83,0.03622410863243014,0.6244653702374747,False,False,0.06850149692735963
83b08de96980757220871b31bf6cffca,RJ,rio de janeiro,5,1,0.2,0.2,3.976634259259259,9.766659722222222,13.858328703703702,4.0,1304.17,454.21000000000004,0.03622410863243014,0.6244653702374747,False,False,0.06850149692735963
8e34331b7eedd03be4e5d965c1956225,SP,sao paulo,5,1,0.2,0.0,2.6908171296296297,10.90754861111111,13.948203703703703,4.8,145.0,65.44,0.03622410863243014,0.6244653702374747,False,False,0.06850149692735963
b566ab0ef88016e00422755e305103c6,MG,extrema,5,1,0.2,0.0,1.0509074074074074,11.83815972222222,13.048136574074073,3.2,1208.0,220.21999999999997,0.03622410863243014,0.6244653702374747,False,False,0.06850149692735963
bca9230d3bbb4efa51872bf605a2f1ad,SP,sao paulo,5,1,0.2,0.2,4.056636574074075,2.3154953703703702,7.055643518518518,4.0,117.57,50.63,0.03622410863243014,0.6244653702374747,False,False,0.06850149692735963
d79e8478eed9999493990b44955fb22e,RJ,rio de janeiro / rio de janeiro,5,1,0.2,0.0,0.5541290509259259,7.516979166666667,8.199113425925926,4.0,721.89,80.72,0.03622410863243014,0.6244653702374747,False,False,0.06850149692735963
f783a638e9c6af4a7d0dbfde811e7a81,SP,sao paulo,5,1,0.2,0.0,1.5196967592592592,16.112155092592594,17.646319444444444,4.0,849.8,153.1,0.03622410863243014,0.6244653702374747,False,False,0.06850149692735963
099095b050cfe8eb1ddff5317587e96e,SP,sao paulo,16,3,0.1875,0.0625,2.2006901041666667,8.988824508101851,11.334448061342593,3.375,5003.84,702.09,0.06591599071428142,0.4300888096197414,False,False,0.06850149692735963
86bb7c4b535e49a541baf3266b1c95b1,SP,franca,16,3,0.1875,0.1875,3.9072786458333333,15.673637876157407,20.137781394675926,3.2,8162.4,324.82,0.06591599071428142,0.4300888096197414,False,False,0.06850149692735963
89bc797e2e29667aa035d4368f9b7f92,SP,sao paulo,16,3,0.1875,0.5,7.9108203125,6.771171875,15.388719618055555,3.875,392.4,238.04,0.06591599071428142,0.4300888096197414,False,False,0.06850149692735963
adcf50477d6a1f5d91bb9d54c4903cb5,MG,claudio,16,3,0.1875,0.1875,11.715738570601852,11.219115306712963,23.489960214120373,3.5625,981.86,615.77,0.06591599071428142,0.4300888096197414,False,False,0.06850149692735963
04aa0a1c5ce6b222003403a3e11c3cc0,SP,cosmopolis,11,2,0.18181818181818182,0.09090909090909091,3.847690446127946,13.195234638047138,17.522946127946128,4.090909090909091,5518.0,821.51,0.05136768974608513,0.4769805619608442,False,False,0.06850149692735963
082e0bf4cb865a6533b1e8e498cc0255,SP,botucatu,11,2,0.18181818181818182,0.0,1.40958648989899,12.307915614478112,14.3659617003367,3.272727272727273,2073.3,991.0300000000001,0.05136768974608513,0.4769805619608442,False,False,0.06850149692735963
1b7e5006cb25dd23ce8686691013b121,SP,sao paulo,11,2,0.18181818181818182,0.5454545454545454,6.936312079124579,8.292483164983166,15.486682449494948,4.363636363636363,2636.74,149.22,0.05136768974608513,0.4769805619608442,False,False,0.06850149692735963
39c763cca83e654764b7a4a650fb9b7c,GO,goiania,11,2,0.18181818181818182,0.0,2.0413520622895622,11.15267361111111,13.490741792929294,3.8181818181818183,761.0,223.21,0.05136768974608513,0.4769805619608442,False,False,0.06850149692735963
5b581417df4480f632484ba681e53944,SC,florianopolis,11,2,0.18181818181818182,0.0,3.1555555555555554,15.148390151515152,18.4114898989899,3.727272727272727,1641.6,572.41,0.05136768974608513,0.4769805619608442,False,False,0.06850149692735963
7586919161935337bf6b6d7ff5779648,RJ,rio de janeiro,11,2,0.18181818181818182,0.09090909090909091,2.1800652356902357,14.510356691919192,17.498301767676768,3.8181818181818183,1664.71,330.21999999999997,0.05136768974608513,0.4769805619608442,False,False,0.06850149692735963
9906e7aa42a3c067b7c9a564d01c4320,PR,maringa,11,2,0.18181818181818182,0.0,0.9068750000000001,16.046194234006734,17.41170033670034,4.545454545454546,2523.3,482.61999999999995,0.05136768974608513,0.4769805619608442,False,False,0.06850149692735963
b55638ad525e906c698fa2ce742c1742,SC,imbituba,11,2,0.18181818181818182,0.8181818181818182,10.304593855218855,12.721098484848484,23.431376262626262,4.181818181818182,1094.8,290.87,0.05136768974608513,0.4769805619608442,False,False,0.06850149692735963
bbaff50f3b708fda865918715276cd87,SP,atibaia,11,2,0.18181818181818182,0.09090909090909091,3.256347853535354,7.564336069023569,10.922392676767677,4.7272727272727275,398.7,189.59,0.05136768974608513,0.4769805619608442,False,False,0.06850149692735963
bc07d855eac23aab5ac8a120f21d16b2,SP,mogi das cruzes,11,2,0.18181818181818182,0.0,2.280065235690236,10.913364898989899,13.383661616161616,4.454545454545454,1202.62,204.74,0.05136768974608513,0.4769805619608442,False,False,0.06850149692735963
bd15ee794d5e640d9dd71b665b2ab15b,SP,ribeirao preto,11,2,0.18181818181818182,0.18181818181818182,5.580044191919192,9.51444654882155,15.11398042929293,4.0,343.9,198.43,0.05136768974608513,0.4769805619608442,False,False,0.06850149692735963
cb5df0dcb9e280b1780e9d589889f2c7,SP,bady bassitt,11,2,0.18181818181818182,0.09090909090909091,7.259931607744107,13.589526515151515,21.566878156565654,3.4,1614.88,453.91999999999996,0.05136768974608513,0.4769805619608442,False,False,0.06850149692735963
d17f467e4bf608a510c20d82f4ba3b6b,RS,caxias do sul,11,2,0.18181818181818182,0.36363636363636365,4.875973274410774,6.5769181397306395,12.06053451178451,4.2727272727272725,2963.7799999999997,507.53000000000003,0.05136768974608513,0.4769805619608442,False,False,0.06850149692735963
d9e7e7778b32987280a6f2cb9a39c57d,SP,sao paulo,11,2,0.18181818181818182,0.2727272727272727,4.121240740740741,14.503512205387205,18.465708122895624,3.5454545454545454,722.5,263.89,0.05136768974608513,0.4769805619608442,False,False,0.06850149692735963
850913d59ce317156b00f3705f1c3edb,SP,atibaia,28,5,0.17857142857142858,0.42857142857142855,5.255401785714286,8.008081597222223,13.731488095238095,3.642857142857143,2141.0,498.46,0.07878501945604277,0.35591424789342946,False,False,0.06850149692735963
2a61c271b1ac763450d846849783e922,SP,santo andre,17,3,0.17647058823529413,0.0,1.4506175108932462,16.63831086601307,18.59890727124183,4.117647058823529,1486.77,482.27,0.06191126637620997,0.41029458568834126,False,False,0.06850149692735963
2e1a7d075abe038c1b2743005fe42ff1,SP,sao paulo,17,3,0.17647058823529413,0.058823529411764705,2.7941748366013073,9.032060185185186,12.229545887799565,4.411764705882353,1287.0,304.47,0.06191126637620997,0.41029458568834126,False,False,0.06850149692735963
f08c008c8a8d31417763738a1788a2a8,PR,santa terezinha de itaipu,17,3,0.17647058823529413,0.0,1.8579214324618736,18.271925381263618,21.051305147058823,3.75,962.32,241.18,0.06191126637620997,0.41029458568834126,False,False,0.06850149692735963
f593898ec748b7a8cb81fc04edafd98a,SP,pedreira,18,3,0.16666666666666666,0.1111111111111111,4.200778034979424,12.050772247942387,16.99012281378601,3.611111111111111,2582.69,670.84,0.05836576805861446,0.39222038103915724,False,False,0.06850149692735963
00720abe85ba0859807595bbf045a33b,SP,guarulhos,12,2,0.16666666666666666,0.25,3.626332947530864,8.688618827160495,12.581044560185186,3.6666666666666665,919.3,255.01999999999998,0.04696514218385378,0.4480308622529734,False,False,0.06850149692735963
70849ca4f400aaabb62cb7462a6f1428,MG,belo horizonte,12,2,0.16666666666666666,0.08333333333333333,3.03359375,7.2297067901234575,10.915981867283952,4.416666666666667,909.58,233.66,0.04696514218385378,0.4480308622529734,False,False,0.06850149692735963
a1474fd46fd3430168f7ec202da39408,SP,pinhais,12,2,0.16666666666666666,0.0,1.5874508101851852,16.114903549382717,17.97502411265432,4.333333333333333,2752.5,661.02,0.04696514218385378,0.4480308622529734,False,False,0.06850149692735963
ccb83a794700270fde70898fe9ff368b,SC,sombrio,12,2,0.16666666666666666,0.0,1.5785368441358025,14.659679783950617,16.59214988425926,4.333333333333333,11062.0,1723.73,0.04696514218385378,0.4480308622529734,False,False,0.06850149692735963
ecccfa2bb93b34a3bf033cc5d1dcdc69,PR,curitiba,12,2,0.16666666666666666,0.5833333333333334,21.677675540123456,9.438838734567902,32.11982735339506,2.8333333333333335,1120.8500000000001,212.47,0.04696514218385378,0.4480308622529734,False,False,0.06850149692735963
0e44d110fa6a54e121cb2c095a77762f,SP,francisco morato,6,1,0.16666666666666666,0.16666666666666666,3.692270447530864,7.375850694444445,12.001626157407408,4.333333333333333,223.32,70.06,0.030053369748306635,0.5635028221864702,False,False,0.06850149692735963
15ead3a5037a918ddb520dfe39a3d2b9,MG,conselheiro lafaiete,6,1,0.16666666666666666,0.0,3.203572530864198,13.712000385802469,17.651520061728394,4.833333333333333,254.5,140.22,0.030053369748306635,0.5635028221864702,False,False,0.06850149692735963
2ba91c7ad80ff88b23b7db823b43c233,SP,itu,6,1,0.16666666666666666,0.0,1.0157002314814816,17.36684799382716,18.654373070987656,3.8333333333333335,740.4,99.93,0.030053369748306635,0.5635028221864702,False,False,0.06850149692735963
2f09f7d37a97956d11cc1a7cadd5262b,SP,ribeirao preto,6,1,0.16666666666666666,0.16666666666666666,3.7510860339506173,8.736037808641976,12.785293209876542,4.166666666666667,560.0,108.61,0.030053369748306635,0.5635028221864702,False,False,0.06850149692735963
30c7f28fd3a5897b2c82d152bb760c17,RJ,niteroi,6,1,0.16666666666666666,0.5,9.61363811728395,10.504502314814815,20.652399691358024,1.4,1849.38,311.09000000000003,0.030053369748306635,0.5635028221864702,False,False,0.06850149692735963
35857757f553273b1056c1cabdace7fb,SP,ribeirao preto,6,1,0.16666666666666666,0.0,2.090655864197531,16.10833912037037,18.20813271604938,4.0,454.6,118.74000000000001,0.030053369748306635,0.5635028221864702,False,False,0.06850149692735963
38874e327ce94d11390b96eb42d61928,SP,itaquaquecetuba,6,1,0.16666666666666666,1.0,14.499091435185186,5.361413966049383,19.95860725308642,4.0,3779.94,378.49,0.030053369748306635,0.5635028221864702,False,False,0.06850149692735963
3d4824f20035949c710eaf111f869d39,SP,sorocaba,6,1,0.16666666666666666,0.16666666666666666,4.975785108024691,4.361402391975308,9.564918981481481,4.333333333333333,312.67,97.79,0.030053369748306635,0.5635028221864702,False,False,0.06850149692735963
3f2af2670e104d1bcb54022274daeac5,PR,terra boa,6,1,0.16666666666666666,0.0,3.1242013888888893,9.338282407407409,19.51496141975309,3.3333333333333335,973.6,360.58,0.030053369748306635,0.5635028221864702,False,False,0.06850149692735963
4ef4c39cf3c24f326434cf0b2e48046a,SP,sao paulo,6,1,0.16666666666666666,0.16666666666666666,2.8825578703703703,10.74547839506173,14.486583719135803,4.166666666666667,693.0,94.56,0.030053369748306635,0.5635028221864702,False,False,0.06850149692735963
50770d25768b0486d89be26afca3108f,SP,santo andre,6,1,0.16666666666666666,0.0,1.6094618055555554,10.427447916666667,13.481597222222222,4.0,171.76999999999998,76.08999999999999,0.030053369748306635,0.5635028221864702,False,False,0.06850149692735963
5d378b73ab7dd6f0418d743e5dcb0bd1,SP,sao paulo,6,1,0.16666666666666666,0.3333333333333333,24.275468749999998,5.569677854938273,30.48887152777778,3.8333333333333335,11254.0,358.7,0.030053369748306635,0.5635028221864702,False,False,0.06850149692735963
71271995e85f5b8530be99ed54a91b89,RS,porto alegre,6,1,0.16666666666666666,0.16666666666666666,5.904629629629629,5.551269290123457,12.30955825617284,3.0,582.0,92.15,0.030053369748306635,0.5635028221864702,False,False,0.06850149692735963
78744a20ee2f80ba64f6804c25def2b8,PE,recife,6,1,0.16666666666666666,0.16666666666666666,4.01346450617284,14.727008101851851,18.961849922839505,4.166666666666667,2715.0,353.85,0.030053369748306635,0.5635028221864702,False,False,0.06850149692735963
9c7fd21e0aa159b20da593371f08ff7c,SP,osasco,6,1,0.16666666666666666,0.0,0.8118325617283951,7.3613020833333325,8.314130015432099,3.5,738.3000000000001,98.26,0.030053369748306635,0.5635028221864702,False,False,0.06850149692735963
9da1ca0bef29ee170e541927a5aeabdc,SP,votuporanga,6,1,0.16666666666666666,0.0,1.7459510030864198,14.515252700617282,16.803595679012343,3.0,1484.3999999999999,127.63,0.030053369748306635,0.5635028221864702,False,False,0.06850149692735963
a254c682cc01e119f83530446f1df9a9,SP,cafelandia,6,1,0.16666666666666666,0.0,1.3398514660493828,13.395283564814816,15.069197530864196,4.0,569.4,240.02,0.030053369748306635,0.5635028221864702,False,False,0.06850149692735963
a4b6b9b992b46e9ef863637af96e04bc,SC,florianopolis,6,1,0.16666666666666666,0.16666666666666666,1.5997268518518521,15.559729938271607,18.31079475308642,3.6666666666666665,5293.0,209.84,0.030053369748306635,0.5635028221864702,False,False,0.06850149692735963
a67780aba9dd436e7ac0aa1f889e73ec,SP,presidente prudente,6,1,0.16666666666666666,0.5,6.99582175925926,14.099112654320988,21.632880015432097,3.6666666666666665,863.0,178.04000000000002,0.030053369748306635,0.5635028221864702,False,False,0.06850149692735963
af7cdac9d9897cddead9c6b08976c642,SP,laranjal paulista,6,1,0.16666666666666666,0.0,1.4188368055555556,13.466028163580248,15.225084876543209,3.6666666666666665,543.54,150.47,0.030053369748306635,0.5635028221864702,False,False,0.06850149692735963
b127efdabeffb5d559349c7b172eb75d,SP,sao paulo,6,1,0.16666666666666666,0.0,1.3957098765432099,8.019718364197532,10.523721064814813,4.666666666666667,192.5,80.17,0.030053369748306635,0.5635028221864702,False,False,0.06850149692735963
cf8ab1616079e2793aa29d524df01bb1,SP,sao paulo,6,1,0.16666666666666666,0.6666666666666666,15.641068672839507,10.168624614197531,26.40703896604938,2.5,9594.0,437.56,0.030053369748306635,0.5635028221864702,False,False,0.06850149692735963
d5b9a084373da994a6e37f732169a853,SP,santo andre,6,1,0.16666666666666666,1.0,7.391668595679012,12.333454861111113,20.341801697530865,4.0,1479.0,158.09,0.030053369748306635,0.5635028221864702,False,False,0.06850149692735963
eba88037e1dca898cd02881f67ced679,SP,sao paulo,6,1,0.16666666666666666,0.0,1.3331828703703703,9.84190200617284,11.49054012345679,4.333333333333333,838.1,93.47,0.030053369748306635,0.5635028221864702,False,False,0.06850149692735963
edd066cd02126d7800f9b66e980e9931,DF,brasilia,6,1,0.16666666666666666,0.0,2.2332156635802467,9.64990162037037,11.897121913580248,5.0,987.6999999999999,186.23,0.030053369748306635,0.5635028221864702,False,False,0.06850149692735963
f419677537694f0462a91990df6ca44f,SP,sao bernardo do campo,6,1,0.16666666666666666,0.3333333333333333,7.491126543209877,6.57377700617284,14.250243055555556,4.0,220.5,78.78,0.030053369748306635,0.5635028221864702,False,False,0.06850149692735963
fe87f472055fbcf1d7e691c00b1560dc,SP,campinas,6,1,0.16666666666666666,0.3333333333333333,3.0836265432098764,2.604523533950617,6.001875000000001,4.5,1085.8,130.16,0.030053369748306635,0.5635028221864702,False,False,0.06850149692735963
3b872fd4747f01cc56206f2934198618,SP,ibitinga,25,4,0.16,0.04,1.8829208333333332,12.026673148148147,14.48765324074074,3.88,2726.7400000000002,1116.37,0.0640345145667644,0.3465362160717886,False,False,0.06850149692735963
681fce914360217db47784ae28905a96,PR,araucaria,19,3,0.15789473684210525,0.15789473684210525,2.023761574074074,10.686288986354777,13.373891325536063,4.333333333333333,3644.33,334.67,0.05520471638534141,0.37565475270329074,False,False,0.06850149692735963
4aba391bc3b88717ce08eb11e44937b2,BA,arraial d'ajuda (porto seguro),26,4,0.15384615384615385,0.07692307692307693,2.0199390135327637,14.268583956552707,16.840498575498575,3.9615384615384617,7177.88,751.62,0.06150033723578355,0.3353119932821348,False,False,0.06850149692735963
e0878efa0e0b7e5313ac0b43bc04c081,PR,curitiba,26,4,0.15384615384615385,0.038461538461538464,2.5277462962962964,15.189060274216523,18.133796296296296,3.6153846153846154,5025.4,517.13,0.06150033723578355,0.3353119932821348,False,False,0.06850149692735963
36890be00bbfc1cdb9a4a38a6af05a69,SP,osasco,13,2,0.15384615384615385,0.15384615384615385,2.762281873219373,6.155040064102565,9.416596331908831,4.230769230769231,1361.3,239.57999999999998,0.043258178358081184,0.4223463101948254,False,False,0.06850149692735963
5b07547f10dd980738a1a27f685af669,SP,guarulhos,13,2,0.15384615384615385,0.15384615384615385,2.7043258101851855,3.615559116809117,6.257921118233619,4.461538461538462,1134.6000000000001,185.47,0.043258178358081184,0.4223463101948254,False,False,0.06850149692735963
655220df33262c7e0c4949a147366f94,SP,diadema,13,2,0.15384615384615385,0.0,1.5073335113960113,12.274195156695157,13.793602207977207,4.076923076923077,2245.0,681.53,0.043258178358081184,0.4223463101948254,False,False,0.06850149692735963
6f229cc508fc6915ed5c499efd93baa4,RJ,rio de janeiro,13,2,0.15384615384615385,0.0,1.8257683404558405,7.233461538461539,9.2466176994302,4.384615384615385,2654.8,333.88,0.043258178358081184,0.4223463101948254,False,False,0.06850149692735963
d93919c944be9cff128f6c9cb899eacb,SP,mombuca,33,5,0.15151515151515152,0.45454545454545453,5.198548330527497,17.328813832772166,22.92127034231201,4.0,2666.7000000000003,957.31,0.06650457281607568,0.3091987588044212,True,False,0.06850149692735963
1a932caad4f9d804097d7f8e615baed1,SP,sao paulo,20,3,0.15,0.05,1.185950901559454,8.083565972222221,9.542867476851852,3.9,4661.0,1040.45,0.052368745896216595,0.36041886474075696,False,False,0.06850149692735963
f918546be4bec7104d117789ba758b2b,SP,sao paulo,20,3,0.15,0.0,1.811819566276803,10.195388888888889,12.358811921296297,3.85,1483.0,347.15,0.052368745896216595,0.36041886474075696,False,False,0.06850149692735963
57c764b4a836300be881e2ff86e449f9,SP,ribeirao preto,27,4,0.14814814814814814,0.0,2.250970936213992,13.274421296296296,15.815020576131687,4.346153846153846,1146.2,454.34,0.05915927776244326,0.3247868542781298,False,False,0.06850149692735963
b74d1c09cb380e1d03a6f859c6f4224b,RJ,rio de janeiro,27,4,0.14814814814814814,0.0,1.0445961934156378,9.720353223593964,11.354527177640604,4.2592592592592595,2069.64,762.78,0.05915927776244326,0.3247868542781298,False,False,0.06850149692735963
d97df38225e5abadaff1e72cb72b823c,SP,sao caetano do sul,27,4,0.14814814814814814,0.037037037037037035,1.8890234910836763,10.310205332647463,12.332950531550068,4.038461538461538,1756.0,468.36,0.05915927776244326,0.3247868542781298,False,False,0.06850149692735963
e2aee0892199b1d92530e371abd825bf,PR,rolandia,34,5,0.14705882352941177,0.11764705882352941,2.9483326525054467,12.22171262254902,15.630323393246188,3.9411764705882355,4903.87,2482.01,0.06449441444782457,0.3012805649545216,True,False,0.06850149692735963
e96498ed8daaa3e9c23f7a62da76591c,SP,sao paulo,34,5,0.14705882352941177,0.0,1.8322937091503269,12.840031658496732,15.198311887254901,3.9411764705882355,9619.09,713.1,0.06449441444782457,0.3012805649545216,True,False,0.06850149692735963
0ed6ce5d87fd9c69eaacaeb778d67235,SP,americana,42,6,0.14285714285714285,0.23809523809523808,4.694778714726631,10.98200424382716,15.995893132716049,4.390243902439025,2026.52,670.78,0.06715967015962647,0.27841089474444775,True,False,0.06850149692735963
28f10b1c5e5abb9d4857745bede6147c,SP,sao paulo,28,4,0.14285714285714285,0.0,1.4482663690476192,5.874170386904761,7.637304894179894,4.0,835.0,350.42,0.05699005319749392,0.31489802163525293,False,False,0.06850149692735963
2156f2671501a81034d7d07f217609d0,SP,sp,21,3,0.14285714285714285,0.047619047619047616,2.878439814814815,11.914020061728396,15.281910824514991,4.0,2909.5,393.49,0.04981012499725268,0.34636060280620945,False,False,0.06850149692735963
014c0679dd340a0e338872e7ec85666a,MG,timoteo,14,2,0.14285714285714285,0.42857142857142855,5.432850529100529,14.105489417989418,19.763406084656083,3.857142857142857,7058.0,628.3100000000001,0.040093921271464966,0.39941379496970353,False,False,0.06850149692735963
218f991754f360af9c2daa5e0b8e990c,SP,sao paulo,14,2,0.14285714285714285,0.07142857142857142,3.242899305555556,10.487243716931218,13.861703869047618,3.642857142857143,3554.32,265.22,0.040093921271464966,0.39941379496970353,False,False,0.06850149692735963
bce6a5ecf98e99fd2a8868b15c51f04b,SP,guarulhos,14,2,0.14285714285714285,0.07142857142857142,4.309877645502645,7.218416832010582,11.760042162698413,4.071428571428571,3464.9,241.60000000000002,0.040093921271464966,0.39941379496970353,False,False,0.06850149692735963
ca4b77513ac2040591b0d8fae6958380,SP,sando andre,14,2,0.14285714285714285,0.14285714285714285,2.075551421957672,5.562926587301588,7.763539186507936,4.5,1772.45,201.17000000000002,0.040093921271464966,0.39941379496970353,False,False,0.06850149692735963
ffeee66ac5d5a62fe688b9d26f83f534,SP,mirassol,14,2,0.14285714285714285,0.35714285714285715,6.152881117724868,11.210362103174603,18.07488095238095,4.214285714285714,1839.8600000000001,419.69,0.040093921271464966,0.39941379496970353,False,False,0.06850149692735963
13f57c12a00ed4610db646b913a7f5c6,SP,santos,7,1,0.14285714285714285,0.14285714285714285,2.4551851851851856,9.488654100529102,12.374728835978837,4.857142857142857,645.2,175.95,0.02567962434474355,0.5131278292743189,False,False,0.06850149692735963
20a8b0dc55da94fe74d112082427c84f,SP,itu,7,1,0.14285714285714285,0.14285714285714285,3.5224603174603173,4.577539682539682,8.23525462962963,4.285714285714286,407.4,123.98,0.02567962434474355,0.5131278292743189,False,False,0.06850149692735963
2b03ac196f5ed62ac483960fe0fa3b65,SP,sao paulo,7,1,0.14285714285714285,0.0,1.5083815586419753,11.50435515873016,12.89291832010582,4.142857142857143,843.1,92.09,0.02567962434474355,0.5131278292743189,False,False,0.06850149692735963
2c3d56f92f360fb89d849b84e8f50eae,SP,barueri,7,1,0.14285714285714285,0.0,1.743614417989418,11.550892857142857,13.617607473544975,3.4285714285714284,425.1,111.75999999999999,0.02567962434474355,0.5131278292743189,False,False,0.06850149692735963
2e7ea2aafec5835e781b21d6d1faf1f1,SP,sao paulo,7,1,0.14285714285714285,0.14285714285714285,2.478121693121693,4.573313492063492,7.159899140211641,4.5,528.4,118.22,0.02567962434474355,0.5131278292743189,False,False,0.06850149692735963
35fb511489d9ee3ee27a76debce9df06,PR,londrina,7,1,0.14285714285714285,0.42857142857142855,4.459340277777778,12.23825066137566,16.808877314814815,3.5714285714285716,414.5,172.29000000000002,0.02567962434474355,0.5131278292743189,False,False,0.06850149692735963
37dd29b36c458d82f74a953c40c43645,SP,limeira,7,1,0.14285714285714285,0.42857142857142855,5.99522156084656,12.310244708994707,18.456660052910053,3.857142857142857,4536.99,479.44,0.02567962434474355,0.5131278292743189,False,False,0.06850149692735963
3968920b9aa752ab98f7d5888c9252f2,SP,bauru,7,1,0.14285714285714285,0.0,1.3542476851851852,8.46433201058201,10.16048611111111,4.285714285714286,451.3,146.20000000000002,0.02567962434474355,0.5131278292743189,False,False,0.06850149692735963
4c61e37f664c3c88aff092aa5ac779d7,RJ,niteroi,7,1,0.14285714285714285,0.14285714285714285,2.183377976190476,13.242025462962962,15.791797288359788,4.0,788.3100000000001,119.86,0.02567962434474355,0.5131278292743189,False,False,0.06850149692735963
51ed72984a04e5dd35c2b27e77179038,SP,sao jose do rio preto,7,1,0.14285714285714285,0.14285714285714285,2.332728174603175,13.67215443121693,16.578348214285715,3.5714285714285716,1294.3,198.93,0.02567962434474355,0.5131278292743189,False,False,0.06850149692735963
6e0908ef4d4efadbc3cc2b74ea477cb0,RJ,rio de janeiro,7,1,0.14285714285714285,0.42857142857142855,5.099166666666667,7.5925413359788365,13.233920304232806,4.142857142857143,550.4499999999999,150.8,0.02567962434474355,0.5131278292743189,False,False,0.06850149692735963
6e4a902d1054e4e17aa6eab87fac1c75,SP,sorocaba,7,1,0.14285714285714285,0.14285714285714285,2.6118402777777776,3.9809556878306873,6.74422123015873,4.142857142857143,586.57,109.13,0.02567962434474355,0.5131278292743189,False,False,0.06850149692735963
78a4d36f65a019172c6154468831a69f,SP,bauru,7,1,0.14285714285714285,0.0,2.2246924603174603,13.271281415343916,15.5092791005291,4.285714285714286,1545.5,223.4,0.02567962434474355,0.5131278292743189,False,False,0.06850149692735963
7fdb0720c8d7c9075538b365dc8c3a22,PR,toledo,7,1,0.14285714285714285,0.5714285714285714,9.168439153439154,13.448088624338624,23.718475529100527,2.7142857142857144,1367.0,379.4,0.02567962434474355,0.5131278292743189,False,False,0.06850149692735963
8378eb36b6b70c5734e83ad7b8cdc3b7,SC,itajai,7,1,0.14285714285714285,0.14285714285714285,5.77254298941799,9.812334656084657,16.56947585978836,3.857142857142857,1714.8,241.87,0.02567962434474355,0.5131278292743189,False,False,0.06850149692735963
87e24fc7052259b1f7f607d61c10d8be,SP,sao paulo,7,1,0.14285714285714285,0.7142857142857143,7.99146164021164,7.071655092592593,15.341284722222223,3.857142857142857,7073.59,214.65999999999997,0.02567962434474355,0.5131278292743189,False,False,0.06850149692735963
94b9108d4b637ba65bb4f1e53cfcf8d8,SP,guarulhos,7,1,0.14285714285714285,0.14285714285714285,3.983245701058201,12.769351851851852,17.020074404761903,4.428571428571429,234.95999999999998,99.13,0.02567962434474355,0.5131278292743189,False,False,0.06850149692735963
ac6417315ae5da8f9a38ee11de6f7780,SP,aruja,7,1,0.14285714285714285,0.0,2.7119725529100527,8.746696428571429,11.468726851851853,4.142857142857143,716.4,134.72,0.02567962434474355,0.5131278292743189,False,False,0.06850149692735963
b248792ac0b60ec3f93d80af1b4fae47,SP,sao caetano do sul,7,1,0.14285714285714285,0.0,1.1803654100529102,5.338525132275132,6.652924933862434,3.857142857142857,454.5,153.85,0.02567962434474355,0.5131278292743189,False,False,0.06850149692735963
b3b17aab11f273023a5f22ca52e1eb70,PR,londrina,7,1,0.14285714285714285,0.0,1.6550710978835979,14.602675264550266,16.551684854497356,4.857142857142857,6850.0,475.34999999999997,0.02567962434474355,0.5131278292743189,False,False,0.06850149692735963
e3dd723429d1b23614b7fa85e2c7a853,SP,sao bernardo do campo,7,1,0.14285714285714285,0.14285714285714285,3.985368716931217,9.532405753968254,13.620887896825396,3.7142857142857144,471.05,126.57,0.02567962434474355,0.5131278292743189,False,False,0.06850149692735963
f3295428338a40977a03f555246a70f4,ES,vitoria,7,1,0.14285714285714285,0.14285714285714285,2.3171924603174605,11.93073412698413,14.829621362433864,3.5714285714285716,644.98,124.4,0.02567962434474355,0.5131278292743189,False,False,0.06850149692735963
fa3a0b5aabb344b9a92e3524b0202123,SP,sao jose dos pinhais,7,1,0.14285714285714285,0.14285714285714285,2.570133928571429,7.645472883597884,11.636570767195767,4.142857142857143,1789.0,164.41,0.02567962434474355,0.5131278292743189,False,False,0.06850149692735963
fe26f3ecb51a15e6d8335cd92da42562,SP,sao paulo,7,1,0.14285714285714285,0.0,2.997402447089947,7.361630291005291,10.683282076719577,4.428571428571429,2708.96,262.59000000000003,0.02567962434474355,0.5131278292743189,False,False,0.06850149692735963
ff1fb4c404b2efe68b03350a8dc24122,SP,mogi das cruzes,43,6,0.13953488372093023,0.18604651162790697,2.7091844512195125,7.361074235572782,10.337786660206717,4.162790697674419,6517.0,862.89,0.06555723427964878,0.2726358796738286,True,False,0.06850149692735963
070d165398b553f3b4b851c216b8a358,SP,sao paulo,29,4,0.13793103448275862,0.1724137931034483,3.6804302362707535,8.232770593869732,12.404987228607919,3.310344827586207,3053.29,890.3199999999999,0.05497439964111964,0.30558993720352023,False,False,0.06850149692735963
323ce52b5b81df2cd804b017b7f09aa7,SP,sao paulo,29,4,0.13793103448275862,0.3448275862068966,3.9705260217113665,12.894821998722861,17.057155970625796,4.428571428571429,2374.3,393.35,0.05497439964111964,0.30558993720352023,False,False,0.06850149692735963
23a0ffca143a15b9b5bbdb7d552f626a,SP,sao pedro,22,3,0.13636363636363635,0.09090909090909091,1.0771175294612794,10.194680660774411,11.5536531986532,3.9545454545454546,3548.52,545.75,0.04749003714055253,0.33334987166571717,False,False,0.06850149692735963
7139dc5186aa238b006e066d8fbab2e4,SP,amparo,22,3,0.13636363636363635,0.2727272727272727,3.17142781986532,11.220233585858587,14.807957175925928,4.0,1712.0,535.93,0.04749003714055253,0.33334987166571717,False,False,0.06850149692735963
7b1222c3624aa89b9558b50a2594188c,SP,sao jose do rio preto,22,3,0.13636363636363635,0.045454545454545456,4.839473905723906,12.458203388047139,17.665475063131314,4.454545454545454,10103.52,457.57,0.04749003714055253,0.33334987166571717,False,False,0.06850149692735963
d71d863e5ef30d94e440c11be17dcd8f,SP,osasco,22,3,0.13636363636363635,0.45454545454545453,10.903575862794613,8.225986952861952,19.225216224747474,3.25,9217.9,661.87,0.04749003714055253,0.33334987166571717,False,False,0.06850149692735963
c8467937e403e76a8ee9f0ab13f6f5ef,MG,pocos de caldas,30,4,0.13333333333333333,0.2,3.842488425925926,12.647510030864197,16.945050925925926,4.071428571428571,1853.79,588.9499999999999,0.053096554840547455,0.296813266820363,True,False,0.06850149692735963
d3f39f05462b79a4562d35893a28f159,SP,mococa,30,4,0.13333333333333333,0.0,1.2112584876543209,10.763167824074076,12.420141203703704,3.8,2170.4,467.25,0.053096554840547455,0.296813266820363,True,False,0.06850149692735963
55bb6fe5bebe5012e2d7d9928e1128ff,SP,bauru,15,2,0.13333333333333333,0.26666666666666666,3.295606481481481,11.293092592592592,15.001960648148149,3.466666666666667,1816.55,576.47,0.03736125910306537,0.37881982832322364,False,False,0.06850149692735963
610f72e407cdd7caaa2f8167b0163fd8,SP,sao paulo,15,2,0.13333333333333333,0.3333333333333333,9.209813271604938,3.580321759259259,13.219435956790125,3.8,13322.72,832.48,0.03736125910306537,0.37881982832322364,False,False,0.06850149692735963
81336a0f57a33776419727a300249e90,SP,sao carlos,15,2,0.13333333333333333,0.4,8.062650462962962,9.17779012345679,17.475448302469136,4.066666666666666,1351.9,277.79999999999995,0.03736125910306537,0.37881982832322364,False,False,0.06850149692735963
8b8cfc8305aa441e4239358c9f6f2485,PR,londrina,15,2,0.13333333333333333,0.06666666666666667,2.49371450617284,9.60164737654321,12.536666666666667,4.2,11892.0,1218.7,0.03736125910306537,0.37881982832322364,False,False,0.06850149692735963
be8e909810184b9b19e886129149d8e5,SP,piracicaba,15,2,0.13333333333333333,0.0,1.7334575617283952,13.609439043209877,15.356016203703705,3.7333333333333334,629.85,216.23,0.03736125910306537,0.37881982832322364,False,False,0.06850149692735963
c4fb51fb1c5b7c07bc5e67be6e7e8f6e,PR,curitiba,15,2,0.13333333333333333,0.2,3.887931327160494,12.250047067901233,16.625010030864196,3.533333333333333,1567.9,558.71,0.03736125910306537,0.37881982832322364,False,False,0.06850149692735963
fffd5413c0700ac820c7069d66d98c89,SP,amparo,53,7,0.1320754716981132,0.05660377358490566,2.0055947293447294,11.421810578266948,13.73395462089448,4.038461538461538,8229.3,2530.79,0.06547853284463252,0.24840255308904924,True,False,0.06850149692735963
cee48807215b30a12ca2ca10ffb5f250,SP,guaruja,38,5,0.13157894736842105,0.2631578947368421,11.784860806530213,11.886182078460038,24.088422270955167,3.8157894736842106,7192.2300000000005,894.04,0.05753867690120133,0.2732685944229131,True,False,0.06850149692735963
2089a6d640999f9b9141ac719b2af596,SP,sao carlos,40,5,0.125,0.225,8.763126446759259,10.508878472222223,19.834398148148146,4.0,7584.02,623.62,0.05459500250945401,0.261121198388511,True,False,0.06850149692735963
23c38debaffe4a25a30fdbd9b586a13f,SP,votorantim,40,5,0.125,0.05,2.467488425925926,8.665011284722222,11.611760706018519,4.35,5307.28,804.09,0.05459500250945401,0.261121198388511,True,False,0.06850149692735963
2709af9587499e95e803a6498a5a56e9,SP,sao paulo,24,3,0.125,0.08333333333333333,2.074575135030864,8.880866126543209,11.391490162037037,3.9130434782608696,1171.1599999999999,548.65,0.04344334080123444,0.31003881270500067,False,False,0.06850149692735963
7ecd59e5e20407131822c1a68ac59c1f,DF,brasilia,24,3,0.125,0.5,7.677235243055556,9.11726417824074,17.207231385030862,4.416666666666667,1466.71,587.8100000000001,0.04344334080123444,0.31003881270500067,False,False,0.06850149692735963
e89c4adbe7b1d0819dbb636e16461cf1,SP,indaiatuba,24,3,0.125,0.041666666666666664,3.101221064814815,11.637482638888889,15.115932677469134,3.8333333333333335,3181.3,454.85,0.04344334080123444,0.31003881270500067,False,False,0.06850149692735963
08d2d642cf72b622b14dde1d2f5eb2f5,SP,marilia,16,2,0.125,0.0,2.8687919560185184,12.235794270833333,15.320594618055555,4.3125,909.0,306.15999999999997,0.03497748774324047,0.36022827265758695,False,False,0.06850149692735963
2d2c62bef4c8ba0dd74e0e228e808539,SP,ribeirao preto,16,2,0.125,0.0625,1.4831459780092593,8.724312065972223,10.30731987847222,4.125,3749.0,481.48,0.03497748774324047,0.36022827265758695,False,False,0.06850149692735963
3935fe5fe0f82787a9dcb8deb62be09d,SP,sao paulo,16,2,0.125,0.0625,1.6756358506944444,9.412135416666667,11.26288917824074,4.0,1681.69,419.65999999999997,0.03497748774324047,0.36022827265758695,False,False,0.06850149692735963
53d00c40e32aeb924a84ce72b1af869d,SP,ibitinga,16,2,0.125,0.1875,3.1014713541666667,13.253117766203705,16.69857783564815,4.375,2057.95,275.2,0.03497748774324047,0.36022827265758695,False,False,0.06850149692735963
768a86e36ad6aae3d03ee3c6433d61df,SP,sao paulo,16,2,0.125,0.0625,0.9088252314814815,3.676987847222222,5.070319733796296,4.625,562.46,167.59,0.03497748774324047,0.36022827265758695,False,False,0.06850149692735963
9f50216bfd01913736a55a11b55ea842,SP,taubate,16,2,0.125,0.1875,3.3549405864197532,6.4486277488425925,10.31663990162037,4.4375,1309.0,310.31,0.03497748774324047,0.36022827265758695,False,False,0.06850149692735963
ad97a199236354e53fcd91a5a913e9a2,SC,brusque,16,2,0.125,0.25,5.010264756944444,10.076614583333333,15.631237702546295,4.5,12446.85,837.17,0.03497748774324047,0.36022827265758695,False,False,0.06850149692735963
afa6714acee029b2dfdf357e5579cc03,SP,descalvado,16,2,0.125,0.0625,2.527092013888889,9.976587094907407,12.73338179976852,4.25,3220.7599999999998,382.82,0.03497748774324047,0.36022827265758695,False,False,0.06850149692735963
b33aaadd1a8891d2dfef0c4c3bdf0371,SP,limeira,16,2,0.125,0.0,1.507650462962963,12.285091145833333,14.021278211805555,3.9375,1504.0,359.04,0.03497748774324047,0.36022827265758695,False,False,0.06850149692735963
b5e3e38609125694d2ea2417522a60b7,SC,florianopolis,16,2,0.125,0.125,2.648978587962963,14.930496961805556,18.195497685185185,4.3125,995.04,301.14,0.03497748774324047,0.36022827265758695,False,False,0.06850149692735963
b64d51f0435e884e8de603b1655155ae,SP,garulhos,16,2,0.125,0.1875,2.1304351851851853,4.855424623842593,7.578058449074074,4.4375,395.78,354.9,0.03497748774324047,0.36022827265758695,False,False,0.06850149692735963
c794dab4928dd97beb41d05514441e86,SP,artur nogueira,16,2,0.125,0.125,1.8119545717592591,11.452743055555555,13.794497974537038,4.375,1312.3999999999999,232.19,0.03497748774324047,0.36022827265758695,False,False,0.06850149692735963
e3a386fc36e22064434e1fa256f6a9fa,SP,engenheiro coelho,16,2,0.125,0.125,1.4818424479166665,7.971931423611111,10.068441116898148,4.1875,793.9,253.25,0.03497748774324047,0.36022827265758695,False,False,0.06850149692735963
f125f3a310c2e5f822d116147de1e474,SP,sao paulo,16,2,0.125,0.0,1.1645421006944443,10.404750434027777,11.933017216435186,4.1875,2761.4,287.89,0.03497748774324047,0.36022827265758695,False,False,0.06850149692735963
fcdd820084f17e9982427971e4e9d47f,SP,ribeirao preto,16,2,0.125,0.0,2.045400462962963,10.019989872685185,12.597906539351852,3.9375,4783.99,881.75,0.03497748774324047,0.36022827265758695,False,False,0.06850149692735963
04fdea0c111866e6cf812f1570d6b5bd,SP,sao paulo,8,1,0.125,0.25,4.72248119212963,13.097241030092592,18.002058738425927,3.5,865.0,173.35,0.02241749145005667,0.4708881822128535,False,False,0.06850149692735963
07de60b03d150fb3ea09eab5da5e4c8b,SP,ibitinga,8,1,0.125,0.0,1.2241059027777779,12.805956307870371,14.1061328125,4.75,629.2,155.16,0.02241749145005667,0.4708881822128535,False,False,0.06850149692735963
15fa791d5e017f66402dc28c44480657,SP,sao paulo,8,1,0.125,0.0,1.0668532986111112,10.366267361111111,11.574577546296297,4.25,1802.0,181.29,0.02241749145005667,0.4708881822128535,False,False,0.06850149692735963
1dd33b8119b3cb1056ed5dc88cd0aaf4,SP,sao paulo,8,1,0.125,0.0,1.8623857060185185,8.51578414351852,10.906626157407407,3.75,1513.0,128.74,0.02241749145005667,0.4708881822128535,False,False,0.06850149692735963
27a56ff04b34c2ba34ce6ba4d3b9d616,SP,campinas,8,1,0.125,0.0,2.7736530671296293,9.737359664351851,12.881733217592593,4.125,349.28999999999996,102.98,0.02241749145005667,0.4708881822128535,False,False,0.06850149692735963
2d2322d842118867781fc737e96d59a1,SP,sao paulo,8,1,0.125,0.0,1.2243105158730159,6.03164207175926,8.09072193287037,4.875,176.4,104.97,0.02241749145005667,0.4708881822128535,False,False,0.06850149692735963
406740ee611378a662d274c7d8c43c4a,ES,vitoria,8,1,0.125,0.0,2.231652199074074,12.141362847222222,15.207686631944444,4.375,1790.0,182.08,0.02241749145005667,0.4708881822128535,False,False,0.06850149692735963
4e8dacf3d38f281ae26c3e0321d92d88,SP,sao paulo,8,1,0.125,0.5,4.4590856481481485,7.251753472222222,12.03462962962963,3.125,2055.46,140.57999999999998,0.02241749145005667,0.4708881822128535,False,False,0.06850149692735963
577719699805dd125d5b6fdde5943bba,RS,nova petropolis,8,1,0.125,0.125,4.77176917989418,5.627080439814815,10.283478009259259,4.375,1077.8000000000002,209.56,0.02241749145005667,0.4708881822128535,False,False,0.06850149692735963
6562efe88ce0826a4ca4f189f03b4b84,PR,maringa,8,1,0.125,0.125,8.206789641203704,9.379641203703704,17.81350115740741,3.875,1076.0,282.32,0.02241749145005667,0.4708881822128535,False,False,0.06850149692735963
8f580d36c1e9d6fbce95283403c7d447,SP,ribeirao preto,8,1,0.125,0.0,1.207003761574074,10.437061631944445,12.273006365740741,4.375,4813.25,180.15,0.02241749145005667,0.4708881822128535,False,False,0.06850149692735963
9bc484c87d79cd4874e05ca182658045,SP,sao paulo,8,1,0.125,0.0,1.814541377314815,10.98040653935185,13.12238425925926,4.25,970.0,105.12,0.02241749145005667,0.4708881822128535,False,False,0.06850149692735963
ba6b4a237f92479743cf0ca06b67a9ac,RJ,rio de janeiro,8,1,0.125,0.0,1.8821281828703704,10.326018518518518,12.598758680555555,4.25,801.89,111.82,0.02241749145005667,0.4708881822128535,False,False,0.06850149692735963
c1ed9e3daf6154542826a6996af0fb8c,SC,itajai,8,1,0.125,0.25,5.144461805555555,10.53156539351852,16.930416666666666,4.25,757.5,292.57,0.02241749145005667,0.4708881822128535,False,False,0.06850149692735963
c35affa65afd250151285c5917fc1c8a,SP,sao paluo,8,1,0.125,0.0,2.0897236689814815,14.381400462962963,17.261034432870368,4.25,4779.92,644.84,0.02241749145005667,0.4708881822128535,False,False,0.06850149692735963
c7fdb77fdbff3c41981bc52f787e959e,SP,santo andre,8,1,0.125,0.25,4.793780381944445,11.025982349537037,16.38001591435185,3.875,602.48,153.91,0.02241749145005667,0.4708881822128535,False,False,0.06850149692735963
de9727ca376d1be6ec121b110aa7954c,PR,sarandi,8,1,0.125,0.125,3.487120949074074,7.996572627314815,12.380478877314815,3.5,928.9000000000001,172.25,0.02241749145005667,0.4708881822128535,False,False,0.06850149692735963
e83c76265fc54bf41eac728805e4da77,SP,aracatuba,8,1,0.125,0.125,2.292888558201058,30.533582175925925,32.602546296296296,3.625,237.29999999999998,99.19,0.02241749145005667,0.4708881822128535,False,False,0.06850149692735963
e8a85b5f3df47be0984c55fd4064dbb4,DF,brasilia,8,1,0.125,0.375,4.165338541666666,5.765779803240741,10.681103877314815,4.5,743.0,222.99,0.02241749145005667,0.4708881822128535,False,False,0.06850149692735963
e8dba4d70f7f2b20e775d09cae01142d,SP,santa barbara d oeste,8,1,0.125,0.25,1.1215393518518517,7.956174768518518,9.36744212962963,4.5,761.92,154.92,0.02241749145005667,0.4708881822128535,False,False,0.06850149692735963
f1b93673502375d491780bb49d615dbc,SP,sao jose dos campos,8,1,0.125,0.5,9.212284432870371,4.57693431712963,14.444124710648149,3.125,2638.9300000000003,320.35,0.02241749145005667,0.4708881822128535,False,False,0.06850149692735963
75d34ebb1bd0bd7dde40dd507b8169c3,BA,salvador,57,7,0.12280701754385964,0.19298245614035087,4.498646645549058,11.187337759909031,16.047814733593242,3.9298245614035086,12656.33,1313.44,0.060780601589980846,0.23246448435174005,True,False,0.06850149692735963
ba143b05f0110f0dc71ad71b4466ce92,SP,sao paulo,82,10,0.12195121951219512,0.07317073170731707,2.5297060481956315,7.144905007904247,10.218084208446252,4.487804878048781,5940.8099999999995,1293.89,0.06760853649677892,0.2101297399518335,True,False,0.06850149692735963
99a54764c341d5dc80b4a8fac4eba3fb,SP,sao paulo,41,5,0.12195121951219512,0.0975609756097561,1.8901226851851853,5.862618845980126,8.013028172990063,3.7,3509.7599999999998,1248.03,0.053233364685777176,0.25544211520976884,True,False,0.06850149692735963
0ffa40d54288e4f3499b8780dd0f144f,SP,presidente prudente,33,4,0.12121212121212122,0.0,1.724743265993266,11.331057098765433,13.538299312570146,4.484848484848484,2162.8,583.67,0.04816161309413558,0.2732550517107523,True,False,0.06850149692735963
1eade46fba20122dc4aefb379f8c636b,SP,sao paulo,58,7,0.1206896551724138,0.0,1.7205361952861955,10.328676963601533,12.37374361430396,4.431034482758621,3635.37,1038.34,0.059709660482407195,0.22879354045960884,True,False,0.06850149692735963
972d0f9cf61b499a4812cf0bfa3ad3c4,SC,brusque,75,9,0.12,0.3466666666666667,4.652027160493827,13.446663425925927,18.494774691358025,3.0821917808219177,7320.01,1951.28,0.06443371823944515,0.2125964020474873,True,False,0.06850149692735963
f3da5b2ff499efb8d4a6d371d175d7dd,SP,sao paulo,75,9,0.12,0.06666666666666667,2.126550595238095,8.968741049382716,11.417012654320988,3.9121621621621623,3452.19,1036.13,0.06443371823944515,0.2125964020474873,True,False,0.06850149692735963
048c2757535328e0d7dac690ad3c0aae,SP,franca,50,6,0.12,0.02,2.421369675925926,15.627766203703704,18.514625925925927,4.244897959183674,9065.08,1247.33,0.05617600150932274,0.23804817383202992,True,False,0.06850149692735963
a6fe7de3d16f6149ffe280349a8535a0,SP,franca,50,6,0.12,0.22,3.715709953703704,10.764542824074073,14.975533564814814,4.040816326530612,2844.9,729.54,0.05617600150932274,0.23804817383202992,True,False,0.06850149692735963
15aac934c58d886785ac1b17953ea898,ES,muqui,25,3,0.12,0.04,1.9619361111111109,11.760666666666665,14.308052314814816,4.24,4353.9,665.7,0.04166817150440358,0.2995579392092732,False,False,0.06850149692735963
903037660cf848a717166eb7a06d616e,SP,sao paulo,42,5,0.11904761904761904,0.09523809523809523,2.810673554652213,8.924343309082891,12.15383735670194,3.9285714285714284,7855.2,1062.49,0.05193803327758237,0.25000390262009675,True,False,0.06850149692735963
5058e8c1e82653974541e83690655b4a,SP,itaquaquecetuba,59,7,0.11864406779661017,0.2542372881355932,15.510450800376649,11.07510730539862,27.20348948524796,3.3448275862068964,9272.9,2849.07,0.05867582775790306,0.22523640399981695,True,False,0.06850149692735963
0d85bbda9889ce1f7e63778d24f346eb,MG,uberlandia,51,6,0.11764705882352941,0.0196078431372549,2.7204852033405955,12.565450027233116,15.828296114742193,4.2,4845.2,1624.5,0.05505073677918175,0.23380844314322463,True,False,0.06850149692735963
11305281b50fff20ae8bb473f8e11876,MG,uba,34,4,0.11764705882352941,0.058823529411764705,1.8601143790849672,11.425823461328976,13.745111996187363,4.294117647058823,6458.71,1394.13,0.04671446664882335,0.26620842770371833,True,False,0.06850149692735963
392e0502231ae2f8b29994ef6398cd77,SP,cerqueira cesar,17,2,0.11764705882352941,0.11764705882352941,2.9054330065359477,14.549569035947712,17.708312227668845,4.352941176470588,1572.9,309.89,0.03287977376379267,0.3433635059488588,False,False,0.06850149692735963
4c8b8048e33af2bf94f2eb547746a916,SP,ibitinga,17,2,0.11764705882352941,0.23529411764705882,5.673322440087146,14.247071078431373,20.231179193899784,3.588235294117647,1571.1499999999999,358.67,0.03287977376379267,0.3433635059488588,False,False,0.06850149692735963
52f0fe436a347ddad7ed5f9aa4e27eaa,SP,sao paulo,17,2,0.11764705882352941,0.11764705882352941,3.7155460239651417,12.004897194989107,16.221154003267973,4.0,1412.53,358.42,0.03287977376379267,0.3433635059488588,False,False,0.06850149692735963
54c04bdb5ec46762f8f08c7e8f86ed4a,SC,florianopolis,17,2,0.11764705882352941,0.0,1.56798828125,14.403368055555557,16.179972766884532,4.294117647058823,3165.11,447.5,0.03287977376379267,0.3433635059488588,False,False,0.06850149692735963
863d2ebcd347ce4922de7a0f9a5581d6,RJ,rio de janeiro,17,2,0.11764705882352941,0.0,1.1354318576388889,9.71298611111111,11.506793981481481,4.0588235294117645,1312.36,293.21999999999997,0.03287977376379267,0.3433635059488588,False,False,0.06850149692735963
977f9f63dd360c2a32ece2f93ad6d306,SP,tabatinga,17,2,0.11764705882352941,0.23529411764705882,2.6201021241830063,10.677161628540304,14.055850354030502,4.235294117647059,2198.7400000000002,762.4200000000001,0.03287977376379267,0.3433635059488588,False,False,0.06850149692735963
ef2fbc2b607d8492bcffe657a4645434,RJ,rio de janeiro,17,2,0.11764705882352941,0.0,0.8076770152505447,6.231846405228758,7.3198842592592595,4.117647058823529,826.1,327.12,0.03287977376379267,0.3433635059488588,False,False,0.06850149692735963
34056b8b55c1775a22af2331670a799c,SP,penapolis,77,9,0.11688311688311688,0.06493506493506493,1.4027169011544012,10.990464766714767,12.927642496392497,4.038961038961039,6398.7,1751.51,0.06272562005649385,0.2074508356793972,True,False,0.06850149692735963
e62b2d6ac10570a035a30bafcf01d263,SP,sao paulo,60,7,0.11666666666666667,0.31666666666666665,5.125811342592593,8.99769675925926,14.405103780864199,4.0,5258.34,1021.84,0.0576772064005603,0.2217878802417086,True,False,0.06850149692735963
b18dc380845b24038cfc48006478f099,SP,diadema,43,5,0.11627906976744186,0.046511627906976744,2.5583548664944016,9.818633720930233,12.824832848837211,4.214285714285714,7753.96,796.87,0.05070427739804166,0.24479161810082128,True,False,0.06850149692735963
3771c85bac139d2344864ede5d9341e3,SP,sorocaba,26,3,0.11538461538461539,0.038461538461538464,3.7465607193732193,9.05105056980057,13.25759659900285,3.8461538461538463,1433.3,408.96,0.04003244623610615,0.2897590321171364,False,False,0.06850149692735963
77a515caa36327151d1cc6c32a9f00e1,SP,diadema,26,3,0.11538461538461539,0.07692307692307693,1.4174281442901233,8.47470486111111,10.33738425925926,4.423076923076923,2217.39,396.19,0.04003244623610615,0.2897590321171364,False,False,0.06850149692735963
5343d0649eca2a983820bfe93fc4d17e,SP,santo andre,61,7,0.11475409836065574,0.01639344262295082,1.187929948391014,9.847693154219794,11.474386953551912,4.166666666666667,8761.05,1934.32,0.05671202660732208,0.21844308472401078,True,False,0.06850149692735963
0176f73cc1195f367f7b32db1e5b3aa8,SP,ibitinga,35,4,0.11428571428571428,0.0,1.8652066312636166,11.218226521164022,13.373002314814816,4.171428571428572,4445.400000000001,1237.93,0.04535179333097357,0.2595146864621381,True,False,0.06850149692735963
6fc26fe110feebd80a433e1f012a84f9,SP,fernandopolis,35,4,0.11428571428571428,0.02857142857142857,2.626014880952381,9.923171626984127,12.877805224867725,3.911764705882353,4150.87,977.19,0.04535179333097357,0.2595146864621381,True,False,0.06850149692735963
406822777a0b9eb5c50e442dd4cd3ec5,SP,tatui,44,5,0.11363636363636363,0.022727272727272728,1.983171033249158,11.152157249579124,13.384291351010102,4.325581395348837,3548.09,901.12,0.04952780601092492,0.23979152416608285,True,False,0.06850149692735963
4c498c7345e89aebad651544829beca0,SP,carapicuiba,44,5,0.11363636363636363,0.09090909090909091,2.692655974426808,8.064794034090909,11.077737531565656,4.431818181818182,4448.57,549.52,0.04952780601092492,0.23979152416608285,True,False,0.06850149692735963
f46490624488d3ff7ce78613913a7711,SP,guarulhos,80,9,0.1125,0.225,3.0540170717592594,6.680773871527778,10.25233666087963,3.7625,5690.95,1693.4099999999999,0.060326869466304764,0.20018218092372875,True,False,0.06850149692735963
a673821011d0cec28146ea42f5ab767f,SP,sao paulo,116,13,0.11206896551724138,0.1810344827586207,4.029598027375202,9.046511913314175,13.410585488505747,4.128318584070796,12321.93,2392.8,0.0666734962046622,0.18233431056229887,True,False,0.06850149692735963
8b28d096634035667e8263d57ba3368c,SP,sao jose dos campos,135,15,0.1111111111111111,0.05925925925925926,2.556770307239057,11.246258487654321,14.186317472565158,4.06015037593985,8819.12,2459.95,0.06850037601571249,0.17524136444236246,True,False,0.06850149692735963
99eaacc9e6046db1c82b163c5f84869f,SP,franca,63,7,0.1111111111111111,0.14285714285714285,3.2034229864785417,11.093955393885949,14.98057319223986,4.0,12642.28,1081.66,0.05487548662383722,0.21204655750082524,True,False,0.06850149692735963
14d7985702e72162bbf13b6beb74ab2b,SP,santo andre,36,4,0.1111111111111111,0.05555555555555555,1.8358330118312756,8.706660558127572,11.17096579218107,4.361111111111111,3832.0,536.93,0.04406640300315648,0.25314808590364857,True,False,0.06850149692735963
dd533b429f380718b70ad9922c294bae,SP,barretos,36,4,0.1111111111111111,0.19444444444444445,3.9489695859053495,12.660379372427984,17.338069380144034,4.027777777777778,1886.28,1008.8100000000001,0.04406640300315648,0.25314808590364857,True,False,0.06850149692735963
1f1bb1f0859883505541bdd6606193e5,SP,sao paulo,27,3,0.1111111111111111,0.0,3.5517819787379974,10.233067986968448,13.97880958504801,4.333333333333333,16040.84,522.03,0.038520348283098374,0.2805780081827982,False,False,0.06850149692735963
3ade81dab5a172b88e1871c28ae05260,SP,sao jose do rio preto,27,3,0.1111111111111111,0.037037037037037035,3.629513888888889,10.387830075445818,14.3410811042524,4.230769230769231,5203.7,1410.27,0.038520348283098374,0.2805780081827982,False,False,0.06850149692735963
c0563dd588b775f2e37747ef6ad6c92c,SP,santo andre,27,3,0.1111111111111111,0.1111111111111111,2.727811213991769,7.8928798010973935,10.86502872085048,4.444444444444445,3587.3,385.83,0.038520348283098374,0.2805780081827982,False,False,0.06850149692735963
157c3e4b42f81ac4a44e8b1ca2fe9876,SP,sao paulo,18,2,0.1111111111111111,0.16666666666666666,2.8166049382716047,8.08577996399177,11.56899112654321,3.9444444444444446,1849.5,411.04,0.03101952264561239,0.32799765130178804,False,False,0.06850149692735963
1c40343cc5d18c2d8248ac2f3366de34,SP,limeira,18,2,0.1111111111111111,0.0,2.1993602109053496,4.969595550411523,7.481651877572016,4.555555555555555,2151.62,307.39,0.03101952264561239,0.32799765130178804,False,False,0.06850149692735963
6d988d6174a2c27441597174f8905515,PR,maringa,18,2,0.1111111111111111,0.6666666666666666,12.884848251028806,8.371929655349795,21.30511316872428,4.055555555555555,363.74,352.79,0.03101952264561239,0.32799765130178804,False,False,0.06850149692735963
bc47d5d1490df2b36add65d733eafaba,SP,santo andre,18,2,0.1111111111111111,0.1111111111111111,2.283398276748971,11.232474922839506,13.790686085390947,3.9444444444444446,762.3,322.41,0.03101952264561239,0.32799765130178804,False,False,0.06850149692735963
d51e0a403fe2e689ece6c73359d96e12,SP,pompeia,18,2,0.1111111111111111,0.0,2.413240740740741,11.147561085390947,14.026194058641975,4.222222222222222,7380.0,647.5699999999999,0.03101952264561239,0.32799765130178804,False,False,0.06850149692735963
03a2a6dcbe45d639c4dc2a0d24769c40,SP,maua,9,1,0.1111111111111111,0.0,1.6671000514403294,8.484156378600822,10.4471579218107,4.111111111111111,1078.41,172.25,0.019890887638544907,0.434999705576656,False,False,0.06850149692735963
1782ce2db72c3dda627d5e7c898104e1,SP,taboao da serra,9,1,0.1111111111111111,0.0,1.7563503086419754,27.392413837448558,29.349214248971194,4.333333333333333,2010.8,207.37,0.019890887638544907,0.434999705576656,False,False,0.06850149692735963
1cbd50a8c52e6cf8e315c5709fab386f,PR,fazenda rio grande,9,1,0.1111111111111111,0.1111111111111111,1.5386226851851852,16.205862911522633,19.0249537037037,3.7777777777777777,785.97,220.69,0.019890887638544907,0.434999705576656,False,False,0.06850149692735963
5b2e94f2c22b39ccc24d34ad0f669672,SP,sao paulo,9,1,0.1111111111111111,0.0,1.3899638310185185,9.086126543209877,10.737447273662552,4.888888888888889,883.78,356.38,0.019890887638544907,0.434999705576656,False,False,0.06850149692735963
615005a3ef192c00c6f0e977cee3d2bc,SP,itu,9,1,0.1111111111111111,0.0,1.5689814814814815,12.737880658436215,15.024745370370372,4.111111111111111,263.1,140.72,0.019890887638544907,0.434999705576656,False,False,0.06850149692735963
7210cd29727d674c00741e5e387b3ccd,SP,sao paulo,9,1,0.1111111111111111,0.0,1.1606828703703702,2.5072762345679016,3.7764146090534982,4.444444444444445,729.0899999999999,145.09,0.019890887638544907,0.434999705576656,False,False,0.06850149692735963
7813ea3ebd9411dc600b4dd01f7a97b9,SP,osasco,9,1,0.1111111111111111,0.0,2.182463991769547,10.158885030864196,13.03318544238683,3.888888888888889,1599.4,146.59,0.019890887638544907,0.434999705576656,False,False,0.06850149692735963
8bdd8e3fd58bafa48af76b2c5fd71974,SP,sao paulo,9,1,0.1111111111111111,0.0,1.6348538773148147,8.861365740740741,10.378738425925926,4.888888888888889,1946.8400000000001,162.76,0.019890887638544907,0.434999705576656,False,False,0.06850149692735963
9539213aa8e023c01937bef95dc006da,SP,sao paulo,9,1,0.1111111111111111,0.8888888888888888,7.669420010288066,4.106436471193415,11.792710905349795,4.555555555555555,229.1,89.94,0.019890887638544907,0.434999705576656,False,False,0.06850149692735963
9e6967d3cf386d284251784b18ccb485,SP,sao caetano do sul,9,1,0.1111111111111111,0.1111111111111111,2.3168415637860083,4.391284722222222,7.245511831275719,3.888888888888889,517.67,137.23,0.019890887638544907,0.434999705576656,False,False,0.06850149692735963
a1bea7061f61f6fdd9a85a6325ba1033,SP,carapicuiba / sao paulo,9,1,0.1111111111111111,0.0,1.196383744855967,3.1660815329218104,4.491721965020576,4.444444444444445,810.95,99.93,0.019890887638544907,0.434999705576656,False,False,0.06850149692735963
b18871c324516afa228a13e8f1ef0ae9,SP,sao paulo,9,1,0.1111111111111111,0.0,1.5148894032921811,7.023676697530864,8.933315329218107,3.4444444444444446,1064.6,243.8,0.019890887638544907,0.434999705576656,False,False,0.06850149692735963
b6dc74ed30f124f95227bed4e43a3bed,PR,arapongas,9,1,0.1111111111111111,0.3333333333333333,7.391653806584362,10.392418981481482,18.03835390946502,4.666666666666667,387.56,164.33,0.019890887638544907,0.434999705576656,False,False,0.06850149692735963
bafc5aa11e413978be29040f51342e70,MG,belo horizonte,9,1,0.1111111111111111,0.0,1.9161201131687244,11.069549897119343,13.440901491769546,3.7777777777777777,1679.55,149.92,0.019890887638544907,0.434999705576656,False,False,0.06850149692735963
c24173065483e421f9e5e7f599de101d,SP,sao paulo,9,1,0.1111111111111111,0.6666666666666666,5.962087191358025,8.914606481481481,15.815204475308642,3.5555555555555554,373.91,117.3,0.019890887638544907,0.434999705576656,False,False,0.06850149692735963
c500367424994318b9e779ff1ae9a330,SP,paulinia,9,1,0.1111111111111111,0.1111111111111111,4.683806584362141,11.05667566872428,16.712573302469135,3.7777777777777777,4346.4,311.98999999999995,0.019890887638544907,0.434999705576656,False,False,0.06850149692735963
c5f7feb04a6a1fb3596322bfc3cf1917,SP,sao caetano do sul,9,1,0.1111111111111111,0.0,1.9782769097222221,8.664219393004114,10.601556069958848,4.555555555555555,1536.7,257.92,0.019890887638544907,0.434999705576656,False,False,0.06850149692735963
d1582f4043306e6b91afa6a8a884f898,SP,sao paulo,9,1,0.1111111111111111,0.0,1.6644573045267488,10.159242541152263,12.108569958847736,4.111111111111111,990.0,131.92,0.019890887638544907,0.434999705576656,False,False,0.06850149692735963
d7485b33791774c36108f8c69602d48d,PR,curitiba,9,1,0.1111111111111111,0.0,1.3044830246913581,6.832480709876543,8.553671553497942,4.0,329.83000000000004,189.81,0.019890887638544907,0.434999705576656,False,False,0.06850149692735963
eb3071b9f0b0ddaa2df5ea130f09f26b,SP,sao paulo,9,1,0.1111111111111111,0.0,1.3307111625514405,7.354324845679012,9.65403677983539,4.555555555555555,6230.0,581.42,0.019890887638544907,0.434999705576656,False,False,0.06850149692735963
f35b3c613c4f7b2275f4185d0a3c59ec,SP,sao paulo,9,1,0.1111111111111111,0.0,2.801970164609054,9.601463477366256,12.80266975308642,4.555555555555555,4047.25,167.04,0.019890887638544907,0.434999705576656,False,False,0.06850149692735963
f5f46307a4d15880ca14fab4ad9dfc9b,SC,rio do sul,9,1,0.1111111111111111,0.2222222222222222,3.932563014403292,8.949207818930041,13.349134516460905,4.111111111111111,1422.94,231.38,0.019890887638544907,0.434999705576656,False,False,0.06850149692735963
fe1bbc5feda5c8979a8a1b3b2512d5a6,MG,arinos,9,1,0.1111111111111111,0.2222222222222222,1.5846630658436214,9.524656635802469,11.927600308641976,3.888888888888889,724.72,137.53,0.019890887638544907,0.434999705576656,False,False,0.06850149692735963
056b4ada5bbc2c50cc7842547dda6b51,RJ,queimados,64,7,0.109375,0.09375,1.8073470704310868,10.692004304108796,12.779225983796296,4.2063492063492065,12203.400000000001,1282.39,0.05400113344416797,0.20898641326896122,True,False,0.06850149692735963
f0b47fbbc6dee9aafe415a6e33051b3f,SP,maua,64,7,0.109375,0.1875,3.076890248383304,7.030654839409722,10.333353587962963,4.3125,3663.5,1275.64,0.05400113344416797,0.20898641326896122,True,False,0.06850149692735963
b14db04aa7881970e83ffa9426897925,SP,sorocaba,74,8,0.10810810810810811,0.33783783783783783,4.6558189439439435,11.209578953953955,16.291343531031032,3.7746478873239435,5308.9,2018.78,0.055807328681514695,0.19908844435889603,True,False,0.06850149692735963
0cbcee27c791afa0cdcb08587a2013a8,MG,tres coracoes,37,4,0.10810810810810811,0.02702702702702703,1.9283855730730728,10.550854291791792,12.79132225975976,4.0,5054.15,783.53,0.04285189940411473,0.24708531544126028,True,False,0.06850149692735963
5b8154610ebb21fb90eb587365e673df,SP,sao jose dos campos,37,4,0.10810810810810811,0.02702702702702703,1.6951376376376377,11.047200012512514,13.051636636636637,4.162162162162162,9048.050000000001,1048.67,0.04285189940411473,0.24708531544126028,True,False,0.06850149692735963
643214e62b870443ccbe55ab29a4dccf,SP,sao paulo,65,7,0.1076923076923077,0.09230769230769231,1.9177305772569444,7.3188823005698005,9.59067735042735,4.4,3229.23,891.48,0.053154219531127755,0.20601313581449843,True,False,0.06850149692735963
fd386aa7bed2af3c7035c65506c9b4a3,SP,sao paulo,65,7,0.1076923076923077,0.046153846153846156,0.9751148221634333,7.055925925925926,8.426268696581197,4.3538461538461535,2093.76,956.05,0.053154219531127755,0.20601313581449843,True,False,0.06850149692735963
3db66a856d18a9cba7c9241fc5221c50,MG,ponte nova,93,10,0.10752688172043011,0.24731182795698925,5.325725308641975,10.324306053365193,16.10930306650737,4.21505376344086,9408.4,2025.11,0.059463070231909915,0.18672755009773168,True,False,0.06850149692735963
238fac594e170b59c6d228f5a4f4f1d9,SP,dois corregos,28,3,0.10714285714285714,0.0,1.7157043038408781,10.156881200396825,12.100554728835977,4.111111111111111,3007.0,1370.8899999999999,0.03711836682929999,0.27195851548672156,False,False,0.06850149692735963
f12ff17ad8bbf01ec5c33b17e506649b,SP,sao paulo,28,3,0.10714285714285714,0.03571428571428571,2.288880208333333,11.295481977513228,13.791368220899471,3.857142857142857,6101.0,627.88,0.03711836682929999,0.27195851548672156,False,False,0.06850149692735963
784ba75dd9d20200c4caed3d7a77141a,SP,sao paulo,19,2,0.10526315789473684,0.42105263157894735,7.348774366471734,5.54974719785575,13.691990740740742,4.131578947368421,8142.33,600.02,0.02935856029887013,0.31394082711109006,False,False,0.06850149692735963
7bac63f6603d382cc8d0832eb6c100a8,SP,sao paulo,19,2,0.10526315789473684,0.05263157894736842,2.021003289473684,13.103499634502924,15.764658869395712,4.0,7751.95,362.65,0.02935856029887013,0.31394082711109006,False,False,0.06850149692735963
f615fe7efbef0f4f08fd3086bc7a3e60,SP,atibaia,19,2,0.10526315789473684,0.0,0.8669164230019494,7.029604044834308,8.147284356725146,4.631578947368421,1916.67,324.02,0.02935856029887013,0.31394082711109006,False,False,0.06850149692735963
f84a00e60c73a49e7e851c9bdca3a5bb,RJ,rio de janeiro,87,9,0.10344827586206896,0.034482758620689655,2.051183482332908,9.499813484461473,11.850995370370372,3.8850574712643677,5793.24,1931.02,0.05538511033788457,0.18504980896262468,True,False,0.06850149692735963
b2ac621f0d0322434d04a12b078b9369,PR,curitiba,29,3,0.10344827586206896,0.06896551724137931,2.6585077426564494,11.65966874201788,14.953913633461047,4.413793103448276,9445.6,772.2,0.03581489135067707,0.26385081090773804,False,False,0.06850149692735963
2d50d6282f8aa2257819a77bfaa0efe0,SP,ibitinga,39,4,0.10256410256410256,0.05128205128205128,2.845603679337232,10.49971747388414,13.68082502374169,4.0,2755.4900000000002,720.87,0.04061331344668381,0.23578854462856527,True,False,0.06850149692735963
3f3486b61f45078d4f31ee5e43d8c5bb,SP,sao paulo,39,4,0.10256410256410256,0.05128205128205128,1.449011752136752,11.992269408831909,13.880131469610637,4.333333333333333,3769.73,883.4,0.04061331344668381,0.23578854462856527,True,False,0.06850149692735963
cfb1a033743668a192316f3c6d1d2671,SP,votorantim,128,13,0.1015625,0.125,3.6263258644386576,8.417512749565972,12.405852683738425,4.24015748031496,11142.5,2924.11,0.060318648726840854,0.16602486330361116,True,False,0.06850149692735963
f84fa566034f5e8e880a07ec624c56af,SP,indaiatuba,89,9,0.10112359550561797,0.21348314606741572,3.5958097860791827,8.087830836454433,11.963886418019142,4.247191011235955,4993.91,1210.42,0.054118546891964145,0.1811368993077429,True,False,0.06850149692735963
e9d99831abad74458942f21e16f33f92,SP,sao paulo,129,13,0.10077519379844961,0.12403100775193798,3.435924580103359,8.99201972078668,12.92745845894344,3.9453125,4883.49,1989.1399999999999,0.059843350896576504,0.16479629914651234,True,False,0.06850149692735963
527801b552d0077ffd170872eb49683b,SP,garca,90,9,0.1,0.044444444444444446,2.079946313029897,10.77827237654321,13.124561471193415,4.47191011235955,17942.8,2062.56,0.05350675169712493,0.17924174875433652,True,False,0.06850149692735963
23d7c96d4a1160db1c726b248601b25a,SP,capivari,50,5,0.1,0.1,3.3693590277777776,9.534421527777777,13.130946064814816,3.9270833333333335,10658.24,1288.93,0.04347576493189041,0.21360231437479654,True,False,0.06850149692735963
82e0a475a88cc9595229d8029273f045,SP,sao paulo,40,4,0.1,0.1,3.359925347222222,12.255505497685185,16.07344212962963,3.675,10453.02,1439.18,0.03957952868260638,0.23051775227522298,True,False,0.06850149692735963
5c6d4016c2a288f074fa0848a2b653d2,SP,sao paulo,30,3,0.1,0.06666666666666667,2.032180169753086,8.239397376543211,10.810606867283951,4.133333333333334,3008.0,491.12,0.03459988874733419,0.25621082579184085,True,False,0.06850149692735963
6b3bd31ad8fcda4b2635ec9f3ff2ecdf,RJ,rio de janeiro,30,3,0.1,0.16666666666666666,3.687979552469136,10.142185570987655,14.168930941358024,4.4,3326.9,595.3,0.03459988874733419,0.25621082579184085,True,False,0.06850149692735963
e38db885400cd35c71dfd162f2c1dbcf,DF,brasilia,30,3,0.1,0.1,2.6195358796296295,9.901351080246913,12.858261959876542,4.466666666666667,2066.8,670.75,0.03459988874733419,0.25621082579184085,True,False,0.06850149692735963
e8b4225284fbb02d16f200513f1f395d,SP,novo horizonte,30,3,0.1,0.03333333333333333,1.2117700351213283,8.731288966049384,10.22229050925926,4.3,5638.62,1273.98,0.03459988874733419,0.25621082579184085,True,False,0.06850149692735963
39d54ff918774174706fb065d7f9dc07,SP,sao paulo,20,2,0.1,0.1,2.4142505787037036,9.52702025462963,12.16687789351852,4.3,1306.8899999999999,301.33,0.027866481213768224,0.3010336452284873,False,False,0.06850149692735963
411f3b52d857390502ee4e4d5ceabc2d,SP,ribeirao pires,20,2,0.1,0.05,1.6089896514161222,7.950773726851852,9.676517361111111,4.055555555555555,1734.11,357.18,0.027866481213768224,0.3010336452284873,False,False,0.06850149692735963
d3674f271c91f824f82d24d92011f669,DF,brasilia,20,2,0.1,0.05,1.7773842592592595,11.80346412037037,13.77093576388889,4.1,1718.3,383.52,0.027866481213768224,0.3010336452284873,False,False,0.06850149692735963
1690cada046eb7e92c12f98b1f8a8167,SP,sao paulo,10,1,0.1,0.1,1.2071145833333332,5.332281249999999,7.352841435185185,4.9,1760.0,232.91,0.017876213095072896,0.4041500267952385,False,False,0.06850149692735963
4be6b962d83299498bae2190f95d6566,SP,sao carlos,10,1,0.1,0.0,1.1634872685185187,6.267222222222222,7.4939537037037045,4.0,369.9,165.13,0.017876213095072896,0.4041500267952385,False,False,0.06850149692735963
59cd88080b93f3c18508673122d26169,SP,praia grande,10,1,0.1,0.0,2.204814814814815,10.380420138888889,13.021471064814815,4.7,392.33,175.38,0.017876213095072896,0.4041500267952385,False,False,0.06850149692735963
5a6a02f419701fc8c605af71d4fc57a4,SP,americana,10,1,0.1,0.1,2.3146231995884774,3.045959490740741,5.593672453703704,4.8,600.5,113.91,0.017876213095072896,0.4041500267952385,False,False,0.06850149692735963
5ab05b6d86d417796c69ffd6774ec832,SP,assis,10,1,0.1,0.1,2.551226851851852,10.881694444444445,13.937832175925925,3.8,1886.1,256.75,0.017876213095072896,0.4041500267952385,False,False,0.06850149692735963
6ddc28b61be28373b4503a1f61cf98a9,SP,sao paulo,10,1,0.1,0.0,0.8589930555555555,5.903070601851852,7.124047453703703,4.3,1576.0,144.55,0.017876213095072896,0.4041500267952385,False,False,0.06850149692735963
723cd880edaacdb998898b67c8f9da30,SP,ibitinga,10,1,0.1,0.2,2.8657767489711934,7.5083877314814815,10.563122685185185,4.1,2036.54,385.26,0.017876213095072896,0.4041500267952385,False,False,0.06850149692735963
87b740daf17b5d1be335a64164ec6842,SP,suzano,10,1,0.1,0.1,4.550953703703704,12.64378125,17.403613425925926,4.0,11299.9,1111.1599999999999,0.017876213095072896,0.4041500267952385,False,False,0.06850149692735963
8ca1551acf9832a4cf467bbbac15851f,PR,campo largo,10,1,0.1,0.0,3.592173611111111,10.303918981481482,14.193344907407408,4.2,2047.4,257.51,0.017876213095072896,0.4041500267952385,False,False,0.06850149692735963
8e2b3afb420011ef0c88c9d5f11ea526,SP,campinas,10,1,0.1,0.1,3.1430486111111113,6.149409722222222,9.48968287037037,4.5,1243.6000000000001,130.82,0.017876213095072896,0.4041500267952385,False,False,0.06850149692735963
9d39404483343dd55c7ae254494d8388,SP,sao paulo,10,1,0.1,0.0,3.162350694444444,10.320785879629629,14.386840277777779,3.5,293.2,141.07999999999998,0.017876213095072896,0.4041500267952385,False,False,0.06850149692735963
9dd59e43f0c9f0553244e8f9c2fb247e,PR,foz do iguacu,10,1,0.1,0.1,2.4643206018518518,10.546305555555556,13.135447916666667,4.8,356.3,151.82,0.017876213095072896,0.4041500267952385,False,False,0.06850149692735963
b2c97074649f92197d9387d9033dda5f,SP,botucatu,10,1,0.1,0.1,1.2307210648148148,10.692697916666667,12.233510416666666,4.7,684.71,279.37,0.017876213095072896,0.4041500267952385,False,False,0.06850149692735963
bb7a14e229b1c95156719c3d9552eeee,RJ,rio de janeiro,10,1,0.1,0.1,3.9734930555555557,7.123459490740741,11.600447916666667,4.5,2760.2,287.40999999999997,0.017876213095072896,0.4041500267952385,False,False,0.06850149692735963
c6a7539d424a8402232c2228d7a03c5e,SP,sao paulo,10,1,0.1,0.1,4.40250925925926,9.590946759259259,14.271766203703702,3.1,607.5,393.82,0.017876213095072896,0.4041500267952385,False,False,0.06850149692735963
f5f1f2c5f923f36ad79ea1d07185ddc9,SP,taruma,10,1,0.1,0.3,4.241895833333333,8.67431712962963,13.051210648148148,3.7,1517.77,173.73,0.017876213095072896,0.4041500267952385,False,False,0.06850149692735963
f8201cab383e484733266d1906e2fdfa,SC,palhoca,10,1,0.1,0.1,2.0167743055555554,10.414849537037037,13.045797453703704,4.1,889.0,255.82999999999998,0.017876213095072896,0.4041500267952385,False,False,0.06850149692735963
fdaaf5bfda82b7b80535610c831b8d09,SP,sao jose do rio preto,10,1,0.1,0.0,1.0349614197530863,8.779210648148148,9.90040625,4.2,2588.8999999999996,259.42,0.017876213095072896,0.4041500267952385,False,False,0.06850149692735963
fe701d88b67eaca109dffd464d1be9f9,RJ,marica,10,1,0.1,0.0,0.8583483796296296,11.037549768518518,12.424614583333334,4.3,1359.0,219.02,0.017876213095072896,0.4041500267952385,False,False,0.06850149692735963
729f06993dac8e860d4f02d7088ca48a,SP,limeira,91,9,0.0989010989010989,0.02197802197802198,2.2130105597170204,9.37356188949939,11.943835724460724,4.233333333333333,19650.48,4804.13,0.052908639819141776,0.1773857809150149,True,False,0.06850149692735963
8648b1e89e9b349e32d3741b30ec737e,SP,jacarei,91,9,0.0989010989010989,0.02197802197802198,1.2018783436213991,7.678476165038665,9.10446822853073,4.164835164835165,7071.95,1385.09,0.052908639819141776,0.1773857809150149,True,False,0.06850149692735963
318f287a62ab7ac10b703ac37435a231,SP,sao paulo,51,5,0.09803921568627451,0.19607843137254902,4.002931417937545,7.247823847131445,11.519044798474946,3.9215686274509802,2432.48,1097.04,0.04260807310761862,0.20978234681080865,True,False,0.06850149692735963
aac29b1b99776be73c3049939652091d,MG,uberlandia,92,9,0.09782608695652174,0.06521739130434782,2.848230056980057,12.026520481078906,15.11328678542673,4.164835164835165,6473.78,2541.48,0.052323757089611615,0.1755677951618667,True,False,0.06850149692735963
6f892e20a171e98efe17fdb971ff319b,SP,sao paulo,41,4,0.0975609756097561,0.14634146341463414,5.073712737127371,11.753457260614272,17.355762195121955,4.15,6049.0,857.49,0.03859708489808934,0.22547681305523387,True,False,0.06850149692735963
634964b17796e64304cadf1ad3050fb7,RJ,rio de janeiro,257,25,0.09727626459143969,0.10505836575875487,3.142331793125811,11.014427105850986,14.853905281740884,4.120622568093385,37788.3,5760.29,0.06675971051382712,0.13965478764194902,True,False,0.06850149692735963
23613d49c3ac2bd302259e55c06c050c,SP,porto ferreira,62,6,0.0967741935483871,0.43548387096774194,5.1017058691756265,8.985631720430106,14.662815486857825,4.0,3871.1000000000004,1868.76,0.045111872023193916,0.19548818612307423,True,False,0.06850149692735963
20cb7c2fde3e5bf10f0bbe7394e1c6a9,PR,andira-pr,31,3,0.0967741935483871,0.03225806451612903,1.866663306451613,10.042283452807645,12.365232974910393,4.096774193548387,844.9999999999999,780.15,0.03346464416319736,0.24899938443392836,True,False,0.06850149692735963
2745f798279e0ed033addcc1474776d7,SP,sao paulo,31,3,0.0967741935483871,0.16129032258064516,2.8129316009557943,10.16699746117085,13.611460573476702,3.933333333333333,3578.63,672.75,0.03346464416319736,0.24899938443392836,True,False,0.06850149692735963
76d5af76d0271110f9af36c92573f765,SP,sao paulo,125,12,0.096,0.136,2.8704858288166215,8.760502407407408,12.052545740740742,4.17741935483871,31665.4,3713.22,0.05577122611489426,0.16031961200143352,True,False,0.06850149692735963
ce7d1888639e6fb06b2749cbfdac1ff7,MG,baependi,73,7,0.0958904109589041,0.0273972602739726,2.2323642820903093,12.53693239472349,15.131017884322679,4.315068493150685,11065.89,2887.68,0.04722895459680575,0.18495636690166184,True,False,0.06850149692735963
7d76b645482be4a332374e8223836592,SP,sao paulo,168,16,0.09523809523809523,0.125,3.496326929474385,9.710887759038801,13.64764736276455,4.0120481927710845,3675.9599999999996,2407.2799999999997,0.059474309403575225,0.14909851735584176,True,False,0.06850149692735963
f4db9b37944bcb8873e6b456ee190bbf,SP,itaquaquecetuba,21,2,0.09523809523809523,0.0,2.180005208333333,10.771776895943564,13.154061397707231,4.571428571428571,3409.78,500.16,0.02651876743807452,0.2891413907391826,False,False,0.06850149692735963
9c0e69c7bf2619675bbadf47b43f655a,SP,sao jose dos campos,137,13,0.0948905109489051,0.24817518248175183,4.79432659164639,9.612668373208976,15.026805555555555,4.261029411764706,29815.61,2406.27,0.05629472764993749,0.15558506307763098,True,False,0.06850149692735963
4c2b230173bb36f9b240f2b8ac11786e,SP,sao paulo,253,24,0.09486166007905138,0.3241106719367589,4.831119894598156,7.550268719806763,12.891306909676475,3.9919678714859437,14199.18,4289.74,0.06457653741151984,0.13726571601099175,True,False,0.06850149692735963
ececbfcff9804a2d6b40f589df8eef2b,SP,franca,95,9,0.09473684210526316,0.010526315789473684,1.38717094782955,11.569238791423002,13.327634624756334,4.126315789473685,6570.15,1792.8,0.05064423402767533,0.17033043673589748,True,False,0.06850149692735963
70a12e78e608ac31179aea7f8422044b,SP,jacarei,307,29,0.09446254071661238,0.17263843648208468,3.5886395545872674,10.859810253046206,14.825328371938715,3.8,29616.53,5404.84,0.06657693587353138,0.1323716183357923,True,False,0.06850149692735963
3df020b72d3d44b3af9d110fa3940b65,SP,jales,53,5,0.09433962264150944,0.018867924528301886,1.6341962695868946,11.51616352201258,13.514151816911252,4.018867924528302,4840.3,1601.97,0.04097264149725047,0.20253727376296274,True,False,0.06850149692735963
a888faf2d1baececa6baf9c3d603ee1f,PR,umuarama,53,5,0.09433962264150944,0.2830188679245283,6.572733665269043,11.155447239692522,18.016654437456324,4.09433962264151,17564.8,1107.95,0.04097264149725047,0.20253727376296274,True,False,0.06850149692735963
7b0df942f46435babab05d49b744b2c4,SP,braganca paulista,32,3,0.09375,0.03125,1.601549117476852,8.90681712962963,11.085880353009259,4.387096774193548,22600.63,672.15,0.032401551298366194,0.24218154728387864,True,False,0.06850149692735963
93dc87703c046b603023e75222018b45,MG,belo horizonte,32,3,0.09375,0.25,8.401344762731481,11.640016999421297,20.379621310763888,4.166666666666667,7720.35,616.12,0.032401551298366194,0.24218154728387864,True,False,0.06850149692735963
d5ba419e26d246a0719437cf37d9b46d,SP,sao paulo,32,3,0.09375,0.1875,2.157574146412037,7.247116970486111,9.720170355902779,4.096774193548387,3852.5,487.21,0.032401551298366194,0.24218154728387864,True,False,0.06850149692735963
f62d7bb4a613ec758a03342d46b580b2,MG,vicosa,32,3,0.09375,0.15625,4.738894675925926,8.636434461805555,13.872097077546297,4.375,24665.0,2125.59,0.032401551298366194,0.24218154728387864,True,False,0.06850149692735963
a3e9a2c700480d9bb01fba070ba80a0e,SP,ibitinga,118,11,0.09322033898305085,0.0847457627118644,2.503613006864623,10.49663910467671,13.286736209196485,4.072649572649572,12501.8,2607.7400000000002,0.052851600772239334,0.15923925131385774,True,False,0.06850149692735963
db2956745b3a8e9f3785c99f34b5d25e,SP,sao sebastiao,43,4,0.09302325581395349,0.5116279069767442,7.105311673280423,7.123284614556417,14.603206018518518,3.9069767441860463,8011.0,919.6899999999999,0.03677164063171276,0.21602703641253587,True,False,0.06850149692735963
1d8dbc4f32378d715c717c1c1fc57bae,PR,arapongas,87,8,0.09195402298850575,0.16091954022988506,4.038799223073648,11.575836127075352,15.896125478927203,4.1647058823529415,10737.29,2014.02,0.047332892255086745,0.17108564789471262,True,False,0.06850149692735963
1900267e848ceeba8fa32d80c1a5f5a8,SP,ibitinga,359,33,0.09192200557103064,0.055710306406685235,1.9551863458165686,11.282880139017848,13.61800867894357,3.9731638418079096,22044.84,7213.82,0.06620240971577014,0.12628237150987195,True,False,0.06850149692735963
1336efc61c316ddf92c899eb817f7cae,SP,assis,66,6,0.09090909090909091,0.06060606060606061,2.981155127665544,8.798169893378228,12.12094960016835,4.257575757575758,4487.33,1335.89,0.04233297507051134,0.18448729884965878,True,False,0.06850149692735963
d13e50eaa47b4cbe9eb81465865d8cfc,SP,santo andre,66,6,0.09090909090909091,0.13636363636363635,1.2538878038194445,3.5199026725589224,5.039004454264871,4.818181818181818,7073.05,834.5,0.04233297507051134,0.18448729884965878,True,False,0.06850149692735963
17f51e7198701186712e53a39c564617,SP,sao paulo,55,5,0.09090909090909091,0.14545454545454545,11.968977483164984,10.721215698653198,23.208877735690237,4.345454545454546,46969.0,9607.7,0.03945815507418035,0.1957749458397994,True,False,0.06850149692735963
432c37c9dfba871172ec162e20118b8c,DF,brasilia,44,4,0.09090909090909091,0.1590909090909091,3.8328966750841755,10.09758233375421,14.598831281565657,4.25,2679.87,934.93,0.03592219322731624,0.21159239166598612,True,False,0.06850149692735963
1caf283236cd69af44cbc09a0a1e7d32,RJ,nova iguacu,33,3,0.09090909090909091,0.030303030303030304,2.014806397306397,11.360271815375981,13.810502244668912,4.606060606060606,917.6,612.65,0.03140394152458165,0.2357260564646973,True,False,0.06850149692735963
e8f6dc8e6a1dcde89d20e3995c8d90b3,SP,sao paulo,33,3,0.09090909090909091,0.21212121212121213,5.32040404040404,7.63483971661055,13.413873807519641,4.0,2053.94,2001.74,0.03140394152458165,0.2357260564646973,True,False,0.06850149692735963
13d058e4eeac2ce8217660b2f8a05812,SP,osasco,22,2,0.09090909090909091,0.09090909090909091,2.997428451178451,7.98289877946128,11.403861531986532,4.181818181818182,3739.78,907.59,0.025295428990995267,0.27814946841605814,False,False,0.06850149692735963
7901646fdd36a55f564ffaf2dbccaaf7,RJ,rio de janeiro,22,2,0.09090909090909091,0.045454545454545456,2.273154461279461,7.1292324284511785,9.824321864478115,4.5,11857.08,621.75,0.025295428990995267,0.27814946841605814,False,False,0.06850149692735963
7f2617c58d5d06806987308b45654351,SP,sao paulo,22,2,0.09090909090909091,0.0,2.022265361952862,10.156243686868686,12.480531355218856,3.8181818181818183,3656.8,326.47,0.025295428990995267,0.27814946841605814,False,False,0.06850149692735963
e7df4cd29ab5abab70fb0783ddb53987,SP,sao paulo,22,2,0.09090909090909091,0.22727272727272727,3.536386258417508,6.310841224747475,10.434106165824916,4.363636363636363,9548.8,403.0,0.025295428990995267,0.27814946841605814,False,False,0.06850149692735963
fb89df7f89fd1b8f03fa2acca1ba7364,PR,foz do iguacu,22,2,0.09090909090909091,0.3181818181818182,4.5063941498316495,11.50710122053872,16.15063710016835,3.8636363636363638,2220.0,467.43,0.025295428990995267,0.27814946841605814,False,False,0.06850149692735963
058cb5aeb36d7c0fcae20fc85d5e0a59,RJ,rio de janeiro,11,1,0.09090909090909091,0.09090909090909091,2.99434132996633,6.423652146464646,10.088812079124578,3.8181818181818183,1236.0,747.82,0.016232172885884855,0.37735843645159567,False,False,0.06850149692735963
0a85ebe4e328db81ac9109781205e2f7,SP,jundiai,11,1,0.09090909090909091,0.0,1.308520622895623,3.519983164983165,5.093094486531987,4.636363636363637,588.0,124.46,0.016232172885884855,0.37735843645159567,False,False,0.06850149692735963
165b1235e9e9942cb5fae67103576fb0,SP,ribeirao preto,11,1,0.09090909090909091,0.0,0.8921685606060606,6.499584385521886,7.830222011784511,4.363636363636363,2085.15,404.65,0.016232172885884855,0.37735843645159567,False,False,0.06850149692735963
1660ad786c27fd935378b6192a90b417,SP,sao bernardo do campo,11,1,0.09090909090909091,0.09090909090909091,1.7490993265993267,6.436276304713804,8.472480008417508,4.909090909090909,1440.0,226.62,0.016232172885884855,0.37735843645159567,False,False,0.06850149692735963
17908cf9b444ee34047cadd5c0f4a516,GO,anapolis,11,1,0.09090909090909091,0.0,2.1767445286195284,15.717219065656566,18.88040298821549,4.545454545454546,1993.99,501.42,0.016232172885884855,0.37735843645159567,False,False,0.06850149692735963
1cbd32d00d01bb8087a5eb088612fd9c,SP,sp / sp,11,1,0.09090909090909091,0.2727272727272727,3.8827956649831648,8.363081860269359,12.533015572390571,4.181818181818182,1045.47,244.06,0.016232172885884855,0.37735843645159567,False,False,0.06850149692735963
236585a4ddb5fea9fa40233e2249ed91,RS,caxias do sul,11,1,0.09090909090909091,0.45454545454545453,5.61849010942761,6.980883838383838,13.136474116161617,4.090909090909091,649.53,188.14,0.016232172885884855,0.37735843645159567,False,False,0.06850149692735963
31ae0774c17fabd06ff707cc5bde005f,SP,americana,11,1,0.09090909090909091,0.0,1.3824126683501683,9.632967171717171,11.775554503367005,4.0,6719.85,850.82,0.016232172885884855,0.37735843645159567,False,False,0.06850149692735963
4324dd16853115efb0fd9d0d131ba6f4,SP,sao jose do rio pardo,11,1,0.09090909090909091,0.0,1.4957986111111112,11.503463804713805,13.833077651515152,4.090909090909091,973.4,291.96999999999997,0.016232172885884855,0.37735843645159567,False,False,0.06850149692735963
4677a5437afda5fa7140b927b07be1cc,PR,japira,11,1,0.09090909090909091,0.18181818181818182,3.0327704124579125,9.003623737373736,12.510571338383839,4.363636363636363,3415.7,420.0,0.016232172885884855,0.37735843645159567,False,False,0.06850149692735963
4ba52dfeba874da5b9ee7b17c7494f04,SP,mogi das cruzes,11,1,0.09090909090909091,0.0,2.0012857744107744,8.264552819865319,10.621666666666668,4.363636363636363,1463.0,204.91,0.016232172885884855,0.37735843645159567,False,False,0.06850149692735963
5011f0d93373a4c5753adf58ca77af8d,SP,santos,11,1,0.09090909090909091,0.0,1.7526746632996633,8.73418244949495,10.800631313131312,4.090909090909091,859.52,363.67,0.016232172885884855,0.37735843645159567,False,False,0.06850149692735963
66fd84ee7528c0c0de85d0f44a73d5ab,RS,campina das missoes,11,1,0.09090909090909091,0.0,1.3521921296296298,13.328632154882154,15.406205808080808,3.3636363636363638,1438.1100000000001,453.19,0.016232172885884855,0.37735843645159567,False,False,0.06850149692735963
7b7f91e98f8c6def45a1407923304402,SP,osasco,11,1,0.09090909090909091,0.09090909090909091,4.110437710437711,8.942863005050505,13.368617424242423,4.181818181818182,417.47,203.02,0.016232172885884855,0.37735843645159567,False,False,0.06850149692735963
8476243f92442881ddd5b578975cf115,RS,campo bom,11,1,0.09090909090909091,0.09090909090909091,4.987329545454545,13.01125,18.38699074074074,4.0,6709.0,253.01,0.016232172885884855,0.37735843645159567,False,False,0.06850149692735963
9df5750209b83567ec144eb299d7d634,RS,sao leopoldo,11,1,0.09090909090909091,0.18181818181818182,4.2360364057239055,9.175930134680135,14.06586595117845,4.0,4917.0,259.3,0.016232172885884855,0.37735843645159567,False,False,0.06850149692735963
bc302730ea8cf49b5c74f579febb5bbf,SP,campinas,11,1,0.09090909090909091,0.09090909090909091,2.251517361111111,8.82071654040404,11.243857323232323,3.8181818181818183,2640.9,289.27,0.016232172885884855,0.37735843645159567,False,False,0.06850149692735963
c4fabeea6e569d42d02993bb1f4f1cbc,CE,fortaleza,11,1,0.09090909090909091,0.45454545454545453,4.88485585016835,16.47257680976431,21.726757154882154,4.0,859.3000000000001,277.22,0.016232172885884855,0.37735843645159567,False,False,0.06850149692735963
d2e753bb80b7d4faa77483ed00edc8ca,BA,porto seguro,11,1,0.09090909090909091,0.09090909090909091,2.209643308080808,11.205924873737374,13.923836279461279,4.0,1065.8,374.96,0.016232172885884855,0.37735843645159567,False,False,0.06850149692735963
fe2032dab1a61af8794248c8196565c9,SP,campinas,288,26,0.09027777777777778,0.06597222222222222,1.7004991679847108,8.861798844200102,10.785014186278293,4.419014084507042,64733.81,4488.02,0.062352442516798265,0.12898931902162258,True,False,0.06850149692735963
4e922959ae960d389249c378d1c939f5,SP,jacarei,411,37,0.09002433090024331,0.10948905109489052,3.4663386300401386,10.654431124402992,14.526178133729836,3.9705159705159705,45158.42,7117.67,0.06601791361097208,0.12162355077395419,True,False,0.06850149692735963
7681ef142fd2c19048da7430856b5588,SP,guarulhos,56,5,0.08928571428571429,0.03571428571428571,1.6652308384773662,8.416672453703704,10.599301008597882,4.2727272727272725,30929.81,2787.16,0.03874214844958693,0.19256001385511162,True,False,0.06850149692735963
218d46b86c1881d022bce9c68a7d4b15,SP,ribeirao preto,371,33,0.0889487870619946,0.04043126684636118,1.6510665665665667,12.098587744584208,14.104659173155635,4.212162162162162,52434.31,7271.65,0.06403694742984749,0.12228571559794442,True,False,0.06850149692735963
522620dcb18a6b31cd7bdf73665113a9,PR,cascavel,170,15,0.08823529411764706,0.052941176470588235,2.4066507779969317,12.740333401416121,15.442713167211329,3.9161676646706587,56532.49,4561.09,0.05420039786509623,0.14046811820850236,True,False,0.06850149692735963
26d8a1c7c75d513045798992ead43aa2,PR,apucarana,34,3,0.08823529411764706,0.11764705882352941,2.9226831427015254,9.58349945533769,12.723354779411764,4.411764705882353,5937.13,653.33,0.030465943674648555,0.22960486562808868,True,False,0.06850149692735963
6a0cbc8af2e8abd1bdfb777943d174c6,SP,batatais,34,3,0.08823529411764706,0.2647058823529412,2.940265522875817,12.180727805010893,15.508637322984749,4.03030303030303,3788.15,729.0,0.030465943674648555,0.22960486562808868,True,False,0.06850149692735963
f27e33c6d29b5138fa9967bcd445b6d5,SP,sao paulo,91,8,0.08791208791208792,0.1978021978021978,3.8941299094424093,7.527934472934473,12.056800595238096,4.076923076923077,8548.5,1572.3,0.045220207808304075,0.16398638883637745,True,False,0.06850149692735963
e59aa562b9f8076dd550fcddf0e73491,PR,curitiba,69,6,0.08695652173913043,0.057971014492753624,1.9778764978213508,11.194586520397209,14.033286533816424,4.260869565217392,30716.3,2160.07,0.040463621201533975,0.1770149833894218,True,False,0.06850149692735963
165fc07beebdcb6190fba8a06db2a449,PR,maringa,46,4,0.08695652173913043,0.08695652173913043,2.944318890901771,9.674177485909823,13.142381491545894,3.9565217391304346,16254.6,1483.58,0.03433586789472588,0.2032466407411883,True,False,0.06850149692735963
624f4ece8da4aafb77699233d480f8ef,SP,sao paulo,46,4,0.08695652173913043,0.17391304347826086,3.8717149758454106,10.006721266103058,14.306806310386474,4.391304347826087,7983.0,1481.48,0.03433586789472588,0.2032466407411883,True,False,0.06850149692735963
244c2f1bff6afe1f2eaf9bfe9b2aed38,SP,mogi das cruzes,23,2,0.08695652173913043,0.0,2.9444640700483093,10.660407608695653,13.988220108695652,3.782608695652174,2580.0,1214.87,0.024180004484220363,0.26795981075743663,False,False,0.06850149692735963
8cc6a0e5738e61a87b03c78b2ba9db4b,MG,andradas,23,2,0.08695652173913043,0.0,1.4874119363929146,15.037576992753623,16.772033514492755,4.478260869565218,13272.7,503.90000000000003,0.024180004484220363,0.26795981075743663,False,False,0.06850149692735963
a36b125ac6d5fdbc7f50de85c9157bdc,SP,ribeirao preto,23,2,0.08695652173913043,0.043478260869565216,2.830983293075684,9.708900462962964,12.984740841384863,3.9565217391304346,1793.65,373.89,0.024180004484220363,0.26795981075743663,False,False,0.06850149692735963
391fc6631aebcf3004804e51b40bcf1e,SP,ibitinga,490,42,0.08571428571428572,0.061224489795918366,3.1546396286750666,11.206669946383757,14.56903871409675,4.101434426229508,37240.2,9381.26,0.06403743207616414,0.11383637185771728,True,False,0.06850149692735963
d673a59aac7a70d8b01e6902bf090a11,SP,ibitinga,70,6,0.08571428571428572,0.014285714285714285,1.9966933373590983,12.348111937830687,14.653925429894182,4.1,3627.0299999999997,1401.23,0.039876669645112064,0.1746567249233948,True,False,0.06850149692735963
1ce3ae5a399804d1a87e706f8a813c3e,SC,jaguaruna,35,3,0.08571428571428572,0.02857142857142857,1.9540141612200435,13.219399801587302,15.691248677248677,3.8857142857142857,2148.4,726.96,0.02958236826696982,0.22379273965896496,True,False,0.06850149692735963
f181738b150df1f37cb0bd72e705b193,SP,carapicuiba,35,3,0.08571428571428572,0.0,1.1824503968253968,7.914248677248677,9.537762896825397,4.457142857142857,5310.7,1051.44,0.02958236826696982,0.22379273965896496,True,False,0.06850149692735963
7ddcbb64b5bc1ef36ca8c151f6ec77df,SP,sao paulo,324,27,0.08333333333333333,0.009259259259259259,2.0376922743055554,10.270295424668497,12.733353230738455,4.035825545171339,54265.670000000006,7753.82,0.05790193790150733,0.11852925243287094,True,False,0.06850149692735963
715bbd5ba4e6b74cb0d2f29eb45058b0,SP,serra negra,60,5,0.08333333333333333,0.03333333333333333,1.4505271280051981,10.26601138117284,12.138976658950616,4.45,3973.5,1244.85,0.03612045660173077,0.1806894201833441,True,False,0.06850149692735963
ce248b21cb2adc36282ede306b7660e5,SC,jaragua do sul,60,5,0.08333333333333333,0.03333333333333333,1.7019363425925926,13.872081404320989,16.17838599537037,4.283333333333333,13088.81,1809.99,0.03612045660173077,0.1806894201833441,True,False,0.06850149692735963
56642bcb79900e777d68e91915cb4267,SP,sao paulo,48,4,0.08333333333333333,0.10416666666666667,2.472451774691358,9.628976658950618,12.484718364197532,4.0625,3657.64,814.15,0.032883756818091775,0.1955330179036728,True,False,0.06850149692735963
0afccdb8a34ee5c79f7c06faf2b4d56e,MG,uberlandia,24,2,0.08333333333333333,0.125,3.293214699074074,9.747829378858025,13.473533468364197,4.086956521739131,1185.6,371.49,0.023158815297043306,0.25848802193210685,False,False,0.06850149692735963
6a51fc556dab5f766ced6fbc860bc613,SP,marilia,24,2,0.08333333333333333,0.25,5.382576195987654,8.423688271604938,14.152041859567902,4.0,7217.87,747.14,0.023158815297043306,0.25848802193210685,False,False,0.06850149692735963
0747d5bb69f0586cc869d8af4c50f93e,RJ,saquarema,12,1,0.08333333333333333,0.3333333333333333,5.122184606481482,8.529575617283951,14.152275270061729,3.75,322.8,181.44,0.014865094404917095,0.35387991114111694,False,False,0.06850149692735963
0887a9f087bcd5d9f6642b52f897fc6c,SP,cananeia,12,1,0.08333333333333333,0.0,1.1498881172839506,12.84707561728395,14.240796682098766,4.416666666666667,1642.0,220.35,0.014865094404917095,0.35387991114111694,False,False,0.06850149692735963
1d29dfba02015238dfbe2449a5eaa361,MG,vicosa,12,1,0.08333333333333333,0.0,1.0355989583333332,13.323799189814816,15.374400077160495,4.5,612.8,177.12,0.014865094404917095,0.35387991114111694,False,False,0.06850149692735963
1d503743d2526f03f0c2c89540ee008c,SP,sao paulo,12,1,0.08333333333333333,0.0,1.6815653935185184,8.941200810185185,10.80260513117284,3.9166666666666665,516.04,204.49,0.014865094404917095,0.35387991114111694,False,False,0.06850149692735963
40db9e9aa57f7bb151bcda6b0f9bdbb7,PE,recife,12,1,0.08333333333333333,0.4166666666666667,5.148938078703703,8.809417438271604,14.77563175154321,2.3636363636363638,23168.0,655.99,0.014865094404917095,0.35387991114111694,False,False,0.06850149692735963
5d9dc90a686a8fddacffab6bab5653a3,SP,santana de parnaiba,12,1,0.08333333333333333,0.0,2.036533564814815,6.5354070216049385,8.628353587962962,4.166666666666667,3761.94,369.33,0.014865094404917095,0.35387991114111694,False,False,0.06850149692735963
6b333a05bf188ef3e1f1662a86bd9855,DF,brasilia,12,1,0.08333333333333333,0.08333333333333333,1.8450935570987654,8.761721643518518,10.705775462962963,4.333333333333333,3990.91,563.97,0.014865094404917095,0.35387991114111694,False,False,0.06850149692735963
7357b52d27cbaa90f81a96cbc1279396,MG,lagoa santa,12,1,0.08333333333333333,0.0,0.9729899691358025,8.438451003086419,9.850832368827161,4.333333333333333,1328.02,217.81,0.014865094404917095,0.35387991114111694,False,False,0.06850149692735963
7c1fea10b5b006671d608b1d7c446ec4,SP,boituva,12,1,0.08333333333333333,0.16666666666666666,2.591051311728395,13.296387924382715,16.91726851851852,4.0,363.79999999999995,202.05,0.014865094404917095,0.35387991114111694,False,False,0.06850149692735963
7c4618c82226628831613e95e9c22f44,SP,sao roque,12,1,0.08333333333333333,0.08333333333333333,2.6044297138047137,8.72602912808642,11.60043113425926,4.25,300.03,151.32,0.014865094404917095,0.35387991114111694,False,False,0.06850149692735963
97512d3fc193b2d1dfcdba0f9d1f0f8a,SP,sao paulo,12,1,0.08333333333333333,0.16666666666666666,2.626521026234568,5.039735725308642,8.47090374228395,4.25,1458.8700000000001,341.55,0.014865094404917095,0.35387991114111694,False,False,0.06850149692735963
acadd4d36859671cb635527c6c977533,SP,santa rosa de viterbo,12,1,0.08333333333333333,0.08333333333333333,2.9169212962962963,14.704821566358026,17.891220100308644,4.25,2381.0,265.94,0.014865094404917095,0.35387991114111694,False,False,0.06850149692735963
b8630e1121437d41cb08e3c749c2c2e2,RJ,duque de caxias,12,1,0.08333333333333333,0.16666666666666666,2.833312114197531,8.048956404320988,11.137473958333333,4.333333333333333,6988.0,346.1,0.014865094404917095,0.35387991114111694,False,False,0.06850149692735963
bd1d49a326abfa9b1036772e40445430,SP,bauru,12,1,0.08333333333333333,0.16666666666666666,3.5587114197530862,8.761086033950617,12.412584876543209,4.083333333333333,637.7,188.5,0.014865094404917095,0.35387991114111694,False,False,0.06850149692735963
c3acdfac4e3e97ff87529454fbc03642,SP,sao paulo,12,1,0.08333333333333333,0.3333333333333333,5.8665412808641975,4.773011188271605,11.161102430555557,4.25,16788.0,269.28000000000003,0.014865094404917095,0.35387991114111694,False,False,0.06850149692735963
c679fb69a36e1d8349e8c50a217b4d58,RS,caxias do sul,12,1,0.08333333333333333,0.16666666666666666,4.764542824074074,6.0853221450617285,11.248831018518517,4.363636363636363,1572.76,299.05,0.014865094404917095,0.35387991114111694,False,False,0.06850149692735963
cd3d09fbe6e3e9ff0c0ac0c300e93ae7,SP,nova odessa,12,1,0.08333333333333333,0.0,1.6141319444444446,9.774080825617284,11.708241705246913,4.166666666666667,651.04,229.19,0.014865094404917095,0.35387991114111694,False,False,0.06850149692735963
ec80e49e69745ab6c14f984bf2149423,SP,limeira,12,1,0.08333333333333333,0.08333333333333333,2.116766010802469,10.70130787037037,12.847035108024691,4.0,3709.0,188.31,0.014865094404917095,0.35387991114111694,False,False,0.06850149692735963
8581055ce74af1daba164fdbd55a40de,SP,guarulhos,375,31,0.08266666666666667,0.050666666666666665,2.763503273098367,10.071975648148149,13.174140833333334,4.318181818181818,63359.62,9333.93,0.0588475044816127,0.1149493630144998,True,False,0.06850149692735963
1025f0e2d44d7041d6cf58b6550e0bfa,SP,sao paulo,879,72,0.08191126279863481,0.1831626848691695,3.887241334761113,8.202859217650529,12.508739940167699,4.044724770642202,133542.16,32465.9,0.06554995897849858,0.10191097904561935,True,False,0.06850149692735963
cbd996ad3c1b7dc71fd0e5f5df9087e2,SP,sao jose do rio preto,159,13,0.08176100628930817,0.031446540880503145,1.7231181574656418,10.889539293617517,12.917492866293967,4.205128205128205,8160.53,2768.52,0.048402298802567155,0.13485237747463794,True,False,0.06850149692735963
37515688008a7a40ac93e3b2e4ab203f,SP,dracena,221,18,0.08144796380090498,0.3574660633484163,4.63800784523211,10.2555552413273,15.425098562929444,4.127853881278539,5820.9,3330.9,0.05213872455287547,0.12505928434488198,True,False,0.06850149692735963
6860153b69cc696d5dcfe1cdaaafcf62,SP,capivari,74,6,0.08108108108108109,0.013513513513513514,1.3537744165398276,8.468176144894896,10.249410660660661,4.095890410958904,3827.63,1490.6000000000001,0.03768985019382638,0.16581942443557818,True,False,0.06850149692735963
ef506c96320abeedfb894c34db06f478,SP,sao paulo,309,25,0.08090614886731391,0.08414239482200647,2.9641668164928685,10.00695800371569,13.571085303547886,3.98371335504886,9369.75,4975.51,0.0553998641600382,0.11670475082180631,True,False,0.06850149692735963
16090f2ca825584b5a147ab24aa30c86,SP,atibaia,397,32,0.08060453400503778,0.05289672544080604,1.4947868120678223,7.1858478519451445,9.195621501539323,4.086075949367088,25551.16,5400.47,0.057672696587307684,0.11157491322902426,True,False,0.06850149692735963
e9bc59e7b60fc3063eb2290deda4cced,PR,maringa,200,16,0.08,0.27,5.071675289351852,8.867558275462962,14.433415277777778,4.11,32566.5,4444.15,0.049840585889759974,0.12598948826714396,True,False,0.06850149692735963
c9c7905cffc4ef9ff9f113554423e671,SP,itapecerica da serra,125,10,0.08,0.048,1.6790972222222222,9.146841481481482,11.180715462962961,4.152,10557.2,2095.28,0.04403303232758284,0.1410118983874114,True,False,0.06850149692735963
ef0ace09169ac090589d85746e3e036f,RJ,sao goncalo,125,10,0.08,0.104,3.0043467592592594,9.638556018518518,12.971716944444445,4.416,15750.6,2255.28,0.04403303232758284,0.1410118983874114,True,False,0.06850149692735963
198c7ea11960a9844b544d9bcdca860c,MG,jacutinga,25,2,0.08,0.04,1.864827314814815,12.197397685185186,14.513364814814816,3.88,1733.75,491.63,0.022220401284847563,0.24966108950395313,False,False,0.06850149692735963
6a8a889bde935bafa76d7848782dfaf9,SP,sao paulo,25,2,0.08,0.0,1.4003915895061727,6.470014814814815,8.129932407407408,4.16,799.84,343.84,0.022220401284847563,0.24966108950395313,False,False,0.06850149692735963
8d79c8a04e42d722a75097ce5cbcf2ef,CE,caucaia,25,2,0.08,0.08,2.3236541666666666,16.741451851851853,19.289883796296298,4.56,2600.32,676.89,0.022220401284847563,0.24966108950395313,False,False,0.06850149692735963
edf96ef93ed595084bbcbd9224bd2894,SP,sao paulo,25,2,0.08,0.08,2.3776180555555557,10.852010648148148,13.89298888888889,3.88,3757.0,608.78,0.022220401284847563,0.24966108950395313,False,False,0.06850149692735963
42b729f859728f5079499127a9c2ef37,SP,sao paulo,101,8,0.07920792079207921,0.10891089108910891,3.0193843301209373,4.606004079574625,7.905225637147048,4.51,4039.06,1266.55,0.040680973320730465,0.14857105582766328,True,False,0.06850149692735963
c9aafcd0621b2207c10e32c649cada4d,SP,sao paulo,38,3,0.07894736842105263,0.13157894736842105,2.460220516569201,5.9622639498050685,8.876231420565302,4.421052631578948,2526.38,760.3199999999999,0.027214595506987724,0.20799371457771454,True,False,0.06850149692735963
daeb5653dd96c1b11860f72209795012,MG,belo horizonte,38,3,0.07894736842105263,0.05263157894736842,2.388995558058058,9.171303606237817,11.650112694931773,4.25,1864.1,588.89,0.027214595506987724,0.20799371457771454,True,False,0.06850149692735963
7040e82f899a04d1b434b795a43b4617,SP,sao paulo,203,16,0.07881773399014778,0.04926108374384237,1.9639440225323845,8.030851008027732,10.522509350483489,3.6417910447761193,9104.2,3025.24,0.04909507896085209,0.12418478004345042,True,False,0.06850149692735963
e24fc9fcd865784fb25705606fe3dfe7,SP,braganca paulista,51,4,0.0784313725490196,0.0,1.6967749183006537,10.610756626724765,12.578922476397967,4.1568627450980395,12768.0,1012.71,0.03092219678848919,0.18499946312595889,True,False,0.06850149692735963
f214d28e8d8e3ef068748498ccc2f813,SP,sao paulo,51,4,0.0784313725490196,0.0784313725490196,2.534104257443718,7.531151960784314,10.560458424110385,4.26,2127.44,784.43,0.03092219678848919,0.18499946312595889,True,False,0.06850149692735963
3be634553519fb6536a03e1358e9fdc7,SP,sao paulo,77,6,0.07792207792207792,0.12987012987012986,2.404563792688793,7.641107653920154,10.293285684223184,4.090909090909091,5055.48,1707.69,0.03620095505416612,0.15975615719723926,True,False,0.06850149692735963
5d0363b33554b373851fc1622e4d5f3c,SP,atibaia,90,7,0.07777777777777778,0.1,3.6916689814814814,8.299769933127573,12.258594907407408,4.133333333333334,6374.99,2053.66,0.038184815317289005,0.15193860182592028,True,False,0.06850149692735963
17e34d8224d27a541263c4c64b11a56b,SP,riberao preto,246,19,0.07723577235772358,0.08943089430894309,2.6981610503946567,11.305403681120145,14.274471074224632,4.262295081967213,54272.36,5078.32,0.050000615810394014,0.11747142433136186,True,False,0.06850149692735963
00ee68308b45bc5e2660cd833c3f81cc,SP,sao paulo,130,10,0.07692307692307693,0.007692307692307693,1.673136302806713,7.829261574074074,9.791724448005699,4.333333333333333,19454.0,3020.17,0.04231743708607818,0.13581465315536378,True,False,0.06850149692735963
4559697a8f7e637227c2eeaed843baff,SP,presidente prudente,39,3,0.07692307692307693,0.05128205128205128,2.1313734567901235,10.44315378679962,12.937863544634379,4.205128205128205,3486.3,703.22,0.02650739530377974,0.20321071167954996,True,False,0.06850149692735963
17306570e772e7718c92a562d33f5f1d,SP,bariri,26,2,0.07692307692307693,0.19230769230769232,4.103612891737892,10.210377938034187,14.563652065527066,3.730769230769231,8530.1,757.2,0.0213550884722762,0.2414155377162906,False,False,0.06850149692735963
8090490573c6c0aa343a7231ebcb8c86,SP,sao paulo - sp,26,2,0.07692307692307693,0.0,1.2769121334876543,8.446071492165242,10.091355056980056,4.1923076923076925,3871.1200000000003,426.91,0.0213550884722762,0.2414155377162906,False,False,0.06850149692735963
b8555308bfdb4ca1ed54325a58da9a97,SP,sao bernardo do campo,26,2,0.07692307692307693,0.0,1.5682843660968662,8.002311698717948,10.219418625356125,4.0,3047.2000000000003,582.83,0.0213550884722762,0.2414155377162906,False,False,0.06850149692735963
df560393f3a51e74553ab94004ba5c87,PR,loanda,26,2,0.07692307692307693,0.23076923076923078,6.519079861111111,11.72246794871795,18.46703303062678,3.8846153846153846,3429.78,570.11,0.0213550884722762,0.2414155377162906,False,False,0.06850149692735963
e5e33c0d8e7e002f398f5dc4cbbb338f,SP,bauru,26,2,0.07692307692307693,0.07692307692307693,1.6009112357549857,10.099102118945869,12.06518919159544,4.576923076923077,6494.9,745.95,0.0213550884722762,0.2414155377162906,False,False,0.06850149692735963
f61c63d13f7cd800549d5acdd390ae72,SP,pilar do sul,26,2,0.07692307692307693,0.11538461538461539,2.9535158475783474,8.167895299145298,11.74718482905983,4.0,3072.3,429.39,0.0213550884722762,0.2414155377162906,False,False,0.06850149692735963
0ac4201fda2c68ebc0e47cb9423cf3c9,SP,sao paulo,13,1,0.07692307692307693,0.07692307692307693,1.6740811965811966,10.49559650997151,12.64974358974359,4.230769230769231,1676.88,233.99,0.013710421242556586,0.3331395092109959,False,False,0.06850149692735963
128f9bfbe4c7d5185033914b1de3d39a,SP,atibaia,13,1,0.07692307692307693,0.07692307692307693,3.0754985754985755,7.952315705128205,11.82590811965812,4.769230769230769,1267.39,251.98,0.013710421242556586,0.3331395092109959,False,False,0.06850149692735963
373ee4a3a775a733770ca3f790b8b9ac,RJ,rio de janeiro,13,1,0.07692307692307693,0.3076923076923077,4.408632478632478,4.612866809116809,10.008915598290598,3.923076923076923,2141.49,290.32,0.013710421242556586,0.3331395092109959,False,False,0.06850149692735963
4a1f694197d05fe70026b016a7316b41,SP,pedreira,13,1,0.07692307692307693,0.0,1.9935585826210827,6.881913283475783,9.203305733618233,4.538461538461538,874.78,351.52,0.013710421242556586,0.3331395092109959,False,False,0.06850149692735963
562f8cfc51f265411f487d07e9c40e7f,MG,belo horizonte,13,1,0.07692307692307693,0.38461538461538464,3.81102386039886,10.12534188034188,14.032670049857549,4.538461538461538,766.9200000000001,199.32999999999998,0.013710421242556586,0.3331395092109959,False,False,0.06850149692735963
6e864f5c4669eff3d98140a07cc50202,SP,sao paulo,13,1,0.07692307692307693,0.0,2.5049679487179484,6.67537215099715,9.844045584045585,4.461538461538462,740.59,191.77,0.013710421242556586,0.3331395092109959,False,False,0.06850149692735963
76ea5315acb3f5f7ade3cd261faf922a,SP,sao paulo,13,1,0.07692307692307693,0.0,1.5333903133903133,7.6380698005698004,9.284015313390313,4.461538461538462,1009.76,193.9,0.013710421242556586,0.3331395092109959,False,False,0.06850149692735963
8629c241b3622ac12cd4118afdc8d394,SP,ribeirao preto,13,1,0.07692307692307693,0.07692307692307693,2.8232451923076924,11.941735220797721,15.116361289173788,4.076923076923077,1167.66,334.36,0.013710421242556586,0.3331395092109959,False,False,0.06850149692735963
9d7a1d34a5052409006425275ba1c2b4,SP,franca,13,1,0.07692307692307693,0.07692307692307693,4.368229166666667,9.517561431623932,14.331834935897435,4.384615384615385,1054.82,277.05,0.013710421242556586,0.3331395092109959,False,False,0.06850149692735963
a6bd7d1ccdac48c6b33b28596b7eb122,PB,mamanguape,13,1,0.07692307692307693,0.38461538461538464,4.256330128205128,12.292958511396012,16.934209401709403,3.9166666666666665,11770.11,579.82,0.013710421242556586,0.3331395092109959,False,False,0.06850149692735963
ce616e1913288884e7742faac9d981db,SP,cotia,13,1,0.07692307692307693,0.15384615384615385,1.8902163461538461,4.9493447293447295,6.956814458689459,4.538461538461538,303.7,242.24,0.013710421242556586,0.3331395092109959,False,False,0.06850149692735963
d101c6da914ae3d53f7bee42283f2fe2,SP,sao paulo,13,1,0.07692307692307693,0.07692307692307693,2.9473130341880345,9.745117521367522,13.331282941595443,3.6153846153846154,1297.4,260.15,0.013710421242556586,0.3331395092109959,False,False,0.06850149692735963
de23c3b98a88888289c6f5cc1209054a,SP,sao paulo,157,12,0.07643312101910828,0.025477707006369428,2.2606469610636277,8.605284486317528,11.086486936777542,4.312101910828026,25237.79,2564.78,0.04426106402428891,0.1288377068077498,True,False,0.06850149692735963
54a1852d1b8f10312c55e906355666ee,SP,santa barbara d'oeste,197,15,0.07614213197969544,0.025380710659898477,1.3955761979763268,9.630589866516262,11.489070255217145,4.372448979591836,16996.47,3330.87,0.04668336108731292,0.12181501080963134,True,False,0.06850149692735963
04308b1ee57b6625f47df1d56f00eedf,SC,bombinhas,92,7,0.07608695652173914,0.2826086956521739,5.867795202482703,12.535493911030596,18.87600291867955,3.9456521739130435,58991.8,2948.82,0.0373435597096154,0.14881240077167257,True,False,0.06850149692735963
48436dade18ac8b2bce089ec2a041202,SP,volta redonda,132,10,0.07575757575757576,0.21212121212121213,4.0759830948372615,10.083587612233446,14.455675066638609,4.143939393939394,11692.31,2805.67,0.041668064785746674,0.1338413785585272,True,False,0.06850149692735963
a420f60ff1aa9acc80d0e42959f2b313,SP,sao paulo,66,5,0.07575757575757576,0.0,1.2820225694444445,10.128971485690236,11.611153549382715,4.0,7415.3,1083.24,0.032792037562960244,0.1653919502061051,True,False,0.06850149692735963
f7ccf836d21b2fb1de37564105216cc1,SP,ibitinga,66,5,0.07575757575757576,0.015151515151515152,1.5385425708912037,9.505059799382716,11.374929678731762,3.875,2638.5,1054.03,0.032792037562960244,0.1653919502061051,True,False,0.06850149692735963
e5a38146df062edaf55c38afa99e42dc,SP,sao paulo,119,9,0.07563025210084033,0.03361344537815126,2.4121066793289017,9.311871498599439,12.246709850606909,4.0,15231.09,1878.98,0.04029724166083566,0.13750477266215505,True,False,0.06850149692735963
c826c40d7b19f62a09e2d7c5e7295ee2,SP,guarulhos,344,26,0.0755813953488372,0.06686046511627906,2.348961523840556,10.59480347625969,13.324633868970716,4.137026239067056,44407.06,5401.35,0.05209798994263684,0.10843910937271353,True,False,0.06850149692735963
25c5c91f63607446a97b143d2d535d31,MG,itauna,147,11,0.07482993197278912,0.17006802721088435,4.576668241370622,9.524952837616528,14.741721623834719,3.934931506849315,50621.77,6565.2300000000005,0.04229500478273306,0.1290203552166155,True,False,0.06850149692735963
f262cbc1c910c83959f849465454ddd3,SP,sao paulo,188,14,0.07446808510638298,0.015957446808510637,1.295045226952496,7.424032087273444,9.108160399428684,4.176470588235294,10139.87,2454.51,0.0448744161663602,0.12110356907433248,True,False,0.06850149692735963
66922902710d126a0e7d26b0e3805106,MG,belo horizonte,148,11,0.07432432432432433,0.08108108108108109,2.7447845501751753,8.240306243743744,11.353940894019019,4.517006802721088,14152.3,3167.32,0.042005703115514985,0.12818140534219336,True,False,0.06850149692735963
213b25e6f54661939f11710a6fddb871,SP,salto,135,10,0.07407407407407407,0.3851851851851852,8.325441555277083,7.180934327846365,15.763031121399177,4.08955223880597,13481.65,2891.67,0.04073054159296244,0.13098660271826248,True,False,0.06850149692735963
aba1721a889e04decc910aa13b768ef4,SP,sao paulo,81,6,0.07407407407407407,0.04938271604938271,1.5685539641203703,7.598502371970736,9.353879458161865,4.444444444444445,14036.3,1219.56,0.034389630412381036,0.15232873865967633,True,False,0.06850149692735963
e067ad2c1c0b48758eb1b5228bcf7a68,SP,santos,54,4,0.07407407407407407,0.3333333333333333,5.756727323388203,8.922158564814815,14.98370820473251,4.148148148148148,5042.55,1005.36,0.02918152776550481,0.1755411583859995,True,False,0.06850149692735963
271c58a1d139c45eaf3316107c6d3a3b,SP,sao paulo,27,2,0.07407407407407407,0.37037037037037035,5.493560099451303,7.2387324245541835,13.15568329903978,4.185185185185185,3597.63,634.92,0.020554654060988622,0.23369592683023144,False,False,0.06850149692735963
d1ef48b38baca7e831711c4a0aeb398f,PR,apucarana,27,2,0.07407407407407407,0.037037037037037035,1.5673345336076818,8.024399862825788,9.80408864883402,4.555555555555555,1406.1399999999999,631.11,0.020554654060988622,0.23369592683023144,False,False,0.06850149692735963
7142540dd4c91e2237acb7e911c4eba2,SP,penapolis,311,23,0.07395498392282958,0.06109324758842444,3.4661008768012387,10.929410578182685,14.80138825622246,4.080906148867314,36502.44,6687.74,0.04978265928085687,0.10852387063863322,True,False,0.06850149692735963
3b15288545f8928d3e65a8f949a28291,SP,ibitinga,95,7,0.07368421052631578,0.021052631578947368,2.977124634502924,11.552618786549706,14.850462719298246,4.159574468085107,13118.88,2251.3,0.036148969609054685,0.14435685288249595,True,False,0.06850149692735963
edb1ef5e36e0c8cd84eb3c9b003e486d,RJ,teresopolis,163,12,0.0736196319018405,0.006134969325153374,1.3945006405776845,10.28442087025676,11.995686562713018,4.447852760736196,78325.6,3860.07,0.042612231094974064,0.1242615125026264,True,False,0.06850149692735963
6a8b085f816a1f75f92dbac6eb545f8f,SP,bebedouro,123,9,0.07317073170731707,0.024390243902439025,2.0025469714506174,12.109414709424872,14.418316583860282,4.182926829268292,5812.37,2082.62,0.03897034286900349,0.1332246084013827,True,False,0.06850149692735963
c8b0e2b0a7095e5d8219575d5e7e1181,SP,itaquaquecetuba,82,6,0.07317073170731707,0.0,1.1153587962962963,8.992991333559168,10.290563742095754,4.111111111111111,11916.23,1479.97,0.033964777256659195,0.1505784380885484,True,False,0.06850149692735963
1da366cade6d8276e7d8beea7af5d4bf,MG,uba,41,3,0.07317073170731707,0.5121951219512195,6.87420872854562,10.417699017615176,17.75177901987353,4.05,6298.589999999999,1672.97,0.02519783063390993,0.19427448537719041,True,False,0.06850149692735963
c847e075301870dd144a116762eaff9a,MG,uberaba,41,3,0.07317073170731707,0.0,1.3799601964769648,15.061432644534777,16.930350327461607,4.2,15248.800000000001,1092.68,0.02519783063390993,0.19427448537719041,True,False,0.06850149692735963
d1c281d3ae149232351cd8c8cc885f0d,SP,ibitinga,192,14,0.07291666666666667,0.026041666666666668,1.7038061824845678,10.991351333429783,13.128030237268518,3.931937172774869,23944.83,4746.61,0.04392874874927421,0.11865918851607826,True,False,0.06850149692735963
7a241947449cc45dbfda4f9d0798d9d0,MG,jacutinga,55,4,0.07272727272727272,0.23636363636363636,3.94140582133059,9.030420664983165,13.260133838383839,4.12962962962963,7305.66,1852.05,0.02864406023304053,0.17259940072156052,True,False,0.06850149692735963
f45122a9ab94eb4f3f8953578bc0c560,SP,piracicaba,179,13,0.07262569832402235,0.00558659217877095,1.2023386205808082,11.131226851851853,12.76398251603559,4.011173184357542,21505.38,3231.04,0.04293101104712945,0.12027846569391179,True,False,0.06850149692735963
4371b634e0efc0e22b09b52907d9d469,SP,sao paulo,98,7,0.07142857142857142,0.030612244897959183,1.5281284963348767,9.42651951058201,11.299873984315948,4.536082474226804,7641.0,1375.47,0.03502845359806087,0.14016010936337964,True,False,0.06850149692735963
8a130737016f838139d31878787a39c9,SP,sao paulo,56,4,0.07142857142857142,0.05357142857142857,1.9721319873113854,7.799806340939154,10.189485160383597,4.446428571428571,4222.03,842.29,0.028126036578876953,0.16975448060863452,True,False,0.06850149692735963
ad420dd0c4f92f8af951ac24b86d0cf5,MG,fronteira,42,3,0.07142857142857142,0.047619047619047616,2.073107497741644,12.76170524691358,15.178687444885362,4.125,4705.29,913.11,0.02459040987330592,0.19009426801158313,True,False,0.06850149692735963
2a6fbeaa7ab9e5d59a35841a8da71ce4,SC,jaragua do sul,28,2,0.07142857142857142,0.14285714285714285,4.04635085978836,10.71102802579365,14.960926752645502,4.148148148148148,1539.79,613.43,0.019812064115305755,0.22645362568399052,False,False,0.06850149692735963
31da954dc0855f2495c6310f70a2f931,SP,araras,28,2,0.07142857142857142,0.0,1.197813326719577,6.710727099867725,8.271112351190476,4.321428571428571,4284.0,432.58,0.019812064115305755,0.22645362568399052,False,False,0.06850149692735963
e7d5b006eb624f13074497221eb37807,SP,santo andre,28,2,0.07142857142857142,0.10714285714285714,2.534471726190476,8.165848214285715,11.165859375,3.9285714285714284,3478.93,741.49,0.019812064115305755,0.22645362568399052,False,False,0.06850149692735963
1987cd4be10fe09ee50454f9c354d1c6,MG,ouro fino,14,1,0.07142857142857142,0.07142857142857142,5.0055448082010585,10.165475363756613,15.318574735449735,4.357142857142857,2877.7,257.53000000000003,0.012722215247890939,0.31468704424151117,False,False,0.06850149692735963
2953ce3a88f5e3c3b696d77fc9e4c8eb,SP,sao paulo,14,1,0.07142857142857142,0.07142857142857142,2.0720056216931217,5.734783399470899,8.224686673280424,4.642857142857143,470.0,161.32,0.012722215247890939,0.31468704424151117,False,False,0.06850149692735963
2e3be8a987a30d7544dbbda6861cc14e,MG,belo horizonte,14,1,0.07142857142857142,0.07142857142857142,3.1224207621082622,11.334327876984128,14.496781580687829,3.7857142857142856,2472.86,278.05,0.012722215247890939,0.31468704424151117,False,False,0.06850149692735963
3a734b715d333a2588a3d54a0c9b8746,SP,osasco,14,1,0.07142857142857142,0.07142857142857142,2.283404431216931,9.270133101851853,11.886115244708995,4.642857142857143,2052.52,319.66,0.012722215247890939,0.31468704424151117,False,False,0.06850149692735963
45213867cefbf2cd4c6177e10216a951,SP,araras,14,1,0.07142857142857142,0.0,2.2638905423280424,12.034642857142858,14.91580357142857,3.857142857142857,4955.42,433.74,0.012722215247890939,0.31468704424151117,False,False,0.06850149692735963
4de6e4ba574aa9dfdc824bc44dc47fdd,PR,colombo,14,1,0.07142857142857142,0.0,1.1594130291005291,7.871701388888888,9.368518518518517,4.071428571428571,451.1,253.32,0.012722215247890939,0.31468704424151117,False,False,0.06850149692735963
5a413ade68e8f8d93071a7f52a64cb9e,SP,sao paulo,14,1,0.07142857142857142,0.0,0.5019452711640212,3.1789575066137568,4.118708664021164,4.642857142857143,778.9,153.77,0.012722215247890939,0.31468704424151117,False,False,0.06850149692735963
5a425cc503b39b262a847fd6212bf53b,PR,londrina,14,1,0.07142857142857142,0.0,1.2007024572649572,5.439374173280423,6.823572255291006,4.461538461538462,1340.6000000000001,251.28,0.012722215247890939,0.31468704424151117,False,False,0.06850149692735963
980640c45d7a4635885491d077167e4d,SP,rio claro,14,1,0.07142857142857142,0.07142857142857142,1.7729594017094017,5.303864087301588,7.608943452380953,4.642857142857143,1004.29,242.37,0.012722215247890939,0.31468704424151117,False,False,0.06850149692735963
9bcdfa7b615b3abb9461d9e3ad9886ae,SC,blumenau,14,1,0.07142857142857142,0.14285714285714285,2.703075396825397,9.70413029100529,12.67588210978836,4.428571428571429,2126.07,397.71999999999997,0.012722215247890939,0.31468704424151117,False,False,0.06850149692735963
b6e1504972665f739dec4facb9943775,SP,piracicaba,14,1,0.07142857142857142,0.0,1.2110714285714284,9.67728835978836,11.147410714285714,4.357142857142857,1484.48,225.89,0.012722215247890939,0.31468704424151117,False,False,0.06850149692735963
b9ca8e8baa5d4aa038394a700f63e69f,SP,sao paulo,14,1,0.07142857142857142,0.0,1.6056613756613756,7.647975363756614,9.672949735449736,4.214285714285714,1289.77,388.18,0.012722215247890939,0.31468704424151117,False,False,0.06850149692735963
c273175f7c6c80fb02f051e2fc6d0d72,SP,sao paulo,14,1,0.07142857142857142,0.14285714285714285,3.54067791005291,6.820479497354498,10.586340112433861,3.7857142857142856,1188.23,255.22,0.012722215247890939,0.31468704424151117,False,False,0.06850149692735963
c89cf7c468a48af70aada384e722f9e2,RJ,petropolis,14,1,0.07142857142857142,0.14285714285714285,3.2142460317460317,10.647725694444444,14.189191468253968,4.0,745.0,226.01,0.012722215247890939,0.31468704424151117,False,False,0.06850149692735963
ed8cb7b190ceb6067227478e48cf8dde,SP,santos,14,1,0.07142857142857142,0.0,1.1409589947089949,5.585072751322751,7.612472718253969,3.5714285714285716,508.5,236.31,0.012722215247890939,0.31468704424151117,False,False,0.06850149692735963
f5a590cf36251cf1162ea35bef76fe84,SP,sao bernardo do campo,113,8,0.07079646017699115,0.11504424778761062,2.743887067043896,8.603530707145199,11.744838270239265,4.274336283185841,51232.78,4134.18,0.036307708145227546,0.13350751858129759,True,False,0.06850149692735963
bd0389da23d89b726abf911cccc54596,DF,brasilia,86,6,0.06976744186046512,0.0,1.3052502204585539,11.984785341300602,13.71641190245478,4.209302325581396,7412.26,1653.35,0.032365414509921336,0.14396140641036848,True,False,0.06850149692735963
6d803cb79cc31c41c4c789a75933b3c7,SP,sao joaquim da barra,58,4,0.06896551724137931,0.0,1.5924620849297573,11.431680635376756,13.296695801404853,4.25,8711.4,1213.67,0.027144247017578338,0.1643366631438035,True,False,0.06850149692735963
a17f621c590ea0fab3d5d883e1630ec6,SP,sorocaba,58,4,0.06896551724137931,0.017241379310344827,1.4975629467186486,9.772282287675607,11.663313777139209,4.25,2389.81,943.65,0.027144247017578338,0.1643366631438035,True,False,0.06850149692735963
3361277dc30b7cccdb0c286b24219756,PR,maringa,29,2,0.06896551724137931,0.06896551724137931,2.4954793263090678,10.23723738825032,13.247004709450831,4.344827586206897,3905.05,635.85,0.019121266169433354,0.21964580150275695,False,False,0.06850149692735963
6e386f64c84e482f0b9abf960797ee1b,SP,sao paulo,29,2,0.06896551724137931,0.0,0.9832084986772486,9.011105124521071,10.478848978288635,4.607142857142857,12209.3,611.51,0.019121266169433354,0.21964580150275695,False,False,0.06850149692735963
8931a84a914b3fe9b1ddaa4d704947ca,SP,sao paulo,29,2,0.06896551724137931,0.27586206896551724,3.8509850363756613,7.573449074074074,11.88358437100894,4.071428571428571,4668.3,424.59,0.019121266169433354,0.21964580150275695,False,False,0.06850149692735963
8b2492b7ff4468839593fafeed55bad9,RJ,sao goncalo,29,2,0.06896551724137931,0.034482758620689655,1.7225400958994708,10.363055954661558,12.439672733077906,4.172413793103448,3660.08,676.18,0.019121266169433354,0.21964580150275695,False,False,0.06850149692735963
b4a476fbd28de64b1e347abf9089366a,SP,itapevi,29,2,0.06896551724137931,0.06896551724137931,3.0776504629629633,9.187511973180076,12.6794532247765,4.107142857142857,4469.04,780.66,0.019121266169433354,0.21964580150275695,False,False,0.06850149692735963
d4e12e7884759a14fa0f5f896c791cae,SP,sao paulo,29,2,0.06896551724137931,0.0,1.6616881613756613,6.282871966794381,8.422430954661557,4.620689655172414,1400.0,439.67,0.019121266169433354,0.21964580150275695,False,False,0.06850149692735963
e06f09ec0a4aca210779cf1cfc63cf19,SP,sao paulo,29,2,0.06896551724137931,0.06896551724137931,5.998592752234993,8.473421136653895,14.870760296934865,3.9482758620689653,5279.49,621.92,0.019121266169433354,0.21964580150275695,False,False,0.06850149692735963
b2ba3715d723d245138f291a6fe42594,SP,sao paulo,320,22,0.06875,0.240625,5.118738353133008,8.7134150390625,14.17006716579861,4.230283911671925,49047.58,6234.82,0.0458365514168228,0.10189456057518187,True,False,0.06850149692735963
02f623a8eb246f3c5f7c2f96462654e6,SP,botucatu,44,3,0.06818181818181818,0.0,0.8047197420634921,7.315465856481481,8.482709648569024,4.558139534883721,6378.0,829.63,0.023459395907381622,0.18225044370221527,True,False,0.06850149692735963
09f952a5f58d2285b0372551ae8f9b01,SP,sao bernardo do campo,44,3,0.06818181818181818,0.11363636363636363,2.3435454349698537,10.816306029040403,13.727114109848486,4.068181818181818,10538.3,1338.58,0.023459395907381622,0.18225044370221527,True,False,0.06850149692735963
382229d1e840115ffe3dbf5ff460e417,RJ,rio de janeiro,44,3,0.06818181818181818,0.022727272727272728,1.3297982428451178,7.5205445075757575,9.14759943181818,4.25,3997.16,841.91,0.023459395907381622,0.18225044370221527,True,False,0.06850149692735963
058fd0aa2bfdb2274e05e1ae971dabb6,SP,santo andre,59,4,0.06779661016949153,0.0,1.608402179118774,8.358618761770245,10.260494350282485,4.440677966101695,7420.4,867.13,0.02667861897130437,0.16175524368744493,True,False,0.06850149692735963
951e8cef368f09bb3f3d03c00ca4702c,SP,ibitinga,59,4,0.06779661016949153,0.01694915254237288,1.5813102244193347,7.157222026051476,9.304048375706216,4.2105263157894735,3683.35,1212.34,0.02667861897130437,0.16175524368744493,True,False,0.06850149692735963
70eea00b476a314817cefde4aad4f89a,SP,itatiba,104,7,0.0673076923076923,0.038461538461538464,2.1193582569219704,10.960689770299146,13.421578191773504,4.407766990291262,31191.75,2692.72,0.03298368902967008,0.1324578676387979,True,False,0.06850149692735963
da8622b14eb17ae2831f4ac5b9dab84a,SP,piracicaba,1272,85,0.06682389937106918,0.04481132075471698,2.2908498319533477,8.536231528796879,11.238653931545539,4.220599842146804,154716.87,23719.96,0.054363800593858584,0.08189251684967547,True,False,0.06850149692735963
0be8ff43f22e456b4e0371b2245e4d01,SP,sao paulo,150,10,0.06666666666666667,0.04666666666666667,2.245955173923924,7.9030387345679,10.403208179012346,4.093333333333334,10960.800000000001,2389.33,0.03661185666960744,0.11836235511605896,True,False,0.06850149692735963
7e3f87d16fb353f408d467e74fbd8014,SP,sao paulo,90,6,0.06666666666666667,0.011111111111111112,1.7928023405349793,10.277994470164609,12.643939043209876,4.2,4593.19,1402.59,0.030909927745827924,0.13790094774325526,True,False,0.06850149692735963
8444e55c1f13cd5c179851e5ca5ebd00,MG,congonhal,90,6,0.06666666666666667,0.24444444444444444,10.795427211934157,10.41584117798354,21.434120241769545,3.3666666666666667,21425.16,1949.94,0.030909927745827924,0.13790094774325526,True,False,0.06850149692735963
70c27847eca8195c983ed7e798c56743,RJ,rio de janeiro,75,5,0.06666666666666667,0.22666666666666666,5.071368556056056,6.150193209876543,11.322998919753086,4.266666666666667,11895.539999999999,1417.51,0.02881006289949372,0.14675060058560468,True,False,0.06850149692735963
d05ae8f7a5bd1d2a690a44cd079e4e27,RJ,rio de janeiro,75,5,0.06666666666666667,0.0,2.2566234567901233,8.897586419753086,11.468392438271605,3.945945945945946,12872.0,1123.35,0.02881006289949372,0.14675060058560468,True,False,0.06850149692735963
06579cb253ecd5a3a12a9e6eb6bf8f47,SP,sao paulo - sp,60,4,0.06666666666666667,0.05,1.8912368827160495,7.843738040123457,10.070011574074075,4.166666666666667,4518.5,1408.13,0.026228698724506214,0.1592535731319717,True,False,0.06850149692735963
9b00ed88b7fdb95d6ff76e27c1b52d16,SP,sao paulo,45,3,0.06666666666666667,0.044444444444444446,2.037156635802469,7.179820473251028,9.568821502057613,4.533333333333333,1491.88,553.27,0.022932032599250987,0.17856601963591895,True,False,0.06850149692735963
fdb9095204a334cd8872252ffec6f2db,SP,sao paulo,45,3,0.06666666666666667,0.0,1.3596427469135803,7.278054269547325,8.77845859053498,4.166666666666667,8018.0,1110.27,0.022932032599250987,0.17856601963591895,True,False,0.06850149692735963
2bf6a2c1e71bbd29a4ad64e6d3c3629f,RJ,nova friburgo,30,2,0.06666666666666667,0.0,2.0725478395061727,11.010417052469135,13.650243055555556,4.166666666666667,50628.9,1000.59,0.018477023791270378,0.2132345836261692,True,False,0.06850149692735963
78c99c6dff4eeae5be99bf635ed21e3f,SP,marilia,30,2,0.06666666666666667,0.1,2.2668661265432095,10.799734182098765,13.400021990740742,4.533333333333333,1940.98,640.78,0.018477023791270378,0.2132345836261692,True,False,0.06850149692735963
cd6efc47efaabf134f8bdb654e10b4f1,RJ,rio de janeiro,30,2,0.06666666666666667,0.0,1.1979943783068783,7.245197145061728,8.665869984567902,4.466666666666667,4031.55,572.41,0.018477023791270378,0.2132345836261692,True,False,0.06850149692735963
04aba03279157f6d4e0fe8ccaf21963c,RJ,santo antonio de padua,15,1,0.06666666666666667,0.06666666666666667,3.2468032407407406,7.995207561728394,11.624953703703705,4.533333333333333,2416.0,319.23,0.011866895493268553,0.2981652987378003,False,False,0.06850149692735963
15cd6eefe58588619aaed41dfa6621b1,MG,ouro preto,15,1,0.06666666666666667,0.2,3.4165825617283954,12.196736111111111,15.830198302469137,4.466666666666667,1551.84,546.71,0.011866895493268553,0.2981652987378003,False,False,0.06850149692735963
1b8b75e227c9a9c100d0c210fb6176ce,SP,sao paulo,15,1,0.06666666666666667,0.8,9.149005401234568,5.401442901234568,14.996113425925925,3.933333333333333,1444.8700000000001,203.62,0.011866895493268553,0.2981652987378003,False,False,0.06850149692735963
2646baaf662d4d92ac48f047e35db92d,SP,sao paulo,15,1,0.06666666666666667,0.06666666666666667,1.4783413461538462,4.108956018518518,5.729047067901234,4.466666666666667,1263.05,286.34,0.011866895493268553,0.2981652987378003,False,False,0.06850149692735963
2be17df1c49978426251562096c3cc09,SC,tubarao,15,1,0.06666666666666667,0.0,1.4151581790123458,10.60305324074074,12.27665663580247,4.2,2106.0,270.49,0.011866895493268553,0.2981652987378003,False,False,0.06850149692735963
67bf6941ba2f1fa1d02c375766bc3e53,PR,curitiba,15,1,0.06666666666666667,0.0,1.7314814814814814,13.102204475308643,14.965672839506173,4.333333333333333,5062.0,1257.94,0.011866895493268553,0.2981652987378003,False,False,0.06850149692735963
820cc752a266cdc6c1a1e61dd4583330,PR,maringa,15,1,0.06666666666666667,0.3333333333333333,4.845702160493827,8.575770061728395,13.962199074074075,4.133333333333334,2802.7999999999997,275.97,0.011866895493268553,0.2981652987378003,False,False,0.06850149692735963
87d3c3aeb3ead335511b3ce315eb341e,SP,sao paulo,15,1,0.06666666666666667,0.06666666666666667,1.1815277777777777,5.21446450617284,6.565039351851852,3.5,749.3499999999999,213.71,0.011866895493268553,0.2981652987378003,False,False,0.06850149692735963
8f54d64f28a993550aa7943f12572959,MG,ipatinga,15,1,0.06666666666666667,0.0,1.4249945987654322,12.07520524691358,14.054725308641975,3.7333333333333334,2755.5,377.62,0.011866895493268553,0.2981652987378003,False,False,0.06850149692735963
989becdce12ebc39863c2bceab6f3ca1,PR,curitiba,15,1,0.06666666666666667,0.26666666666666666,2.756026234567901,10.689364197530864,13.739216820987654,4.8,6302.9,814.52,0.011866895493268553,0.2981652987378003,False,False,0.06850149692735963
dc4a0fc896dc34b0d5bfec8438291c80,SP,ibitinga,211,14,0.06635071090047394,0.061611374407582936,3.7812458311391963,9.996395142180095,14.103132898894154,3.8720379146919433,21610.78,4082.33,0.03993168733340903,0.10827741064739031,True,False,0.06850149692735963
ccc4bbb5f32a6ab2b7066a4130f114e3,PR,curitiba,181,12,0.06629834254143646,0.049723756906077346,2.8880063495758326,12.657472951197052,16.001745319214244,4.361111111111111,71848.81999999999,5080.36,0.038328830686219825,0.1122946225061822,True,False,0.06850149692735963
827f8f69dfa529c561901c4f2e0f332f,PR,curitiba,91,6,0.06593406593406594,0.34065934065934067,5.509900412087912,7.888721001221001,13.683475910663411,4.286516853932584,3408.39,1595.57,0.03056628647161548,0.13646466199411572,True,False,0.06850149692735963
4a3ccda38b2129705f3fb522db62ca31,SP,marilia,61,4,0.06557377049180328,0.14754098360655737,3.2641679948391014,9.76918336369156,13.298605039465695,4.016393442622951,15066.49,1284.28,0.02579370448956657,0.1568280167989577,True,False,0.06850149692735963
7ea5bfa6c340f58f8e71fc1f0412b0d6,MG,belo horizonte,92,6,0.06521739130434782,0.010869565217391304,1.9426072191697192,10.738301127214172,13.021459088164251,4.318681318681318,10358.95,1520.72,0.030230203323134093,0.13505796127305872,True,False,0.06850149692735963
994f04b3718c2bab35c2adfa8afecd2a,SP,jaguariuna,46,3,0.06521739130434782,0.2391304347826087,3.7262414452495976,10.277272041062801,14.21344303542673,4.369565217391305,3239.9,745.62,0.022427861429288584,0.17502741081904216,True,False,0.06850149692735963
f457c46070d02cadd8a68551231220dd,PR,maringa,169,11,0.0650887573964497,0.04142011834319527,2.175978560405644,12.31583531941705,14.816122685185183,4.076923076923077,16343.0,3215.33,0.03672990367085314,0.11277970471252713,True,False,0.06850149692735963
004c9cd9d87a3c30c522c48c4fc07416,SP,ibitinga,155,10,0.06451612903225806,0.0,1.372079800986051,13.121050328554361,14.875171744324971,4.1568627450980395,19451.74,3499.33,0.03541805904536504,0.11467788566392656,True,False,0.06850149692735963
4c18691b6037662be2df78a765d98ab5,SP,sao paulo,62,4,0.06451612903225806,0.03225806451612903,1.650856102003643,7.157558803763441,9.175145982676224,3.8548387096774195,3159.02,1109.82,0.025372905520440803,0.15447515727752878,True,False,0.06850149692735963
276677b5d08786d5dce7c2149dcce48b,MG,belo horizonte,31,2,0.06451612903225806,0.03225806451612903,1.4870661717752234,9.929723715651134,12.060317727001195,4.032258064516129,3424.2,765.25,0.017874783521914572,0.20718636736298127,True,False,0.06850149692735963
5b925e1d006e9476d738aa200751b73b,SP,sao paulo,63,4,0.06349206349206349,0.0,1.7748982601553167,8.809486331569666,10.885000367430923,4.603174603174603,7748.5,1053.34,0.024965618013394072,0.15219177845306375,True,False,0.06850149692735963
8e8a7ce9f2f970dc00e2acf6f6e199f6,RJ,sao goncalo,63,4,0.06349206349206349,0.015873015873015872,1.7970936006571088,10.212726153733099,12.24611956202234,4.0,8821.0,1147.78,0.024965618013394072,0.15219177845306375,True,False,0.06850149692735963
96493fab2fbb13a14d0c0e8772eef5c3,SP,sao paulo,63,4,0.06349206349206349,0.25396825396825395,4.414186691651969,8.677793026161082,13.384796259553205,4.064516129032258,18969.0,1212.23,0.024965618013394072,0.15219177845306375,True,False,0.06850149692735963
1bb2bdb95f4841f1bba2c0d2cd83d3c9,SP,sao paulo,79,5,0.06329113924050633,0.20253164556962025,4.976122685185185,6.935505743084857,12.408010431317393,4.628205128205129,4905.76,1118.17,0.027334864880068373,0.13974885162778813,True,False,0.06850149692735963
2e1c9f22be269ef4643f826c9e650a52,SP,sao paulo,159,10,0.06289308176100629,0.031446540880503145,1.8693989488702538,7.663315499068251,9.80673159795015,4.284810126582278,12063.76,2292.77,0.03451765794535372,0.11189136463007116,True,False,0.06850149692735963
8d956fec2e4337affcb520f56fd8cbfd,SP,sao bernardo do campo,208,13,0.0625,0.04326923076923077,1.3885204945799459,7.515801560274217,9.276333355591168,4.235576923076923,10887.22,3278.37,0.03688561766192802,0.10398132588547457,True,False,0.06850149692735963
8cbac7e12637ed9cffa18c7875207478,SC,jaragua do sul,64,4,0.0625,0.0625,2.2262106848912406,11.378908781828704,13.987199616608796,4.265625,2880.98,1582.02,0.024571201396618017,0.14997485092208662,True,False,0.06850149692735963
343e716476e3748b069f980efbaa294e,SP,campinas,16,1,0.0625,0.25,5.211578414351852,7.5023415798611115,13.035564959490742,4.266666666666667,876.6999999999999,303.03,0.01111934476464252,0.28328737570298945,False,False,0.06850149692735963
5b33b527da3c5b969cc99dc435cad09a,PR,paranavai,16,1,0.0625,0.0,0.7181213831018519,11.56064163773148,12.708035300925925,4.125,1872.79,365.55,0.01111934476464252,0.28328737570298945,False,False,0.06850149692735963
6aa3928696eab49a19a466e665a649fd,RJ,nova iguacu,16,1,0.0625,0.0,1.4369307002314815,7.736823640046296,9.234954427083334,4.6875,1961.0,305.85,0.01111934476464252,0.28328737570298945,False,False,0.06850149692735963
a2b5b6105ea5942300631d2e76f4ffe0,SP,osasco,16,1,0.0625,0.0,2.223070023148148,5.9980859375,8.46931495949074,4.75,3286.6899999999996,722.65,0.01111934476464252,0.28328737570298945,False,False,0.06850149692735963
c12b92bf1c350f3e6bf88d3596219c86,SP,garca,16,1,0.0625,0.0,1.4615501543209877,8.917549189814816,10.62228515625,3.8125,4752.79,423.77,0.01111934476464252,0.28328737570298945,False,False,0.06850149692735963
d25aa0aaacb370e912f8cf6efeba38b3,SC,massaranduba,16,1,0.0625,0.0,1.2265892650462962,7.168576388888889,8.620612702546296,4.5625,2495.75,693.7,0.01111934476464252,0.28328737570298945,False,False,0.06850149692735963
da7039f29f90ce5b4846ffc0fcc93beb,SP,santo andre,16,1,0.0625,0.0,1.0423103632478632,8.181442418981481,9.666825086805556,4.75,1136.2,225.28,0.01111934476464252,0.28328737570298945,False,False,0.06850149692735963
dbdd0ec73a4817971d962698f2fea022,CE,fortaleza,16,1,0.0625,0.0,0.8740964506172839,11.111426504629629,12.651514756944445,4.375,6384.0,1790.8,0.01111934476464252,0.28328737570298945,False,False,0.06850149692735963
f97e2b0650c2068227e1d366140eb62f,SP,santo antonio de posse,16,1,0.0625,0.0,6.56078269675926,8.116397569444445,14.7938671875,4.0,3654.0,1011.98,0.01111934476464252,0.28328737570298945,False,False,0.06850149692735963
fe49ee029e61e789a1f3a5525f57ba8d,SP,osasco,16,1,0.0625,0.125,2.870628616898148,7.418108362268518,10.416166811342592,4.25,2473.69,217.46,0.01111934476464252,0.28328737570298945,False,False,0.06850149692735963
1554a68530182680ad5c8b042c3ab563,MG,monte siao,242,15,0.06198347107438017,0.02066115702479339,2.1196087091275375,11.82028490396388,14.303277376033058,4.370833333333334,28520.86,6434.05,0.037919070313476855,0.09973655125268296,True,False,0.06850149692735963
001cca7ae9ae17fb1caed9dfb1094831,ES,cariacica,194,12,0.061855670103092786,0.05670103092783505,2.1911610466781215,10.832777658457426,13.433460946449026,4.0785340314136125,24347.13,8621.24,0.03573464379084921,0.10499146582567531,True,False,0.06850149692735963
e9779976487b77c6d4ac45f75ec7afe9,SP,praia grande,631,39,0.061806656101426306,0.06497622820919176,2.2608241300776584,7.276249174590598,9.903226470329283,4.285031847133758,41225.05,9789.14,0.045539663703006106,0.08337671011531061,True,False,0.06850149692735963
834f3294fba9f932f56edc879193f925,SP,araraquara,65,4,0.06153846153846154,0.06153846153846154,2.5484624287749287,11.041255341880342,14.173805377492878,4.553846153846154,39297.5,4173.95,0.024189054966350286,0.1478215186552319,True,False,0.06850149692735963
955fee9216a65b617aa5c0531780ce60,SP,sao paulo,1252,77,0.06150159744408946,0.00718849840255591,1.741101503873154,8.554704417376641,10.764783060066856,4.209807073954984,131222.93,24620.78,0.0494879601929938,0.07619785604762956,True,False,0.06850149692735963
4b9750c8ad28220fe6702d4ecb7c898f,SP,limeira,214,13,0.06074766355140187,0.056074766355140186,1.9127491991398982,7.308368596400139,9.499343793267567,4.369158878504673,15667.7,3319.5099999999998,0.0358414280481878,0.10114562199381871,True,False,0.06850149692735963
8e6cc767478edae941d9bd9eb778d77a,MG,araguari,99,6,0.06060606060606061,0.37373737373737376,5.982218013468014,10.439157898428732,16.698648054620275,4.072164948453608,5783.45,2079.16,0.028069797446221498,0.12596787376489954,True,False,0.06850149692735963
2a7dc43cecabf23403078e2188437d1d,SP,sao paulo,50,3,0.06,0.14,3.9999402399848827,8.777879166666667,13.026279861111112,4.18,4763.02,804.38,0.02061497034897397,0.16217091688838173,True,False,0.06850149692735963
5f2684dab12e59f83bef73ae57724e45,SP,sao paulo,67,4,0.05970149253731343,0.014925373134328358,1.8580899322830293,8.462298749309012,10.647301340519624,3.791044776119403,8870.97,1109.75,0.023459351139819028,0.14369501041371535,True,False,0.06850149692735963
3c7c4a49ec3c6550809089c6a2ca9370,SP,sao paulo,135,8,0.05925925925925926,0.022222222222222223,1.7879621913580248,7.268809499314129,9.682696416323731,3.7111111111111112,3766.96,1681.57,0.03033036094206136,0.11257694491042357,True,False,0.06850149692735963
45d33f715e24d15a6ccf5c17b3a23e3c,SP,sorocaba,51,3,0.058823529411764705,0.23529411764705882,4.119574936456064,7.208683505809732,11.86624183006536,4.411764705882353,4228.77,828.74,0.020206639422464673,0.15924626048800425,True,False,0.06850149692735963
d9a84e1403de8da0c3aa531d6d108ba6,SP,sao paulo,51,3,0.058823529411764705,0.0,0.9616407952069717,6.356425880537401,7.678986474219317,4.7254901960784315,1349.5,673.15,0.020206639422464673,0.15924626048800425,True,False,0.06850149692735963
20d83f3ef0e6925fd74bfd59170babf7,SP,sao paulo,34,2,0.058823529411764705,0.0,1.4701742919389977,7.437321623093682,9.394434572440089,4.470588235294118,2385.8,525.33,0.016282655210122746,0.19093606904280996,True,False,0.06850149692735963
5b179e9e8cc7ab6fd113a46ca584da81,SP,sao paulo,34,2,0.058823529411764705,0.35294117647058826,6.031860362200436,6.4664971405228755,13.005503812636166,3.6666666666666665,5173.5,665.64,0.016282655210122746,0.19093606904280996,True,False,0.06850149692735963
3dbbce181edfaa4a597ec858c382d2ec,PR,curitiba,17,1,0.058823529411764705,0.058823529411764705,2.945542619825708,10.569980936819173,14.002171160130718,4.235294117647059,848.3,440.27,0.010460400984997592,0.26982030637575405,False,False,0.06850149692735963
63ffcb71394dd8ea3872ed9ffda17c74,RJ,itaborai,17,1,0.058823529411764705,0.11764705882352941,2.4596433738425927,10.354802559912853,13.25094566993464,3.176470588235294,399.0,264.72,0.010460400984997592,0.26982030637575405,False,False,0.06850149692735963
6bb0724edf0b62fb91ac404873a97241,SP,cotia,17,1,0.058823529411764705,0.0,1.1548978758169937,12.43963167211329,14.394572440087146,4.466666666666667,3653.0,763.52,0.010460400984997592,0.26982030637575405,False,False,0.06850149692735963
87d30a6a0cbf89356e49324971ab1d24,SP,sao paulo,17,1,0.058823529411764705,0.11764705882352941,2.043449754901961,8.835168164488017,11.212977260348582,4.352941176470588,2134.13,215.78,0.010460400984997592,0.26982030637575405,False,False,0.06850149692735963
9dda5bbacd45e18d6485fee649205d09,MG,santa rita do sapucai,17,1,0.058823529411764705,0.6470588235294118,5.993343545751634,9.483326525054466,16.01870234204793,4.352941176470588,1715.7,483.05,0.010460400984997592,0.26982030637575405,False,False,0.06850149692735963
b4f8921fcc4ff77b66bea6dda43dcd51,RS,caxias do sul,17,1,0.058823529411764705,0.058823529411764705,1.2775544662309368,6.290145697167755,7.776185321350761,4.529411764705882,10945.16,1440.3700000000001,0.010460400984997592,0.26982030637575405,False,False,0.06850149692735963
bba3293d6f5d5af2f415e004e8b93ae3,SP,sao paulo,17,1,0.058823529411764705,0.0,2.04359272875817,9.339595588235294,12.072742374727667,4.294117647058823,11702.1,326.69,0.010460400984997592,0.26982030637575405,False,False,0.06850149692735963
d03698c2efd04a549382afa6623e27fb,BA,ilheus,17,1,0.058823529411764705,0.058823529411764705,2.2407250816993467,12.298323801742919,15.05204044117647,4.705882352941177,8460.59,722.15,0.010460400984997592,0.26982030637575405,False,False,0.06850149692735963
d354c38a7182125a748cb10474fe963b,RJ,aperibe,17,1,0.058823529411764705,0.23529411764705882,4.326724537037037,8.787580337690633,13.723873229847493,4.375,1500.34,293.37,0.010460400984997592,0.26982030637575405,False,False,0.06850149692735963
e81e1f9c3e762e620f3fb60a51499e16,SC,curitibanos,17,1,0.058823529411764705,0.058823529411764705,6.261992102396514,18.729183006535948,25.360643382352944,4.0,4465.99,513.5,0.010460400984997592,0.26982030637575405,False,False,0.06850149692735963
f1ed6bd0a9b11b581f16c851c6a5a527,RS,porto alegre,17,1,0.058823529411764705,0.5294117647058824,10.577075163398693,9.83278799019608,20.990234885620914,4.411764705882353,1622.77,373.81,0.010460400984997592,0.26982030637575405,False,False,0.06850149692735963
f63d8f293af3a6454377546bd9dd19ff,SP,votorantim,17,1,0.058823529411764705,0.0,1.793691448801743,12.063718681917212,16.17041258169935,4.470588235294118,1751.8200000000002,495.13,0.010460400984997592,0.26982030637575405,False,False,0.06850149692735963
fbc14c0cf93505ef89f64665ffa4a7b5,SP,serrana,17,1,0.058823529411764705,0.058823529411764705,2.716639433551198,8.532729438997821,11.464373638344226,4.125,12133.83,453.92,0.010460400984997592,0.26982030637575405,False,False,0.06850149692735963
0adac9fbd9a2b63cccaac4f8756c1ca8,SP,louveira,103,6,0.05825242718446602,0.1553398058252427,3.9338854847494553,9.0281390462064,13.277899586479682,4.145631067961165,14809.79,2336.15,0.02696849732835717,0.12130221139792423,True,False,0.06850149692735963
46dc3b2cc0980fb8ec44634e21d2718e,RJ,rio de janeiro,499,29,0.05811623246492986,0.10420841683366733,2.8483820515686715,8.844093387438644,11.956473270615305,4.300202839756592,121931.41,11302.28,0.04076587215181572,0.08221813749156152,True,False,0.06850149692735963
4992e76a42cb3aad7a7047e0d3d7e729,SP,sao paulo,52,3,0.057692307692307696,0.038461538461538464,1.3076977040816324,6.471262241809116,8.047769987535613,3.9423076923076925,2052.7,948.23,0.019814172112270614,0.1564251136896076,True,False,0.06850149692735963
17a053fcb14bd219540cbde0df490be0,SP,mogi guacu,122,7,0.05737704918032787,0.1721311475409836,3.2202169174382718,8.386604622040073,12.238726946721311,4.308333333333334,39883.439999999995,8694.19,0.02806844241353642,0.11370883025870449,True,False,0.06850149692735963
dd2bdf855a9172734fbc3744021ae9b9,MG,belo horizonte,105,6,0.05714285714285714,0.1523809523809524,5.49260901675485,9.485099647266315,15.350510802469136,3.871287128712871,10607.0,1992.01,0.026449634437321692,0.11909654798560422,True,False,0.06850149692735963
3ab971ce71839580d2ae5b4e40fe8044,SP,sao paulo,35,2,0.05714285714285714,0.02857142857142857,1.8264171432461875,4.7273316798941805,6.8823330026455025,3.911764705882353,4917.0,880.25,0.015813161857108654,0.1860705742016492,True,False,0.06850149692735963
99002261c568a84cce14d43fcffb43ea,MT,cuiaba,35,2,0.05714285714285714,0.4857142857142857,5.956316798941799,10.521385251322751,16.81275562169312,3.6857142857142855,3948.0,1071.31,0.015813161857108654,0.1860705742016492,True,False,0.06850149692735963
bf84056e679dbe9c69929847a40e338f,SP,sao paulo,35,2,0.05714285714285714,0.17142857142857143,3.7916593915343917,8.53693287037037,12.677086640211641,3.7714285714285714,1918.08,438.5,0.015813161857108654,0.1860705742016492,True,False,0.06850149692735963
dc8798cbf453b7e0f98745e396cc5616,SP,sao paulo,35,2,0.05714285714285714,0.34285714285714286,7.395642195767196,5.50300958994709,13.457997354497355,3.3714285714285714,1733.0,525.95,0.015813161857108654,0.1860705742016492,True,False,0.06850149692735963
59fb871bf6f4522a87ba567b42dafecf,SP,sao paulo,123,7,0.056910569105691054,0.13821138211382114,2.478846577109897,9.221415424570914,11.998807023486902,4.276422764227642,21178.600000000002,2013.58,0.027837979583125644,0.11282154125946575,True,False,0.06850149692735963
d6b1ce66b035a475f00c017792ff9769,SP,salto,88,5,0.056818181818181816,0.03409090909090909,2.1783742371633,7.488147622053872,10.301774779040404,4.35632183908046,11787.41,1884.56,0.024511027973809198,0.12619932657007255,True,False,0.06850149692735963
5dceca129747e92ff8ef7a997dc4f8ca,SP,santa barbara d´oeste,317,18,0.056782334384858045,0.04100946372239748,1.984446087451805,9.133947379950929,11.654022556665499,4.0287539936102235,108079.13,13450.32,0.03621593810826677,0.08796208728514093,True,False,0.06850149692735963
08633c14ef2db992c11f840f04fad4cd,SP,ribeirao pires,71,4,0.056338028169014086,0.0,1.122048100490196,8.426320748565468,9.935978090766824,4.394366197183099,7310.0,1330.02,0.022124519301696642,0.13609605799976943,True,False,0.06850149692735963
6d66611d7c44cc30ce351abc49a68421,SP,sao paulo,160,9,0.05625,0.10625,3.4359129774305557,8.324956380208333,12.224915147569444,3.9683544303797467,13125.0,3173.83,0.029872301755764163,0.10343619645894672,True,False,0.06850149692735963
18a349e75d307f4b4cc646a691ed4216,SP,sao paulo,107,6,0.056074766355140186,0.04672897196261682,3.386362792627533,7.4252362409138115,11.242987625475942,3.650943396226415,7294.21,1841.44,0.02595036250362482,0.11696961517657262,True,False,0.06850149692735963
f4aba7c0bca51484c30ab7bdc34bcdd1,SP,sao paulo,107,6,0.056074766355140186,0.4392523364485981,3.902705737279335,6.547022001557632,10.996372879889234,3.94392523364486,2917.0,1511.38,0.02595036250362482,0.11696961517657262,True,False,0.06850149692735963
3d871de0142ce09b7081e2b9d1733cb1,SP,campo limpo paulista,1044,58,0.05555555555555555,0.13122605363984674,2.9767363341183186,10.29923019103874,13.624589996186321,4.210067763794773,92121.0,21787.0,0.04322031112440352,0.07114952775901986,True,False,0.06850149692735963
d9bd94811c3338dceb4181f3dbc0c73e,SP,sao paulo,54,3,0.05555555555555555,0.018518518518518517,1.3590206018518518,6.419308127572016,8.041346021947874,4.796296296296297,6911.02,771.09,0.0190732684546909,0.15107214318166143,True,False,0.06850149692735963
dc317f341ab0e22f39acbd9dbf9b4a1f,RS,cachoeirinha,54,3,0.05555555555555555,0.037037037037037035,2.611354809670782,9.426249785665295,12.474171596364883,4.148148148148148,18738.5,3521.16,0.0190732684546909,0.15107214318166143,True,False,0.06850149692735963
63b464dbf392c7b80d12d932fa7cafed,SP,sao paulo,36,2,0.05555555555555555,0.08333333333333333,5.448099601337448,7.440949395576131,13.07969971707819,3.861111111111111,6622.0,860.84,0.015369986664161853,0.18144657208647252,True,False,0.06850149692735963
e63e8bfa530fb16910dd6956e592bb81,SP,guarulhos,36,2,0.05555555555555555,0.05555555555555555,1.6967216435185186,7.027080118312757,9.248487011316874,4.333333333333333,1130.3,564.41,0.015369986664161853,0.18144657208647252,True,False,0.06850149692735963
179d859f51292aac5c10806a356f7af9,SP,ribeirao pires,18,1,0.05555555555555555,0.0,1.157072440087146,6.973959619341564,8.988954475308642,4.388888888888889,404.46999999999997,395.8,0.009875190978303097,0.25757300781872594,False,False,0.06850149692735963
1fdc574883ef3b33ad41562d93f3a74a,SP,limeira,18,1,0.05555555555555555,0.05555555555555555,1.4417682613168725,9.381510416666666,11.25219843106996,4.444444444444445,4251.0,273.27,0.009875190978303097,0.25757300781872594,False,False,0.06850149692735963
30829ded4523ab9224b93bc49a62c95f,RS,parai,18,1,0.05555555555555555,0.3333333333333333,3.7923058127572014,7.815094521604938,12.086655092592592,3.7777777777777777,6911.71,638.0,0.009875190978303097,0.25757300781872594,False,False,0.06850149692735963
33c51922b6e3c16b24a8f28e5833c99d,PR,londrina,18,1,0.05555555555555555,0.3888888888888889,6.20419045781893,7.947386188271604,14.543931327160493,4.235294117647059,6657.87,368.01,0.009875190978303097,0.25757300781872594,False,False,0.06850149692735963
52d76513f0c4d97f3b99570e2c94ee31,RS,novo hamburgo,18,1,0.05555555555555555,0.0,1.5896448206018519,8.888740354938271,10.441313014403292,4.0588235294117645,6803.2,789.96,0.009875190978303097,0.25757300781872594,False,False,0.06850149692735963
6b536a23086fba0d58c08d68814397f6,RJ,niteroi,18,1,0.05555555555555555,0.05555555555555555,1.3648223039215688,10.148473508230452,12.088557741769547,4.111111111111111,1996.8,359.74,0.009875190978303097,0.25757300781872594,False,False,0.06850149692735963
7a425d299613df3e613bcf9d2eaf5c49,RJ,rio de janeiro,18,1,0.05555555555555555,0.0,1.1570672582304526,10.440354938271604,11.79452996399177,4.111111111111111,1218.8,286.67,0.009875190978303097,0.25757300781872594,False,False,0.06850149692735963
c35672b10ad50968f567ea3f4b91e877,RJ,mesquita,18,1,0.05555555555555555,0.1111111111111111,2.15531121399177,9.164104295267489,11.607548868312756,4.5,1150.57,364.78,0.009875190978303097,0.25757300781872594,False,False,0.06850149692735963
ce69a8021d18961dd2a40269b7c2c293,PR,curitiba,18,1,0.05555555555555555,0.05555555555555555,1.3405266203703705,9.021082818930042,10.604083719135803,4.666666666666667,4718.01,451.89,0.009875190978303097,0.25757300781872594,False,False,0.06850149692735963
ea00f977a203ff88adf7057cb7806998,SP,santos,18,1,0.05555555555555555,0.05555555555555555,2.0375276491769547,3.1402854938271605,5.417617669753087,4.277777777777778,381.72999999999996,176.29,0.009875190978303097,0.25757300781872594,False,False,0.06850149692735963
f4c4daa86e30c7e5a553a8d518ac03a5,PR,cascavel,18,1,0.05555555555555555,0.3333333333333333,8.526484053497942,7.969448945473251,16.640676440329216,4.0,5984.3099999999995,340.19,0.009875190978303097,0.25757300781872594,False,False,0.06850149692735963
f5f2ab9bdb6b30c14c61be68c5ed37da,SP,porto ferreira,18,1,0.05555555555555555,0.05555555555555555,2.4181315104166665,10.945810185185186,13.4501858281893,4.277777777777778,2134.6800000000003,339.87,0.009875190978303097,0.25757300781872594,False,False,0.06850149692735963
d2374cbcbb3ca4ab1086534108cc3ab7,SP,ibitinga,489,27,0.05521472392638037,0.10020449897750511,4.308037079728294,10.153756295917596,14.867720735817617,3.861855670103093,19121.34,9026.32,0.03822120086579772,0.07914201561177148,True,False,0.06850149692735963
01fdefa7697d26ad920e9e0346d4bd1b,PR,londrina,127,7,0.05511811023622047,0.0,1.4480269878012935,8.94413814158647,10.749202391367746,4.373015873015873,14730.630000000001,2703.97,0.026952774659298823,0.10940659477530953,True,False,0.06850149692735963
f80edd2c5aaa505cc4b0a3b219abf4b8,SP,sao paulo,110,6,0.05454545454545454,0.17272727272727273,3.1809651078831123,8.609141414141414,12.103889204545455,4.247706422018348,8262.1,2709.12,0.025235827051103485,0.11391786075998823,True,False,0.06850149692735963
c70c1b0d8ca86052f45a432a38b73958,SP,hortolandia,258,14,0.05426356589147287,0.2364341085271318,3.0949136537330983,4.765810409488946,8.071924750574217,4.37890625,36068.509999999995,3871.72,0.03259546353077115,0.08901040806841962,True,False,0.06850149692735963
75fbb52eda0cbc24f479d3b2fbfa8d3e,GO,goiania,37,2,0.05405405405405406,0.02702702702702703,2.237705830830831,11.251109859859861,13.80278591091091,4.4324324324324325,1079.29,884.4,0.014950976833157673,0.17704654350813104,True,False,0.06850149692735963
7a67c85e85bb2ce8582c35f2203ad736,SP,sao paulo,1120,60,0.05357142857142857,0.027678571428571427,1.620117774590714,9.245112051504629,11.279471953538359,4.318345323741007,136727.94,20131.32,0.04184469073588655,0.06835008615964412,True,False,0.06850149692735963
b6d44737c043328708f6749c2dbe50bd,SP,santo andre,56,3,0.05357142857142857,0.017857142857142856,1.5900961700336702,6.118691302910053,8.010406952711639,4.660714285714286,4840.8,1413.97,0.018385781382109126,0.14607309068821533,True,False,0.06850149692735963
d650b663c3b5f6fb392b6326366efa9a,SP,cotia,56,3,0.05357142857142857,0.0,1.4864189814814814,8.07493716931217,9.863419105489417,4.428571428571429,18106.9,829.93,0.018385781382109126,0.14607309068821533,True,False,0.06850149692735963
fa40cc5b934574b62717c68f3d678b6d,SP,sao paulo,299,16,0.05351170568561873,0.05016722408026756,2.467382783370619,8.450044360832404,11.377573237953673,4.483221476510067,15602.99,4442.97,0.033203485166070495,0.0851470833467931,True,False,0.06850149692735963
1f9ab4708f3056ede07124aad39a2554,SP,tupa,75,4,0.05333333333333334,0.13333333333333333,2.721972685185185,11.41886388888889,14.617450308641976,4.135135135135135,13143.03,2332.29,0.02093342774665434,0.12925987153798557,True,False,0.06850149692735963
5656537e588803a555b8eb41f07a944b,DF,brasilia,169,9,0.05325443786982249,0.047337278106508875,1.5880867704826038,9.25143018573307,11.210601030024106,3.911242603550296,7859.59,3259.72,0.028267147079055317,0.09809986561407683,True,False,0.06850149692735963
6560211a19b47992c3666cc44a7e94c0,SP,sao paulo,1788,95,0.053131991051454136,0.005592841163310962,1.2489293748267554,8.048898831717624,9.65160208359226,4.002254791431793,119007.83,26919.23,0.04366057154320886,0.06451945625248208,True,False,0.06850149692735963
0c8380b62e38e8a1e6adbeba7eb9688c,MG,tres coracoes,170,9,0.052941176470588235,0.10588235294117647,2.891474128540305,10.081960443899781,13.304132557189542,4.118343195266272,16505.100000000002,3739.22,0.028099382825820952,0.09754072033980041,True,False,0.06850149692735963
cc419e0650a3c5ba77189a1882b7556a,SP,santo andre,1646,87,0.05285540704738761,0.007290400972053463,2.4016559178007992,8.738304834109625,11.593866134512398,4.156110434429557,100811.01,24639.47,0.043050025457562674,0.0647430342148589,True,False,0.06850149692735963
bfd27a966d91cfaafdb25d076585f0da,SP,serra negra,114,6,0.05263157894736842,0.008771929824561403,2.0732150319567353,10.116372035412606,12.418292417966212,4.31858407079646,19225.0,2636.41,0.024342161507909528,0.11008810589736981,True,False,0.06850149692735963
670c26e0f1bf8d0576271d5cfaec6d2b,PR,maringa,76,4,0.05263157894736842,0.013157894736842105,1.414837506091618,12.672974993908381,14.31368390594542,4.355263157894737,6200.2,1660.04,0.020655429299384284,0.12765672575889647,True,False,0.06850149692735963
f7720c4fa8e3aba4546301ab80ea1f1b,PR,curitiba,57,3,0.05263157894736842,0.03508771929824561,2.1766376262626266,8.601426250812215,11.041904848927874,4.2894736842105265,2006.85,1271.6399999999999,0.01806029563366167,0.14369550397163527,True,False,0.06850149692735963
ba90964cff9b9e0e6f32b23b82465f7b,SP,guarulhos,38,2,0.05263157894736842,0.0,1.0040152899610135,8.804270833333334,10.018161245126706,4.421052631578948,44212.5,1311.0,0.014554208147292413,0.17285462131770377,True,False,0.06850149692735963
04e38a233f726ef161074ab1c9b0399a,SP,sao paulo,19,1,0.05263157894736842,0.42105263157894735,5.066818347953216,6.353904117933723,11.993331505847953,4.105263157894737,991.6,355.67,0.009351994062300362,0.24638731166898786,False,False,0.06850149692735963
430315b7bb4b6e4b3c978f9dfa9b0558,SP,sao paulo,19,1,0.05263157894736842,0.15789473684210525,3.792263645224171,9.44066825048733,13.557284356725146,3.9473684210526314,2864.4,550.16,0.009351994062300362,0.24638731166898786,False,False,0.06850149692735963
542917da124346b47ea1ac79a93ce454,PR,curitiba,19,1,0.05263157894736842,0.10526315789473684,2.6750249756335283,8.88683540448343,11.950425804093568,4.105263157894737,1284.4,338.68,0.009351994062300362,0.24638731166898786,False,False,0.06850149692735963
67883baaae6134ee81b271a542613728,SP,sao paulo,19,1,0.05263157894736842,0.0,0.6907310956790123,4.867461622807017,5.838590399610137,4.105263157894737,8167.9,328.12,0.009351994062300362,0.24638731166898786,False,False,0.06850149692735963
82bd0703a4aefd6b599e5bfdaed378fb,SP,marilia,19,1,0.05263157894736842,0.10526315789473684,4.270643884015595,6.8645278996101355,11.5280147417154,4.105263157894737,2315.28,374.29,0.009351994062300362,0.24638731166898786,False,False,0.06850149692735963
a5a1bfcf728ab0e19182959cf0771ee4,SP,socorro,19,1,0.05263157894736842,0.0,1.3738687865497077,12.680285087719298,14.343022660818713,4.315789473684211,1713.16,326.90999999999997,0.009351994062300362,0.24638731166898786,False,False,0.06850149692735963
af4a0e4cfe1d9c26b6712b1be25a72e5,MG,mateus leme,19,1,0.05263157894736842,0.3157894736842105,4.940137061403509,8.213584307992203,13.849945175438597,3.6315789473684212,8306.16,555.51,0.009351994062300362,0.24638731166898786,False,False,0.06850149692735963
d9442042130b7fe579d1295f9f4a248f,SP,sao paulo,19,1,0.05263157894736842,0.3157894736842105,4.355645711500975,6.123090277777778,10.679895833333333,4.368421052631579,772.16,338.88,0.009351994062300362,0.24638731166898786,False,False,0.06850149692735963
e24d3429d294b2eb200b064ebb035879,SP,sao paulo,19,1,0.05263157894736842,0.0,0.7067238136574074,6.8468817007797265,7.711454678362573,4.2631578947368425,1878.58,372.12,0.009351994062300362,0.24638731166898786,False,False,0.06850149692735963
e5475dcab1e07b63d7f6e902d8f5eda8,SP,diadema,19,1,0.05263157894736842,0.0,0.8735727339181287,8.417376340155945,9.57444018031189,4.105263157894737,2192.0,251.22,0.009351994062300362,0.24638731166898786,False,False,0.06850149692735963
e84ad2127668df3aafc6b73531a0beb8,SP,sao paulo,19,1,0.05263157894736842,0.05263157894736842,1.6290210769980509,8.722646807992202,10.564939692982456,4.368421052631579,987.0,286.73,0.009351994062300362,0.24638731166898786,False,False,0.06850149692735963
e99e927c81e3f51739c94fcdfca9f10f,MG,uberlandia,19,1,0.05263157894736842,0.05263157894736842,2.46073160331384,12.112261208577,15.070997197855752,3.8947368421052633,2388.79,557.04,0.009351994062300362,0.24638731166898786,False,False,0.06850149692735963
eb5b6204dde3a6e03b5f1bb8479f055b,SP,embu guacu,19,1,0.05263157894736842,0.10526315789473684,2.250865618908382,7.839515716374269,10.447398269980505,3.9473684210526314,452.2,275.13,0.009351994062300362,0.24638731166898786,False,False,0.06850149692735963
0c7533c71df861ec58ad7ff999ed0e8d,SP,valinhos,58,3,0.05172413793103448,0.15517241379310345,2.711027697956577,7.894937939016603,10.89811582056194,4.206896551724138,2835.9,852.28,0.017746134659410502,0.14139401190842663,True,False,0.06850149692735963
c003204e1ab016dfa150abc119207b24,SP,cajamar,194,10,0.05154639175257732,0.010309278350515464,1.2092928240740741,7.932172942917144,9.644464132302407,4.484536082474227,24815.39,4705.17,0.028236780000983702,0.09227112043004727,True,False,0.06850149692735963
113e3a788b935f48aad63e1c41dac1bd,SP,aparecida,39,2,0.05128205128205128,0.05128205128205128,2.3034594298245614,10.549558404558406,13.198031517094018,4.315789473684211,847.35,686.6,0.014177955415274113,0.16885640047613612,True,False,0.06850149692735963
b56906f7fd1696e043f1bcce164c487b,SP,echapora,39,2,0.05128205128205128,0.07692307692307693,2.943335410731244,9.686708808167142,13.060999821937322,4.051282051282051,2079.69,832.98,0.014177955415274113,0.16885640047613612,True,False,0.06850149692735963
b94cc9f10ddc85e4ba73a6f7974e7101,RJ,macae,39,2,0.05128205128205128,0.0,2.008250534188034,8.232451626305792,10.580454059829059,4.297297297297297,25346.1,1022.39,0.014177955415274113,0.16885640047613612,True,False,0.06850149692735963
f789d2c4f2c2eb38fc4373e7a4b35264,MG,juiz de fora,39,2,0.05128205128205128,0.02564102564102564,1.4338176169590642,9.501258903133904,11.282736229819562,4.3076923076923075,4434.3,789.65,0.014177955415274113,0.16885640047613612,True,False,0.06850149692735963
41b39e28db005d9731d9d485a83b4c38,SP,santo andre,176,9,0.05113636363636364,0.03977272727272727,4.1174798111321556,8.123131247369528,12.597574442340067,4.232954545454546,15615.45,3641.97,0.027133181805272043,0.09431522594185673,True,False,0.06850149692735963
01cf7e3d21494c41fb86034f2e714fa1,PR,francisco beltrao,59,3,0.05084745762711865,0.01694915254237288,2.356133660600255,9.04330724262398,11.786124646892656,4.120689655172414,9439.56,1964.45,0.01744271747299006,0.139165022152769,True,False,0.06850149692735963
4830e40640734fc1c52cd21127c341d4,SP,sao paulo,197,10,0.050761421319796954,0.025380710659898477,1.6409468301209371,8.1070019035533,10.037764793664223,4.253807106598985,9125.53,2893.72,0.027803153770755387,0.09090470147331124,True,False,0.06850149692735963
ceaec5548eefc6e23e6607c5435102e7,SP,sao paulo,197,10,0.050761421319796954,0.015228426395939087,2.7288308404558403,9.869724572288023,13.049971622955443,4.195876288659794,51426.18,6167.71,0.027803153770755387,0.09090470147331124,True,False,0.06850149692735963
a1043bafd471dff536d0c462352beb48,MG,ilicinea,694,35,0.05043227665706052,0.007204610951008645,1.5714255629520053,11.736739780125948,13.694384906340058,4.293352601156069,98130.31,30540.31,0.03648322705894093,0.06933086278530724,True,False,0.06850149692735963
31344c16881c08a8a72c6d2eb29918c1,MG,uba,40,2,0.05,0.05,2.553023726851852,13.081984664351854,16.118865162037036,4.5,9136.0,2185.59,0.013820667386148344,0.16503877369140962,True,False,0.06850149692735963
7dc8c42cc750eeafea6c85712ffee9bf,SP,sao paulo,40,2,0.05,0.15,3.0042236467236467,5.839030092592592,9.295700810185185,4.275,6360.68,1024.78,0.013820667386148344,0.16503877369140962,True,False,0.06850149692735963
83deb69e889cf80f82be1dc6d5f2d486,SC,florianopolis,40,2,0.05,0.225,4.599938368055556,10.829550057870371,15.945520833333333,4.325,5363.01,913.64,0.013820667386148344,0.16503877369140962,True,False,0.06850149692735963
a2e874074c877c5a05abae80ad6e488f,SP,sao jose do rio preto,40,2,0.05,0.15,10.47538310185185,8.374622974537036,19.23790740740741,4.25,7355.0,1105.34,0.013820667386148344,0.16503877369140962,True,False,0.06850149692735963
b39d7fe263ef469605dbb32608aee0af,SP,ibitinga,40,2,0.05,0.05,2.640529224537037,10.478140046296296,13.509463541666667,4.0,4788.400000000001,959.24,0.013820667386148344,0.16503877369140962,True,False,0.06850149692735963
c013e57c075a06e5b5c48ee03c525719,SP,sao carlos,40,2,0.05,0.025,1.1784814221272555,7.687197916666666,9.2570234375,4.3,1895.5700000000002,816.58,0.013820667386148344,0.16503877369140962,True,False,0.06850149692735963
0d33a55da925bbf1ff02af5f6059fc7f,SP,sao paulo,20,1,0.05,0.05,1.4185252192982456,7.043570023148147,8.71004861111111,4.4,495.3,338.93,0.008881448800795402,0.23613119344674205,False,False,0.06850149692735963
1fe5540d7c1c37a595fefbacd5570d9e,RJ,paraiba do sul,20,1,0.05,0.0,2.1927679398148148,9.407391203703703,11.861380787037037,4.3,4537.6,581.15,0.008881448800795402,0.23613119344674205,False,False,0.06850149692735963
4200ddf1967c5e41e48db62bc6d4b5ac,SP,sao bernardo do campo,20,1,0.05,0.0,1.9185075536062377,8.387086226851853,10.738704282407408,4.411764705882353,599.5999999999999,381.65999999999997,0.008881448800795402,0.23613119344674205,False,False,0.06850149692735963
6288c69c4ce638e59925e59193f98b16,SP,santo andre,20,1,0.05,0.1,2.9735625,6.405539351851852,9.613747106481481,4.25,4196.8,270.21,0.008881448800795402,0.23613119344674205,False,False,0.06850149692735963
808d4348b916efa08e766ebad39f61eb,SP,sao paulo,20,1,0.05,0.1,2.249997427983539,5.274001736111111,7.961432870370371,4.6,712.95,268.59,0.008881448800795402,0.23613119344674205,False,False,0.06850149692735963
cfe94489ddd337d1e29e12f2a7205d10,SP,sao paulo,20,1,0.05,0.1,1.9473854166666666,4.70310300925926,6.922806134259259,4.3,2376.0,296.82,0.008881448800795402,0.23613119344674205,False,False,0.06850149692735963
53e4c6e0f4312d4d2107a8c9cddf45cd,SP,pedreira,444,22,0.04954954954954955,0.21171171171171171,3.5957790161775773,8.146828312687688,12.182858066399733,4.144469525959368,28419.98,9289.46,0.0329465419681641,0.07388023317381487,True,False,0.06850149692735963
850f4f8af5ea87287ac68de36e29107f,SP,sao paulo,182,9,0.04945054945054945,0.0,1.040968621399177,8.876530067155068,10.309742127085876,4.335195530726257,44465.5,3032.44,0.02623122405108992,0.09129615094529059,True,False,0.06850149692735963
79ebd9a61bac3eaf882805ed4ecfa12a,PR,cascavel,122,6,0.04918032786885246,0.3360655737704918,5.141553699877563,10.130967289010323,15.79770188221008,4.19672131147541,14029.19,3661.2400000000002,0.02273217015009757,0.10315208905311074,True,False,0.06850149692735963
4e17c65a516f69d023a2ae78b84f28d6,SP,suzano,61,3,0.04918032786885246,0.13114754098360656,5.339336419753086,7.7733014571949,13.33190023527626,4.229508196721311,7639.26,1155.54,0.0168659826687624,0.134911275272159,True,False,0.06850149692735963
0241d4d5d36f10f80c644447315af0bd,PR,curitiba,224,11,0.049107142857142856,0.03571428571428571,1.7478791962624725,8.9651740244709,11.120745236028439,4.457399103139013,29404.600000000002,6375.39,0.027638837274390086,0.08577976070356064,True,False,0.06850149692735963
92eb0f42c21942b6552362b9b114707d,SP,sao paulo,328,16,0.04878048780487805,0.2621951219512195,5.100314021973044,8.054766048441735,13.683098746612467,4.042944785276074,6300.9,4740.68,0.03024615322354269,0.07776162539480214,True,False,0.06850149692735963
7008613ea464bad5cb9b83456e1e6a8f,SC,canoinhas,123,6,0.04878048780487805,0.032520325203252036,2.3640410456187895,11.542805442637759,14.4758306044866,4.278688524590164,7538.7,2949.34,0.022545774253251702,0.1023460313754423,True,False,0.06850149692735963
98dac6635aee4995d501a3972e047414,SP,sao paulo,82,4,0.04878048780487805,0.2804878048780488,3.4011260727190606,6.0608556345980125,9.869562443541103,4.148148148148148,3828.9,2209.4,0.019131065567745804,0.1188146192257594,True,False,0.06850149692735963
43f8c9950d11ecd03a0304a49e010da6,SP,carapicuiba,41,2,0.04878048780487805,0.0,1.4355510388437218,9.54526281616983,11.497686314363143,4.560975609756097,4249.59,557.63,0.013480945365169042,0.16138978870370846,True,False,0.06850149692735963
cd06602b43d8800bd0afad514919d35c,SP,sao paulo,41,2,0.04878048780487805,0.0975609756097561,3.869738715277778,8.45023995031617,12.696745144534777,3.8292682926829267,2414.51,703.14,0.013480945365169042,0.16138978870370846,True,False,0.06850149692735963
1c129092bf23f28a5930387c980c0dfc,SP,sao paulo,185,9,0.04864864864864865,0.2594594594594595,3.744432932932933,7.788010385385386,11.839354917417417,4.364130434782608,8815.52,2758.3,0.025802366653230144,0.08985792826872711,True,False,0.06850149692735963
05d2173d43ea568aa0540eba70d2ca76,MG,alfenas,62,3,0.04838709677419355,0.0,2.0103815710872164,12.362079413082437,15.022058878434887,4.183333333333334,5759.66,1679.27,0.016591685850580726,0.1328803792732396,True,False,0.06850149692735963
2138ccb85b11a4ec1e37afbd1c8eda1f,SP,sao paulo,374,18,0.0481283422459893,0.045454545454545456,2.2064580540661303,8.704815526589424,11.399174124826697,3.9892761394101877,11584.55,5718.57,0.030657328378049905,0.07478758215412389,True,False,0.06850149692735963
cca3071e3e9bb7d12640c9fbe2301306,SP,ibitinga,665,32,0.0481203007518797,0.06766917293233082,3.5584505646745233,10.363610571567808,14.323972500696186,3.9694189602446484,59432.340000000004,13195.62,0.03428966005885266,0.0671416401782957,True,False,0.06850149692735963
7e93a43ef30c4f03f38b393420bc753a,SP,barueri,315,15,0.047619047619047616,0.07936507936507936,2.4693826911589007,8.510268040858318,11.35617298647854,4.39171974522293,164162.52,5901.22,0.02906714025984941,0.07707168793979648,True,False,0.06850149692735963
640e21a7d01df7614a3b4923e990d40c,SP,ibitinga,105,5,0.047619047619047616,0.0380952380952381,1.3689534796893668,8.918381283068783,10.369566358024692,4.40952380952381,6856.97,2195.6,0.020509165674361972,0.10666166583292791,True,False,0.06850149692735963
5f3ae9136c875522250f8184f253413a,SP,sao paulo,42,2,0.047619047619047616,0.11904761904761904,1.35210262345679,6.2418603946208115,7.8619786155202815,4.642857142857143,1143.05,596.72,0.013157524908905607,0.15789852396958842,True,False,0.06850149692735963
abcd2cb37d46c2c8fb1bf071c859fc5b,MT,cuiaba,42,2,0.047619047619047616,0.047619047619047616,2.018828477868112,11.609507826278659,13.936075837742505,4.380952380952381,4652.42,1238.69,0.013157524908905607,0.15789852396958842,True,False,0.06850149692735963
c66dccfb3f109511246da627dd5a2498,SP,registro,42,2,0.047619047619047616,0.0,1.3827345867208671,9.98869598765432,11.61404761904762,4.595238095238095,11515.65,892.79,0.013157524908905607,0.15789852396958842,True,False,0.06850149692735963
3d5d0dc7073a299e31fa718ce1bc00b6,RJ,rio de janeiro,21,1,0.047619047619047616,0.047619047619047616,1.490303971734893,6.624383267195767,8.493292548500882,4.428571428571429,674.8,352.32,0.008455987809826399,0.22669360074122563,False,False,0.06850149692735963
412a4720f3e9431b4afa1476a1acddbe,SP,campinas,21,1,0.047619047619047616,0.0,0.9486711860670193,8.963456238977072,10.530947971781305,4.238095238095238,2058.1,511.06,0.008455987809826399,0.22669360074122563,False,False,0.06850149692735963
4b5f66b7adcf57f1ecc0d3c07dd6b177,PR,vendas@creditparts.com.br,21,1,0.047619047619047616,0.2857142857142857,4.611909722222222,9.562987764550265,14.703603395061728,4.3,5715.28,641.1999999999999,0.008455987809826399,0.22669360074122563,False,False,0.06850149692735963
5670f4db5b62c43d542e1b2d56b0cf7c,SP,sao paulo,21,1,0.047619047619047616,0.19047619047619047,1.9499293981481483,6.312652667548501,8.836012455908289,4.380952380952381,6622.4400000000005,572.01,0.008455987809826399,0.22669360074122563,False,False,0.06850149692735963
730937bf88cb151eb2eb849f642fc213,SP,rio claro,21,1,0.047619047619047616,0.0,0.8612291666666667,5.425504850088184,6.666262125220458,4.571428571428571,2715.9,438.17,0.008455987809826399,0.22669360074122563,False,False,0.06850149692735963
7c5b05cbdb5542049f38d90d7815b97d,SP,sao paulo,21,1,0.047619047619047616,0.09523809523809523,2.3581469907407406,4.642544642857143,7.548407186948853,4.523809523809524,993.97,298.92,0.008455987809826399,0.22669360074122563,False,False,0.06850149692735963
9596c870880d900012f2e8e6e30d06d7,MG,varginha,21,1,0.047619047619047616,0.047619047619047616,1.9344356261022928,11.151894841269842,13.834508928571429,4.285714285714286,7625.35,1746.36,0.008455987809826399,0.22669360074122563,False,False,0.06850149692735963
af3ef48d0e13835e529c29ac573c63e5,SP,araraquara,21,1,0.047619047619047616,0.09523809523809523,2.0216032848324517,5.764495149911816,7.9285300925925934,3.761904761904762,1405.63,467.5,0.008455987809826399,0.22669360074122563,False,False,0.06850149692735963
cea729054f157f5870bdd321a958d994,SP,sao paulo,21,1,0.047619047619047616,0.0,1.0920461744639376,6.071171186067019,7.557642746913579,4.142857142857143,2238.3,308.36,0.008455987809826399,0.22669360074122563,False,False,0.06850149692735963
1da3aeb70d7989d1e6d9b0e887f97c23,SP,sao paulo,254,12,0.047244094488188976,0.03543307086614173,1.5565114730305702,6.8130951534704,8.680854248687664,4.173913043478261,8562.65,4102.08,0.02722917855612693,0.08074980569269938,True,False,0.06850149692735963
813348c996469b40f2e028d5429d3495,SP,jundiai,170,8,0.047058823529411764,0.023529411764705882,1.671858251633987,8.219349741285402,10.211443627450981,4.083832335329341,10694.73,3404.4100000000003,0.02403552873041038,0.09009983895054807,True,False,0.06850149692735963
870d0118f7a9d85960f29ad89d5d989a,MG,pocos de caldas,43,2,0.046511627906976744,0.06976744186046512,2.220715708440999,12.124421296296298,14.780152885443584,4.093023255813954,3052.31,1213.16,0.012849260094380227,0.15455498004063967,True,False,0.06850149692735963
1b4c3a6f53068f0b6944d2d005c9fc89,SC,sao ludgero,108,5,0.046296296296296294,0.009259259259259259,1.492790343915344,12.547525934499314,14.518420246056243,4.271028037383178,14051.210000000001,2847.95,0.019934815414942943,0.1038248258365625,True,False,0.06850149692735963
0509040ea3fe50071181bbc359eb7738,MG,belo horizonte,87,4,0.04597701149425287,0.04597701149425287,1.799722222222222,9.4426455406556,11.611956550659855,4.476744186046512,3689.35,1409.8999999999999,0.018022688467086906,0.11233033507987294,True,False,0.06850149692735963
6edacfd9f9074789dad6d62ba7950b9c,SP,guarulhos,196,9,0.04591836734693878,0.025510204081632654,1.7119530647183643,6.975151525888133,8.982609894652306,4.474489795918367,12495.4,2723.07,0.024343087125189636,0.08495084492267023,True,False,0.06850149692735963
e333046ce6517bd8bb510291d44f0130,SP,ipaussu,66,3,0.045454545454545456,0.015151515151515152,1.5853532763532763,7.894417262906846,10.087114723625142,4.409090909090909,7142.0,1376.11,0.015578274334433505,0.1253331411324222,True,False,0.06850149692735963
b32be1695eb7ec5f10f72d9610a12527,RS,caxias do sul,44,2,0.045454545454545456,0.18181818181818182,3.2235287773569024,8.699031723484849,12.276737163299662,4.1395348837209305,26575.0,2937.68,0.012555109949594967,0.15134998437629657,True,False,0.06850149692735963
093805f8f2aeb63881444571e1f48f30,SP,osasco,22,1,0.045454545454545456,0.0,1.7983422769360269,5.6845470328282826,8.274672243265995,4.181818181818182,1215.79,343.94,0.00806942762126385,0.21798045838657332,False,False,0.06850149692735963
10076e5788b8ee532724bcd460baf762,SP,batatais,22,1,0.045454545454545456,0.0,1.4543535052910053,8.720451914983165,10.269643834175083,4.590909090909091,797.48,365.26,0.00806942762126385,0.21798045838657332,False,False,0.06850149692735963
2b1a40c1daabc6ca280c4b815c101841,MG,divinopolis,22,1,0.045454545454545456,0.0,0.8037378998316498,12.2664788510101,13.425314078282828,3.8181818181818183,12342.6,1833.14,0.00806942762126385,0.21798045838657332,False,False,0.06850149692735963
503c1de08ae81a2d86f17951b204db55,SP,sao paulo,22,1,0.045454545454545456,0.0,1.220150989057239,11.81580808080808,13.488269675925926,4.409090909090909,4906.99,414.90999999999997,0.00806942762126385,0.21798045838657332,False,False,0.06850149692735963
55f7a3319d80f7fdf078b8f03e6725fe,SP,osasco,22,1,0.045454545454545456,0.09090909090909091,1.1972232744107745,4.841358375420875,6.7771659301346805,3.772727272727273,3013.78,406.67,0.00806942762126385,0.21798045838657332,False,False,0.06850149692735963
8fdca8e349553f99bc738833a62c8802,SP,sao paulo,22,1,0.045454545454545456,0.045454545454545456,2.011719276094276,8.20945444023569,10.5466109006734,4.190476190476191,989.34,380.88,0.00806942762126385,0.21798045838657332,False,False,0.06850149692735963
df56d7b40d437f88407c5f78b63bc328,PR,cascavel,22,1,0.045454545454545456,0.045454545454545456,2.0085569234006737,10.37187342171717,12.586075862794614,4.090909090909091,2791.28,460.21999999999997,0.00806942762126385,0.21798045838657332,False,False,0.06850149692735963
f0837c8d71434931d9e38e7b79234797,RS,arvorezinha,22,1,0.045454545454545456,0.045454545454545456,1.9722685185185185,9.842750946969698,11.822301136363636,4.590909090909091,3446.9,602.46,0.00806942762126385,0.21798045838657332,False,False,0.06850149692735963
dee656f0f566ed1aa85bd137c943f08f,SP,cruzeiro,89,4,0.0449438202247191,0.02247191011235955,1.411227650063857,10.993155560757387,12.76867171244278,4.393258426966292,6082.2,1621.83,0.017614486067325956,0.10993045959712858,True,False,0.06850149692735963
a3a38f4affed601eb87a97788c949667,SC,joinville,246,11,0.044715447154471545,0.012195121951219513,1.4884262607131926,10.857210507000904,12.627247911020778,4.438524590163935,25756.02,5052.23,0.0251490638933498,0.07828236395161804,True,False,0.06850149692735963
7b07b3c7487f0ea825fc6df75abd658b,SP,sao paulo,90,4,0.044444444444444446,0.011111111111111112,1.7282456275720164,7.709656378600823,9.65929732510288,4.411111111111111,9245.47,1285.3,0.01741724185270873,0.10876855032812233,True,False,0.06850149692735963
afe0067131b73e40875c9b6c10bd2e21,MG,lagoa da prata,45,2,0.044444444444444446,0.2,3.5030604423868317,11.714450617283951,15.468515432098766,4.2727272727272725,5040.5,1111.09,0.012274126706719846,0.14827510769435623,True,False,0.06850149692735963
94144541854e298c2d976cb893b81343,RS,viamao,68,3,0.04411764705882353,0.25,5.240338541666667,7.134786560457517,12.93787326388889,4.253731343283582,17286.28,1429.37,0.01511661970804156,0.12187195182496394,True,False,0.06850149692735963
d50d79cb34e38265a8649c383dcffd48,SP,sao paulo,68,3,0.04411764705882353,0.014705882352941176,1.3830679806644879,11.039188112745098,13.12009446486928,4.2388059701492535,12715.44,1869.58,0.01511661970804156,0.12187195182496394,True,False,0.06850149692735963
669ae81880e08f269a64487cfb287169,SC,rio do sul,159,7,0.0440251572327044,0.018867924528301886,1.4761355862231658,10.418265417540182,12.266427614721641,4.2974683544303796,13043.88,3318.59,0.02148692054549619,0.08807644832814845,True,False,0.06850149692735963
2e13c71026e1a39ba5cc1b86dcb679aa,SP,sao paulo,23,1,0.043478260869565216,0.043478260869565216,2.6295696548821548,7.806007950885669,10.730386976650564,4.521739130434782,3717.0,494.8,0.007716666143453149,0.20991155070258877,False,False,0.06850149692735963
a3f0b55de503387383c7b1de3ad7f678,PR,curitiba,23,1,0.043478260869565216,0.0,2.054748389694042,8.559358896940418,10.949255233494364,4.391304347826087,4258.5,1214.69,0.007716666143453149,0.20991155070258877,False,False,0.06850149692735963
a938325a4b357fd23a6a4d5bb126408e,RJ,nilopolis,23,1,0.043478260869565216,0.30434782608695654,3.499081119162641,9.295414150563607,13.404421296296297,3.9565217391304346,3182.0,466.29,0.007716666143453149,0.20991155070258877,False,False,0.06850149692735963
b83cedfb587e7911540e3f576d6917ce,SP,sao paulo,23,1,0.043478260869565216,0.043478260869565216,2.4119801731078905,7.533992049114333,10.284273852657005,4.173913043478261,2096.95,337.17,0.007716666143453149,0.20991155070258877,False,False,0.06850149692735963
d624126b9206f595fb3fbb6ba03b28a8,PR,curitiba,23,1,0.043478260869565216,0.08695652173913043,2.44637676366843,8.682971014492754,11.358020833333335,4.318181818181818,7198.8,569.7,0.007716666143453149,0.20991155070258877,False,False,0.06850149692735963
f8db351d8c4c4c22c6835c19a46f01b0,SP,salto,646,28,0.043343653250773995,0.018575851393188854,1.293765206945905,8.17999591503268,9.921191663800021,4.295489891135303,49675.1,12300.76,0.030155946841017026,0.0619302966702726,True,False,0.06850149692735963
7299e27ed73d2ad986de7f7c77d919fa,MG,araguari,330,14,0.04242424242424243,0.015151515151515152,1.1983924373040753,9.84070724607183,11.359255471380472,4.433333333333334,33881.49,6719.98,0.025436818741762592,0.06994216424367941,True,False,0.06850149692735963
128639473a139ac0f3e5f5ade55873a5,PR,maringa,520,22,0.04230769230769231,0.08846153846153847,2.5251113613613616,11.483998352920228,14.403947760861824,4.229571984435798,11645.55,9642.44,0.02810297240066055,0.06322515372436575,True,False,0.06850149692735963
9b013e03b2ab786505a1d3b5c0756754,SP,vicente de carvalho,167,7,0.041916167664670656,0.041916167664670656,2.287308745483288,5.878855691394988,8.532796143823463,4.253012048192771,8546.57,2537.61,0.02045015348713488,0.08398268701804684,True,False,0.06850149692735963
080102cd0a76b09e0dcf55fcacc60e05,MG,belo horizonte,120,5,0.041666666666666664,0.008333333333333333,1.1530827945402298,8.271353202160494,9.848887538580247,4.541666666666667,5521.87,2151.09,0.017926716880109515,0.09384085233703535,True,False,0.06850149692735963
688756f717c462a206ad854c5027a64a,SP,guarulhos,72,3,0.041666666666666664,0.1388888888888889,4.3798141718106995,6.271646412037037,11.077592753343621,3.9859154929577465,5272.72,1636.8799999999999,0.014270807466925182,0.11549276741316111,True,False,0.06850149692735963
81a1104df0f08b59c68aa5b03cfe398e,PR,sao jose dos pinhais,72,3,0.041666666666666664,0.041666666666666664,1.812006333590535,10.39713236239712,12.830092431841564,4.314285714285714,9320.98,1794.45,0.014270807466925182,0.11549276741316111,True,False,0.06850149692735963
729b2d09b2a0bdab221076327f13d050,SP,mineiros do tiete,48,2,0.041666666666666664,0.10416666666666667,3.1159032600308643,9.069775993441358,12.483082320601852,4.5625,1805.21,934.6999999999999,0.011501893489386586,0.13975655870455445,True,False,0.06850149692735963
cb3dd9ce66268c7a3ca7241ac70ab58c,SP,sao paulo,48,2,0.041666666666666664,0.0625,4.724484338061466,8.894740306712963,14.009482060185185,4.197916666666667,2788.32,820.35,0.011501893489386586,0.13975655870455445,True,False,0.06850149692735963
1dc2de47ee26a0a5b12dc14fd6dc0dea,SP,ibitinga,24,1,0.041666666666666664,0.08333333333333333,2.2209213969404185,12.294930073302469,14.919111207561729,4.541666666666667,1603.4,602.12,0.0073934561655057685,0.20241806478655938,False,False,0.06850149692735963
2199e7fe213c16213bf5d6a7eadc9a5d,SP,registro,24,1,0.041666666666666664,0.0,1.4377493248456792,8.850787037037037,10.778349247685185,4.375,3767.29,541.8100000000001,0.0073934561655057685,0.20241806478655938,False,False,0.06850149692735963
4bfc7a4a1cf8d4d2121c27422d9e50b5,SP,sao paulo,24,1,0.041666666666666664,0.16666666666666666,2.9975961151368757,4.427453703703704,7.609909336419753,4.5,7678.6,995.44,0.0073934561655057685,0.20241806478655938,False,False,0.06850149692735963
95ec4458365c4d11f452ccf538377619,SP,limeira,24,1,0.041666666666666664,0.08333333333333333,2.514944645732689,3.622857831790123,6.6352719907407405,4.739130434782608,1693.3600000000001,394.72,0.0073934561655057685,0.20241806478655938,False,False,0.06850149692735963
c8417879a15366a17c30af34c798c332,SP,sao paulo,24,1,0.041666666666666664,0.0,1.2070886381172838,7.756591435185185,9.402091531635802,4.260869565217392,1696.7,441.06,0.0073934561655057685,0.20241806478655938,False,False,0.06850149692735963
ccf8813e5a7d6c84d865cd38bfc2b130,SP,taubate,24,1,0.041666666666666664,0.0,1.9467004243827162,9.861211902006174,11.96275318287037,4.666666666666667,2431.5,378.23,0.0073934561655057685,0.20241806478655938,False,False,0.06850149692735963
f7496d659ca9fdaf323c0aae84176632,SP,sao paulo,24,1,0.041666666666666664,0.16666666666666666,7.0778043016975305,5.13354263117284,12.65571518132716,4.541666666666667,4547.7699999999995,760.6899999999999,0.0073934561655057685,0.20241806478655938,False,False,0.06850149692735963
282f23a9769b2690c5dda22e316f9941,MG,belo horizonte,97,4,0.041237113402061855,0.061855670103092786,3.032120614035088,7.825565101183657,11.273206973081328,4.381443298969073,6367.4,1842.53,0.016151236586163194,0.10127525604073725,True,False,0.06850149692735963
9d4db00d65d7760644ac0c14edb5fd86,SP,sorocaba,97,4,0.041237113402061855,0.010309278350515464,1.1643746141975309,6.653168909889271,8.056416213249332,4.541666666666667,9845.710000000001,1509.59,0.016151236586163194,0.10127525604073725,True,False,0.06850149692735963
8f119a0aee85c0c8fc534629734e94fd,SP,barueri,73,3,0.0410958904109589,0.1232876712328767,3.381382458847737,6.717360001268392,10.275790366565195,4.342465753424658,3496.39,1028.69,0.01407394035392058,0.1140009162629833,True,False,0.06850149692735963
a7f13822ceb966b076af67121f87b063,SP,itaquaquecetuba,73,3,0.0410958904109589,0.6027397260273972,10.538327942668696,11.540757071283611,22.7069525304414,3.4027777777777777,12017.69,2962.74,0.01407394035392058,0.1140009162629833,True,False,0.06850149692735963
9f505651f4a6abe901a56cdc21508025,SP,sao paulo,390,16,0.041025641025641026,0.005128205128205128,0.9783402777777779,6.676690378679962,8.067647732668567,4.3824289405684755,25818.86,5870.26,0.025408082679005517,0.06559670622264188,True,False,0.06850149692735963
2528513dd95219a6013d4d05176e391a,SP,osasco,147,6,0.04081632653061224,0.11564625850340136,2.185265006385696,8.11413603867473,10.800062909423028,4.138888888888889,30867.4,3472.11,0.018838561435727368,0.08618202736356909,True,False,0.06850149692735963
00fc707aaaad2d31347cf883cd2dfe10,PR,maringa,98,4,0.04081632653061224,0.0,2.3516372590702947,12.621467191043084,15.380988047996977,4.076530612244898,12157.4,2173.93,0.015985249179476427,0.1002882111363527,True,False,0.06850149692735963
febab0275244b9a49a623f0bd613ca2f,SP,pedreira,98,4,0.04081632653061224,0.01020408163265306,1.247281391723356,7.038098663076342,8.74589769935752,4.510204081632653,6654.38,2730.0,0.015985249179476427,0.1002882111363527,True,False,0.06850149692735963
537eb890efff034a88679788b647c564,RJ,rio de janeiro,148,6,0.04054054054054054,0.006756756756756757,1.4094988267376964,7.443370479854854,9.157002393018018,4.3141891891891895,4281.2,2228.04,0.018710373279666168,0.0856185691826222,True,False,0.06850149692735963
701938c450705b8ae65fc923b70f35c7,SP,s jose do rio preto,74,3,0.04054054054054054,0.13513513513513514,2.916905812062062,9.742412412412413,12.979548298298297,4.0,11879.289999999999,3771.6,0.013882431221978866,0.11254709579091647,True,False,0.06850149692735963
25cf099de44674fde97473224f9d59ab,SP,cotia,50,2,0.04,0.0,1.4397477324263037,7.619102314814814,9.392387962962964,4.326530612244898,1654.36,705.19,0.011038884327619805,0.1346009068750702,True,False,0.06850149692735963
7d456afc660226829370f3173d14520c,SP,mogi das cruzes,50,2,0.04,0.02,1.6027510127314815,6.933290277777778,8.77712638888889,4.42,7576.8,1315.79,0.011038884327619805,0.1346009068750702,True,False,0.06850149692735963
575df70bde3f9f2b30bf8d2e9910d725,SP,sao jose do rio preto,25,1,0.04,0.24,5.548294444444444,7.683518981481481,13.739490277777778,4.24,5052.65,696.16,0.007096233501987265,0.19544063736193734,False,False,0.06850149692735963
5b67882648febfb6e1225e6ad7164f6b,PR,umuarama,25,1,0.04,0.0,1.4435722222222223,11.149277314814816,13.07984861111111,4.08,6363.51,550.1,0.007096233501987265,0.19544063736193734,False,False,0.06850149692735963
ed4311e67debd72b8610a5347a743087,SP,guarulhos,25,1,0.04,0.08,1.6920042438271603,5.94437037037037,7.809243981481481,4.625,3636.0,706.8100000000001,0.007096233501987265,0.19544063736193734,False,False,0.06850149692735963
87142160b41353c4e5fca2360caf6f92,RS,porto alegre,301,12,0.03986710963455149,0.07308970099667775,2.5392446352602605,7.996061507936508,10.979133251814938,4.425,30662.28,7069.21,0.022950331727886387,0.06838061429369888,True,False,0.06850149692735963
5a8e7d5003a1f221f9e1d6e411de7c23,SP,campinas,126,5,0.03968253968253968,0.06349206349206349,2.049895190329218,8.089741696061141,10.499142967372133,4.198412698412699,10333.4,2410.43,0.017067113080169644,0.08953565422090193,True,False,0.06850149692735963
aafe36600ce604f205b86b5084d3d767,SC,sao jose,127,5,0.03937007874015748,0.047244094488188976,1.6115239197530864,10.429950969670458,12.563356116943714,4.4015748031496065,9083.7,2371.45,0.016931797475218995,0.08885622220486222,True,False,0.06850149692735963
4d6d651bd7684af3fffabd5f08d12e5a,SP,jau,357,14,0.0392156862745098,0.11204481792717087,3.6208692325800373,9.100588008351489,13.064477480807136,4.264044943820225,42479.700000000004,7643.18,0.023501345381295172,0.06474089519925985,True,False,0.06850149692735963
7202e2ba20579a9bd1acb29e61fe71f6,SP,franca,51,2,0.0392156862745098,0.0392156862745098,1.2100421971450617,11.631500090777052,13.344604438997822,3.98,12085.699999999999,1131.51,0.010821083352867085,0.13216305655362268,True,False,0.06850149692735963
db4350fd57ae30082dec7acbaacc17f9,SP,sao paulo,128,5,0.0390625,0.015625,1.74923246573345,8.446462040653936,10.776684932002315,4.244094488188976,3098.47,1959.53,0.016798610797803704,0.08818702076683686,True,False,0.06850149692735963
6b243f80ed07b10f0e8aa0f21a205f3c,PR,curitiba,77,3,0.03896103896103896,0.0,1.445030812062062,9.415485960798462,11.23728324915825,4.246753246753247,6131.3,1515.66,0.013337950040590962,0.10839981872632877,True,False,0.06850149692735963
dbb9b48c841a0e39e21f98e1a6b2ec3e,SP,sao paulo,103,4,0.038834951456310676,0.05825242718446602,1.9085121641249092,7.79023125674218,10.104732447860481,4.300970873786408,6699.17,1541.11,0.01520398954826923,0.09562806901213441,True,False,0.06850149692735963
710e3548e02bc1d2831dfc4f1b5b14d4,PR,rolandia,129,5,0.03875968992248062,0.24806201550387597,3.7031886118401864,10.567458100057422,14.597361380275625,3.4375,22197.350000000002,3689.78,0.016667503195434634,0.08752782064075537,True,False,0.06850149692735963
0db783cfcd3b73998abc6e10e59a102f,SP,santos,130,5,0.038461538461538464,0.1076923076923077,2.4572093920470857,8.770017004985755,11.726401442307692,4.217054263565892,8879.4,1988.68,0.01653842636016352,0.08687839935777318,True,False,0.06850149692735963
062ce95fa2ad4dfaedfc79260130565f,RS,lajeado,52,2,0.038461538461538464,0.21153846153846154,5.364479611823362,7.598424145299145,13.327159232549858,4.096153846153846,7389.3,1157.17,0.010611711001315298,0.12981189157455764,True,False,0.06850149692735963
06df0c10d34e459d9672bc77388742eb,PR,maringa,26,1,0.038461538461538464,0.0,1.0982509793447295,8.843422809829061,10.081905715811965,4.346153846153846,9070.0,525.77,0.006821984993543487,0.18892778903034757,False,False,0.06850149692735963
5f5b43b2bffa8656e4bc6efeb13cc649,SP,sao paulo,26,1,0.038461538461538464,0.0,1.7114645655270655,11.566060808404558,13.875202101139601,4.423076923076923,3578.2,538.12,0.006821984993543487,0.18892778903034757,False,False,0.06850149692735963
e883aa812c37a7413226856f4579fe91,SP,itapevi,26,1,0.038461538461538464,0.15384615384615385,2.9772620370370366,6.568704594017094,9.902272079772079,4.153846153846154,4097.1,457.36,0.006821984993543487,0.18892778903034757,False,False,0.06850149692735963
d91fb3b7d041e83b64a00a3edfb37e4f,SP,praia grande,524,20,0.03816793893129771,0.09923664122137404,2.814234399769419,8.134817951300537,11.27949595349166,4.139102564102564,39926.39,9058.06,0.024841625341601194,0.05821638021681956,True,False,0.06850149692735963
0b90b6df587eb83608a64ea8b390cf07,PR,maringa,158,6,0.0379746835443038,0.03164556962025317,2.374052363229242,11.962373124706986,14.629616883497423,4.06687898089172,27652.04,3462.71,0.017518332801294084,0.08036424275213717,True,False,0.06850149692735963
e8b3a3a38279a82f0e5d006d5e5b7d2c,PR,jussara,79,3,0.0379746835443038,0.1518987341772152,5.887641965541491,11.34782832278481,17.50267829934365,4.050632911392405,11662.5,1627.26,0.012998086889435871,0.10580062767684709,True,False,0.06850149692735963
1c68394e931a64f90ea236c5ea590300,PR,sarandi,132,5,0.03787878787878788,0.09848484848484848,4.83604263117284,11.31488969556678,16.57309948442761,4.003787878787879,23744.920000000002,2611.39,0.016286179128381463,0.08560803594305971,True,False,0.06850149692735963
750303a20e9c56b2a6bc45cdce0b897d,GO,goiania,53,2,0.03773584905660377,0.018867924528301886,1.1311785901467506,12.549356437805729,14.103843029350104,4.30188679245283,7876.0,1288.82,0.010410287275826845,0.12754287197418354,True,False,0.06850149692735963
1a3df491d1c4f1589fc2b934ada68bf2,SC,joinville,160,6,0.0375,0.08125,3.5078156499062354,10.998356987847222,14.842359664351852,4.271875,22472.4,4078.23,0.017297923166500122,0.07938980736714218,True,False,0.06850149692735963
4e7c18b98d84e05cbae3ff0ff03846c2,SP,jaboticabal,80,3,0.0375,0.0375,1.668099477682811,9.906953125,12.045590856481482,4.227848101265823,8889.9,2772.34,0.012834568919911402,0.10454720090045115,True,False,0.06850149692735963
ebd2d60905fb58271facef5596b620d3,SP,lencois paulista,80,3,0.0375,0.05,1.364565898968589,11.474572048611112,13.153809895833334,4.2375,7599.12,1607.55,0.012834568919911402,0.10454720090045115,True,False,0.06850149692735963
c33847515fa6305ce6feb1e818569f13,SC,brusque,108,4,0.037037037037037035,0.009259259259259259,1.6310176366843032,7.404318308470507,9.417019783093279,3.8981481481481484,14838.93,4171.01,0.014495541339902766,0.09138164361061299,True,False,0.06850149692735963
38e679b9e0064cd94c6f035707344dae,PR,londrina,27,1,0.037037037037037035,0.0,2.214588477366255,8.5805109739369,11.22948645404664,4.115384615384615,3644.15,692.47,0.006568145980785103,0.18283465933575843,False,False,0.06850149692735963
6061155addc1e54b4cfb51c1c2a32ad8,SP,campinas,27,1,0.037037037037037035,0.0,0.8603347908093278,4.526981738683127,6.005960648148148,4.777777777777778,15614.4,861.66,0.006568145980785103,0.18283465933575843,False,False,0.06850149692735963
d379f449f2a3b271bc01c0782020f705,MG,divinopolis,27,1,0.037037037037037035,0.0,2.0220721879286696,11.350676011659809,13.645660579561044,4.0,4340.56,1010.73,0.006568145980785103,0.18283465933575843,False,False,0.06850149692735963
ffc470761de7d0232558ba5e786e57b7,SP,guarulhos,27,1,0.037037037037037035,0.0,1.0610618141289438,8.10576946159122,9.739319272976681,4.444444444444445,1529.13,421.09,0.006568145980785103,0.18283465933575843,False,False,0.06850149692735963
eeb6de78f79159600292e314a77cbd18,SC,lages,82,3,0.036585365853658534,0.0,1.0479710648148148,10.643112720189702,12.164498786133695,4.439024390243903,43510.84,2996.05,0.012519573081569195,0.10212734643608476,True,False,0.06850149692735963
c6bda72e4dbf5c5866b13cb1810c6d03,SP,sao paulo,55,2,0.03636363636363636,0.05454545454545454,1.6977337962962964,8.504290404040404,10.458981481481482,4.536363636363636,13621.69,1077.3899999999999,0.01002954128933356,0.12323463974651017,True,False,0.06850149692735963
dbd66278cbfe1aa1000f90a217ca4695,SP,sao paulo,83,3,0.03614457831325301,0.012048192771084338,0.9431680499096657,7.912511016287371,9.351991019634092,4.542168674698795,4837.9,1517.45,0.012367803271745428,0.10095892976960381,True,False,0.06850149692735963
de722cd6dad950a92b7d4f82673f8833,PE,recife,335,12,0.03582089552238806,0.023880597014925373,1.5939730032083754,10.666109867330016,12.721812741846325,4.320359281437126,55006.4,9590.93,0.02060774258797044,0.061558881642705794,True,False,0.06850149692735963
95e03ca3d4146e4011985981aeb959b9,RJ,rio de janeiro,168,6,0.03571428571428571,0.0,1.8865947819053996,10.416785920965609,12.623281870039683,4.069277108433735,10706.27,3125.45,0.016469092076280275,0.07571738567716864,True,False,0.06850149692735963
3078096983cf766a32a06257648502d1,SP,scao jose do rio pardo,56,2,0.03571428571428571,0.017857142857142856,1.5617861276455027,10.18972408234127,12.067960276124339,4.303571428571429,7910.84,1370.25,0.00984942514823639,0.12118780180490107,True,False,0.06850149692735963
0bb738e4d789e63e2267697c42d35a2d,SP,sao roque,28,1,0.03571428571428571,0.03571428571428571,2.5144729662698415,9.171536871693121,12.086564153439154,4.642857142857143,1979.4,591.6999999999999,0.0063325198490377516,0.1771219774335332,False,False,0.06850149692735963
1771297ac436903d1dd6b0e9279aa505,SP,guarulhos,28,1,0.03571428571428571,0.0,1.2512817215363512,8.06158771494709,9.443156001984127,4.62962962962963,2881.27,585.16,0.0063325198490377516,0.1771219774335332,False,False,0.06850149692735963
4ebdc7e6cd6102a022dadc49156d4ea8,SP,sao paulo,28,1,0.03571428571428571,0.14285714285714285,4.058837632275132,5.5275235615079366,9.928439153439154,3.892857142857143,884.1999999999999,357.5,0.0063325198490377516,0.1771219774335332,False,False,0.06850149692735963
817245bcc3badd82bbd222e0366951a6,SP,bauru,28,1,0.03571428571428571,0.0,0.9393917181069958,11.244736276455027,12.42172123015873,4.111111111111111,5345.6,699.23,0.0063325198490377516,0.1771219774335332,False,False,0.06850149692735963
44073f8b7e41514de3b7815dd0237f4f,DF,brasilia,141,5,0.03546099290780142,0.11347517730496454,2.7280211640211642,10.099571677173628,13.207878086419752,3.742857142857143,18270.74,3113.74,0.015240176278430606,0.08032264760771309,True,False,0.06850149692735963
2ff97219cb8622eaf3cd89b7d9c09824,SP,salto,85,3,0.03529411764705882,0.023529411764705882,1.2678785315764483,7.47213834422658,9.080012799564269,4.552941176470588,4274.3,1329.25,0.012075041854642109,0.09870047839606455,True,False,0.06850149692735963
05ff92fedb5be47920fea08e501238b9,RS,santo angelo,57,2,0.03508771929824561,0.017543859649122806,2.345386078042328,9.646744436322287,12.3373714668616,4.315789473684211,21235.98,1747.89,0.009675664344932881,0.11920781367625805,True,False,0.06850149692735963
376a891762bbdecbc02b4b6adec3fdda,GO,goiania,57,2,0.03508771929824561,0.0,1.1579357537361925,10.533814165042235,12.221382594217024,4.666666666666667,6406.23,1287.4,0.009675664344932881,0.11920781367625805,True,False,0.06850149692735963
aced59e9b31ef866a94f9e7f29d8d418,SP,sao paulo,57,2,0.03508771929824561,0.03508771929824561,2.187806205328135,7.317710363872645,9.793665326510721,4.491228070175438,7129.7,1027.51,0.009675664344932881,0.11920781367625805,True,False,0.06850149692735963
7178f9f4dd81dcef02f62acdf8151e01,SC,videira,202,7,0.034653465346534656,0.09405940594059406,4.640211599284928,10.461481767968463,15.745930738907225,4.059701492537314,36795.4,4385.04,0.016885669325069463,0.0697900612246037,True,False,0.06850149692735963
53243585a1d6dc2643021fd1853d8905,BA,lauro de freitas,348,12,0.034482758620689655,0.06896551724137931,3.0587662968284377,9.897656449553,13.432182877022138,4.19364161849711,217940.44,12856.58,0.019833687482652518,0.05929700653508324,True,False,0.06850149692735963
c864036feaab8c1659f65ea4faebe1da,PR,campo largo,58,2,0.034482758620689655,0.0,1.2625351213282248,10.693747605363985,12.280721982758621,4.568965517241379,10454.2,1845.57,0.009507928331165413,0.11729145464312694,True,False,0.06850149692735963
fcb5ace8bcc92f75707dc0f01a27d269,SP,guarulhos,58,2,0.034482758620689655,0.1206896551724138,3.6136738547758283,6.484157287675607,10.726530371966795,4.035087719298246,7932.7,886.32,0.009507928331165413,0.11729145464312694,True,False,0.06850149692735963
01fd077212124329bac32490e8ef80d9,SP,ribeirao preto / sao paulo,29,1,0.034482758620689655,0.0,1.0973088282247765,6.54538433908046,8.033056752873565,4.344827586206897,1153.0,538.79,0.006113214292762653,0.17175521879320288,False,False,0.06850149692735963
1464afc72f696af775557a821c2e253f,RJ,nova friburgo,29,1,0.034482758620689655,0.0,1.0172342249657065,10.180233876117498,11.55180316091954,4.241379310344827,1059.36,454.42,0.006113214292762653,0.17175521879320288,False,False,0.06850149692735963
b335c59ab742f751a85db9c411a86739,MG,araguari,29,1,0.034482758620689655,0.27586206896551724,7.060152059386973,8.986744093231163,16.42075630587484,4.0344827586206895,2289.11,544.88,0.006113214292762653,0.17175521879320288,False,False,0.06850149692735963
c8b3445d737de6befde0c88ede534a5e,SP,sao paulo,29,1,0.034482758620689655,0.034482758620689655,2.136797174329502,9.414794460408684,12.019195003192847,4.413793103448276,3084.05,634.93,0.006113214292762653,0.17175521879320288,False,False,0.06850149692735963
36a968b544695394e4e9d7572688598f,SP,santos,146,5,0.03424657534246575,0.2054794520547945,3.719728973765432,6.6291582635717905,10.776678557838661,3.743150684931507,6838.71,2050.96,0.014715123499648312,0.07765890255182872,True,False,0.06850149692735963
1e8b33f18b4f7598d87f5cbee2282cc2,SP,sao paulo,117,4,0.03418803418803419,0.02564102564102564,1.4644968434343435,6.318084441278886,8.00874970322887,4.469565217391304,16576.37,2619.54,0.013373841819450491,0.08461784858429258,True,False,0.06850149692735963
116ccb1a1604bc88e4d234a8c23f33de,SP,sao bernardo do campo,59,2,0.03389830508474576,0.0,1.3548582683560755,7.053816109541745,8.842458215630884,4.694915254237288,1925.19,898.25,0.00934590909166131,0.11543570750110752,True,False,0.06850149692735963
709e16e2b25c7474d980076c6bfc4806,SP,birigui,59,2,0.03389830508474576,0.03389830508474576,1.6044194361772488,8.682334431889517,10.640604402071563,4.508474576271187,5108.0,1222.11,0.00934590909166131,0.11543570750110752,True,False,0.06850149692735963
b92e3c8f9738272ff7c59e111e108d7c,MG,uba,59,2,0.03389830508474576,0.1016949152542373,5.360468949553002,11.542638496547395,17.249481913057124,4.186440677966102,7881.39,2311.55,0.00934590909166131,0.11543570750110752,True,False,0.06850149692735963
02f5837340d7eb4f653d676c7256523a,PR,curitiba,30,1,0.03333333333333333,0.0,2.2417202932098763,7.0807318672839505,9.659020061728395,4.833333333333333,3883.05,580.83,0.005908590381612455,0.16670390991409173,True,False,0.06850149692735963
3340ef1913fb70d28420f6ceb685c339,PR,maringa,30,1,0.03333333333333333,0.06666666666666667,1.8009969135802468,14.952663194444446,17.045724922839508,4.4,6591.66,708.93,0.005908590381612455,0.16670390991409173,True,False,0.06850149692735963
3c487ae8f8d7542beff5788e2e0aea83,DF,gama,30,1,0.03333333333333333,0.13333333333333333,2.947413194444444,10.313762731481482,13.742282793209878,4.2,9385.699999999999,719.65,0.005908590381612455,0.16670390991409173,True,False,0.06850149692735963
4e06067cc08b3f41d837768d392c3ee3,MG,betim,30,1,0.03333333333333333,0.0,1.4061846891534393,8.522697145061729,10.446677469135803,4.2,934.72,572.25,0.005908590381612455,0.16670390991409173,True,False,0.06850149692735963
72c5da29406b4234927b81855e7b64f6,SP,guarulhos,30,1,0.03333333333333333,0.0,0.9504634081196581,8.816805941358023,10.189931327160496,4.233333333333333,11599.7,831.2,0.005908590381612455,0.16670390991409173,True,False,0.06850149692735963
974cf2cb8f4b7add98709c30df02fe10,SP,araraquara,30,1,0.03333333333333333,0.0,0.7140897817460318,10.206698688271606,11.269405092592592,4.166666666666667,2694.7,497.2,0.005908590381612455,0.16670390991409173,True,False,0.06850149692735963
dfc5fb7259bb2b599ca565e6e9448f0f,SP,sao bernardo do campo,30,1,0.03333333333333333,0.13333333333333333,3.7147145061728395,9.377393518518518,13.58914699074074,4.3,5694.75,624.8,0.005908590381612455,0.16670390991409173,True,False,0.06850149692735963
ea67327e24487bdfac5fbfa37ea124df,SP,ibitinga,30,1,0.03333333333333333,0.03333333333333333,1.5471800595238094,7.058310570987654,8.85944598765432,3.7,5942.89,871.02,0.005908590381612455,0.16670390991409173,True,False,0.06850149692735963
ff063b022a9a0aab91bad2c9088760b7,SP,santo andre,91,3,0.03296703296703297,0.054945054945054944,1.6469385893246187,7.349582315832316,9.250523885836387,4.384615384615385,11765.5,1881.57,0.011274406767682599,0.0924930694296231,True,False,0.06850149692735963
76d64c4aca3a7baf218bf93ef7fa768d,PR,curitiba,61,2,0.03278688524590164,0.01639344262295082,1.8642932225258044,8.85172586520947,10.991662112932605,4.327868852459017,16532.1,3492.98,0.009037890398362391,0.11189490419495614,True,False,0.06850149692735963
cce6ab8d1682639fe45ab70234f1665f,SP,curitiba,61,2,0.03278688524590164,0.13114754098360656,6.665563145112325,8.348839556769885,15.35970267911354,4.508196721311475,2442.7,1136.89,0.009037890398362391,0.11189490419495614,True,False,0.06850149692735963
562fc2f2c2863ab7e79a9e4388a58a14,SP,campinas,248,8,0.03225806451612903,0.028225806451612902,1.5329334060299968,9.35005124327957,11.371227178539426,4.264227642276423,8390.33,4045.27,0.016434553914884832,0.062350960247899746,True,False,0.06850149692735963
8a32e327fe2c1b3511609d81aaf9f042,SP,sao paulo,124,4,0.03225806451612903,0.024193548387096774,1.8663602337216247,6.511733124253285,8.760223734318997,3.967479674796748,5931.15,2172.7200000000003,0.012614619069790334,0.08001150495858558,True,False,0.06850149692735963
d94a40fd42351c259927028d163af842,MG,baependi,93,3,0.03225806451612903,0.07526881720430108,2.625420227920228,11.263153250696933,14.156922043010752,4.326086956521739,12880.8,2976.54,0.011030612815892044,0.09059382511121503,True,False,0.06850149692735963
1838dd9b8977065acf51d95e0053ea7a,MG,belo horizonte,62,2,0.03225806451612903,0.0,1.2025520833333332,11.130056750298687,12.791684961170848,4.370967741935484,2750.5,1212.79,0.008891371499816635,0.11020469594985441,True,False,0.06850149692735963
18e694e0e48ed6f7aa3f24aade5fd697,SP,varzea paulista,31,1,0.03225806451612903,0.0,1.0976019265232975,4.516339605734768,6.011871266427717,4.67741935483871,701.54,504.23,0.005717221525416816,0.16194105164724906,True,False,0.06850149692735963
33576ec5412fb5905d876f12f33bfde6,PR,curitiba,31,1,0.03225806451612903,0.22580645161290322,8.13485103046595,6.272739321983273,14.81529607228196,4.096774193548387,2718.0,569.98,0.005717221525416816,0.16194105164724906,True,False,0.06850149692735963
4917cee8d902e13428c3ec4b1ca6f315,SC,blumenau,31,1,0.03225806451612903,0.1935483870967742,7.976327284946236,9.784628509557944,18.077756123058542,4.161290322580645,5103.9,1074.44,0.005717221525416816,0.16194105164724906,True,False,0.06850149692735963
5d3bb11474a06bdc23fb9e89f1164ee0,SP,assis,31,1,0.03225806451612903,0.03225806451612903,2.1101097670250897,7.323400164277181,9.800679883512545,3.903225806451613,3654.6,524.22,0.005717221525416816,0.16194105164724906,True,False,0.06850149692735963
6481e96574816ead57975da2c0f6d80d,SP,sorocaba,31,1,0.03225806451612903,0.03225806451612903,2.0162276785714286,4.458283303464755,6.983245967741936,4.258064516129032,3297.9,1000.58,0.005717221525416816,0.16194105164724906,True,False,0.06850149692735963
cc5a78bbad32776dc4e3af205218368c,MG,divinopolis,31,1,0.03225806451612903,0.0,1.4050522700119474,6.810924432497013,8.404080421146952,4.451612903225806,3309.94,1172.33,0.005717221525416816,0.16194105164724906,True,False,0.06850149692735963
f00e21b1e91a79653163b7fd8f293ff1,SP,andradas,31,1,0.03225806451612903,0.0,1.4700869922341697,11.279006496415771,12.971604316009559,4.1,3900.09,570.97,0.005717221525416816,0.16194105164724906,True,False,0.06850149692735963
80e6699fe29150b372a0c8a1ebf7dcc8,PR,pinhais,94,3,0.031914893617021274,0.031914893617021274,1.544078429908403,9.674466976950354,11.702816809495665,4.408602150537634,10890.76,2610.76,0.010912627468307706,0.08967314608122352,True,False,0.06850149692735963
b76dba6c951ab00dc4edf0a1aa88037e,SP,sao paulo,157,5,0.03184713375796178,0.03184713375796178,1.7439932795698925,8.134020553196509,10.381203408822836,4.219354838709678,2545.31,2282.03,0.013678386706999463,0.07237814947578017,True,False,0.06850149692735963
7722b1df1b0e383e000397b2c11e3e19,SP,sao bernardo do campo,126,4,0.031746031746031744,0.015873015873015872,1.9315753703703704,6.330828189300411,8.543605048500883,4.277777777777778,6784.3,1997.0,0.012413278972689408,0.07878608776460755,True,False,0.06850149692735963
066a6914e1ebf3ea95a216c73a986b91,PR,foz do iguacu,64,2,0.03125,0.125,3.097892433449074,10.313644205729167,13.613213071469907,4.140625,8870.49,1649.49,0.008612138346171874,0.10697291770958313,True,False,0.06850149692735963
232a6014e7b10cba61c6c2b2ea6bb4b0,SP,cafelandia,32,1,0.03125,0.0,1.7660958034647551,11.553591218171297,13.59916015625,4.15625,3819.9700000000003,1197.07,0.005537860164003122,0.15744263820012558,True,False,0.06850149692735963
3c4e0452bff7a2a788179488d3d77032,PR,colombo,32,1,0.03125,0.0,1.915916160300926,11.580886140046296,13.833818721064816,3.838709677419355,3746.4,606.12,0.005537860164003122,0.15744263820012558,True,False,0.06850149692735963
8bd0f31cf0a614c658f6763bd02dea69,SP,sao paulo,32,1,0.03125,0.0,1.2179933449074074,8.4073046875,10.254700520833333,4.258064516129032,4255.35,941.75,0.005537860164003122,0.15744263820012558,True,False,0.06850149692735963
30a2f535bb48308f991d0b9ad4a8c4bb,SP,santa barbara d'oeste,66,2,0.030303030303030304,0.0,1.356123589409722,6.799371492704826,8.461013608305274,4.484848484848484,4476.8,1040.46,0.008349910198653748,0.10392521911709715,True,False,0.06850149692735963
966cb4760537b1404caedd472cc610a5,SP,diadema,66,2,0.030303030303030304,0.045454545454545456,1.7310917022792023,7.693594276094276,9.879037072109988,4.106060606060606,44969.26,1463.97,0.008349910198653748,0.10392521911709715,True,False,0.06850149692735963
45ba18c210d42734ec52c0c1c574e9ee,SP,sao roque,33,1,0.030303030303030304,0.0,0.818509837962963,5.531939884960718,7.083954124579124,4.242424242424242,5054.46,885.1899999999999,0.00536941053687183,0.1531872538211892,True,False,0.06850149692735963
b839e41795b7f3ad94cc2014a52f6796,SP,sao caetano do sul,33,1,0.030303030303030304,0.030303030303030304,1.4306522550776584,4.822791806958474,6.671601430976431,4.090909090909091,42829.0,920.93,0.00536941053687183,0.1531872538211892,True,False,0.06850149692735963
9e6229250fedbe05838fef417b74e7fb,SP,mirandopolis,67,2,0.029850746268656716,0.11940298507462686,3.2896429843304844,8.362721116639028,12.017675338584853,4.014925373134329,11753.0,1626.44,0.008224694838897963,0.10246555563352011,True,False,0.06850149692735963
42bde9fef835393bb8a8849cb6b7f245,DF,brasilia,34,1,0.029411764705882353,0.029411764705882353,2.016290168845316,8.152048611111113,10.372565359477123,4.352941176470588,7574.0,767.37,0.0052109062762689395,0.1491557329268593,True,False,0.06850149692735963
a3dd39f583bc80bd8c5901c95878921e,BA,salvador,34,1,0.029411764705882353,0.08823529411764706,1.9413425925925925,10.254315427559913,12.463181168300654,4.588235294117647,4607.81,804.35,0.0052109062762689395,0.1491557329268593,True,False,0.06850149692735963
25e6ffe976bd75618accfe16cefcbd0d,SP,sao paulo,103,3,0.02912621359223301,0.04854368932038835,1.6836139478939722,8.142522698669543,10.226137405609494,4.514563106796117,11397.24,1636.67,0.00995436781664455,0.08215836566082022,True,False,0.06850149692735963
aaed1309374718fdd995ee4c58c9dfcd,SC,timbo,103,3,0.02912621359223301,0.02912621359223301,1.496711277418195,10.355936039194534,12.298685275080906,4.087378640776699,9158.25,2293.74,0.00995436781664455,0.08215836566082022,True,False,0.06850149692735963
9646c3513289980f17226a2fc4720dbd,SP,sao jose dos campos,69,2,0.028985507246376812,0.014492753623188406,1.9764586688137413,8.894900865539453,11.201072195383789,4.449275362318841,2964.4,1187.83,0.007985202692364197,0.09966583763065553,True,False,0.06850149692735963
240b9776d844d37535668549a396af32,RJ,niteroi,35,1,0.02857142857142857,0.11428571428571428,4.958330357142857,5.968386574074074,11.357760582010583,4.3428571428571425,13332.09,839.5600000000001,0.005061491855444203,0.14533087233613673,True,False,0.06850149692735963
32b8764b4ef628b53608fc34011fcc13,SC,lages,35,1,0.02857142857142857,0.05714285714285714,1.5791707735961769,9.377447751322752,11.295505952380953,4.228571428571429,8625.0,2909.68,0.005061491855444203,0.14533087233613673,True,False,0.06850149692735963
66dc1b1632bd6a3e508510c5b3492107,SP,jau,35,1,0.02857142857142857,0.0,1.726712962962963,8.190172288359788,10.482098214285715,3.6857142857142855,3393.19,660.02,0.005061491855444203,0.14533087233613673,True,False,0.06850149692735963
bf3c6d2a28b2b5501e6c15448982dcc9,SP,sao paulo,35,1,0.02857142857142857,0.0,1.190920634920635,10.170381613756613,11.815347552910053,4.6,3956.5,691.65,0.005061491855444203,0.14533087233613673,True,False,0.06850149692735963
fde0cc9ea29c8ccfc0a2c22256a58c71,PR,curitiba,35,1,0.02857142857142857,0.02857142857142857,1.5943106617647058,6.7338657407407405,8.711281084656084,4.485714285714286,3922.0,999.27,0.005061491855444203,0.14533087233613673,True,False,0.06850149692735963
9de4643a8dbde634fe55621059d92273,SC,joinville,71,2,0.028169014084507043,0.056338028169014086,3.010125521648409,11.482348884976526,14.739683261606675,4.563380281690141,17382.350000000002,1695.76,0.007759263582683522,0.0970150011664947,True,False,0.06850149692735963
516e7738bd8f735ac19a010ee5450d8d,RJ,rio de janeiro,72,2,0.027777777777777776,0.0,1.3143718905472637,7.353018422067901,8.918734407150206,4.694444444444445,6394.39,1421.05,0.007651021904494577,0.09574175221438225,True,False,0.06850149692735963
3586b8580d9c917874e053a1bb37b5ff,SP,araraquara,36,1,0.027777777777777776,0.0,1.5667248585390945,11.231377636316871,13.619744727366255,4.416666666666667,1524.6999999999998,827.65,0.004920407139810443,0.14169718653273855,True,False,0.06850149692735963
96804ea39d96eb908e7c3afdb671bb9e,MG,ibia,36,1,0.027777777777777776,0.1111111111111111,2.6346215920781892,9.993087062757201,13.049579796810699,4.222222222222222,3529.9,714.95,0.004920407139810443,0.14169718653273855,True,False,0.06850149692735963
594f9aaa48e5bf431f011ddc5669b0d5,MG,contagem,37,1,0.02702702702702703,0.0,0.8296023019547325,6.794180117617618,7.7872528778778785,4.594594594594595,3248.8,887.61,0.004786974451940429,0.13824069863730518,True,False,0.06850149692735963
bacb1f0ed56ad24198f5810d2b3fe9a5,SP,jacarei,37,1,0.02702702702702703,0.05405405405405406,1.5371724849849848,8.268507257257257,9.978799424424425,4.305555555555555,5909.150000000001,760.17,0.004786974451940429,0.13824069863730518,True,False,0.06850149692735963
d23019c84ffae2d5ef2270367b8605fc,PR,londrina,37,1,0.02702702702702703,0.02702702702702703,2.183560435435435,8.948543230730731,11.73246778028028,4.378378378378378,29085.3,2667.34,0.004786974451940429,0.13824069863730518,True,False,0.06850149692735963
d66c305afaec317ebee552073a674429,MG,ribeirao das neves,37,1,0.02702702702702703,0.10810810810810811,2.8298554804804805,6.567355480480481,9.523872622622623,4.5675675675675675,4028.6,1083.07,0.004786974451940429,0.13824069863730518,True,False,0.06850149692735963
55a5b51f93f2b70ea513f5a047b0262a,MG,sao joao del rei,38,1,0.02631578947368421,0.07894736842105263,2.2387347709551655,11.358812134502923,13.961685855263157,4.526315789473684,3967.7,843.53,0.004660587685768783,0.1349487611595213,True,False,0.06850149692735963
5a93f3ab0ef4c84ed5e1b5dbf23978bc,SP,monteiro lobato,38,1,0.02631578947368421,0.0,3.0492257553606237,11.465878411306043,15.09383558723197,4.7894736842105265,2299.2799999999997,652.9399999999999,0.004660587685768783,0.1349487611595213,True,False,0.06850149692735963
7f7b8245c336066a1f9933c359f11d77,SP,mogi mirim,38,1,0.02631578947368421,0.02631578947368421,2.9423066816816816,4.802735745614036,8.170569261695906,4.552631578947368,2094.36,535.87,0.004660587685768783,0.1349487611595213,True,False,0.06850149692735963
2a84855fd20af891be03bc5924d2b453,MG,belo horizonte,153,4,0.026143790849673203,0.032679738562091505,1.6695435218019437,6.811064890462358,8.660213779956427,4.375,14744.1,3243.46,0.01021273959970401,0.06528680567187906,True,False,0.06850149692735963
dbc22125167c298ef99da25668e1011f,MG,borda da mata,383,10,0.02610966057441253,0.013054830287206266,1.1067760914476303,10.105089117348419,11.55367641548206,4.350785340314136,31795.280000000002,7634.27,0.014242886567602232,0.047388198408077536,True,False,0.06850149692735963
37be5a7c751166fbc5f8ccba4119e043,SP,sao paulo,269,7,0.026022304832713755,0.03345724907063197,2.996643948781495,7.296978047982927,10.649036512116204,4.323308270676692,54735.55,6021.21,0.012661197652272204,0.052730106505865904,True,False,0.06850149692735963
0432ead42b6c8a0bdf68154add917fdf,SP,maua,78,2,0.02564102564102564,0.01282051282051282,1.3094267865622033,7.42225887345679,9.062816951566951,4.615384615384615,7218.8,1124.11,0.007060093472759203,0.08875270035675845,True,False,0.06850149692735963
1d4587203296c8f4ad134dc286fa6db0,SP,sao paulo,39,1,0.02564102564102564,0.02564102564102564,1.320459522022022,7.729855472459639,9.473282882241216,4.358974358974359,2223.0,611.94,0.004540703100990098,0.13180990169850076,True,False,0.06850149692735963
d1b65fc7debc3361ea86b5f14c68d2e2,SP,mogi guacu,39,1,0.02564102564102564,0.05128205128205128,1.6728276353276352,7.012288698955365,9.19198806980057,4.641025641025641,11413.17,1410.15,0.004540703100990098,0.13180990169850076,True,False,0.06850149692735963
8bb48dc19fccaa8613b6229bf7f452a2,SP,assis,79,2,0.02531645569620253,0.02531645569620253,1.9548396604938274,9.445854137365213,11.640993172761368,4.481012658227848,4034.06,1764.85,0.006970367306584818,0.08768584628891136,True,False,0.06850149692735963
9add47bf45ce8e8c7db6b9cf670b1e09,PR,fazenda rio grande,40,1,0.025,0.125,2.6063255208333334,9.2815078125,12.398835069444445,4.205128205128205,4473.64,1079.93,0.0044268315026814095,0.1288136896347409,True,False,0.06850149692735963
efcd8d2104f1a05d028af7bad20d974b,SP,aracatuba,40,1,0.025,0.025,1.5166873781676413,8.575285011574074,10.456246527777777,4.425,2149.82,714.77,0.0044268315026814095,0.1288136896347409,True,False,0.06850149692735963
d98eec89afa3380e14463da2aabaea72,RS,porto alegre,164,4,0.024390243902439025,0.054878048780487805,2.2314659064929128,6.068182870370371,8.61878112296748,4.4079754601226995,6833.56,3126.92,0.009524838224461082,0.06102661493792126,True,False,0.06850149692735963
3d8fa2f5b647373c8620330c4e077a9f,SP,sao paulo,41,1,0.024390243902439025,0.07317073170731707,2.9009892939814814,6.132818145889792,9.280718721770551,4.2875,3431.75,785.69,0.004318531568912411,0.1259506205577423,True,False,0.06850149692735963
58f1a6197ed863543e0136bdedb3fce2,MG,conselheiro lafaiete,41,1,0.024390243902439025,0.04878048780487805,2.9880659722222225,6.9973613934056,10.411605408762421,4.219512195121951,6431.0,1031.14,0.004318531568912411,0.1259506205577423,True,False,0.06850149692735963
9674754b5a0cb32b638cec001178f799,SP,sao paulo,83,2,0.024096385542168676,0.060240963855421686,1.8730325502972107,6.322959476796074,8.442924196787148,4.132530120481928,4849.84,1165.1,0.006633166140727599,0.08366309243416317,True,False,0.06850149692735963
bd23da7354813347129d751591d1a6e2,SP,sao paulo,83,2,0.024096385542168676,0.03614457831325301,1.8179405205510386,7.623820281124499,9.970572846943329,4.146341463414634,9405.9,1352.22,0.006633166140727599,0.08366309243416317,True,False,0.06850149692735963
33a17d60c64393351ebf1ef860f4e0f2,RS,porto alegre,42,1,0.023809523809523808,0.023809523809523808,3.1309408875338756,7.292965994268077,10.697231316137566,4.642857142857143,8001.51,1279.18,0.004215404134432499,0.12321201573766646,True,False,0.06850149692735963
e0a366315b1b726b6c7832d664c0f530,SP,sao paulo,42,1,0.023809523809523808,0.0,1.407280657181572,6.438401399911816,8.104821979717812,4.380952380952381,7161.09,730.83,0.004215404134432499,0.12321201573766646,True,False,0.06850149692735963
86ccac0b835037332a596a33b6949ee1,SC,blumenau,169,4,0.023668639053254437,0.011834319526627219,2.3946319581415736,9.395036365877711,12.232849413762876,4.275147928994083,15345.1,3767.57,0.0092418810685952,0.05926864239891653,True,False,0.06850149692735963
3f995f07c49d0d55a99d5c54957f7d81,SP,itapecerica da serra,43,1,0.023255813953488372,0.0,1.3894207451499119,7.823909345391904,9.59438630490956,4.209302325581396,3955.7,671.5,0.004117087274333769,0.12058993440607177,True,False,0.06850149692735963
138dbe45fc62f1e244378131a6801526,SP,sao paulo,44,1,0.022727272727272728,0.022727272727272728,1.5981010049683833,4.563272306397306,6.440214120370371,4.2727272727272725,1027.06,614.4499999999999,0.004023252060053224,0.11807709698213287,True,False,0.06850149692735963
95f83f51203c626648c875dd41874c7f,MG,borda da mata,44,1,0.022727272727272728,0.13636363636363635,3.7068338178294575,7.668202861952863,11.804938710016835,3.7045454545454546,2708.1800000000003,1385.77,0.004023252060053224,0.11807709698213287,True,False,0.06850149692735963
8a432f4e5b471f8da497d7dc517666e2,SP,presidente prudente,89,2,0.02247191011235955,0.011235955056179775,0.9633542267917268,6.6244893102372036,7.870565699126092,4.306818181818182,7126.0,1839.8,0.006184398702128599,0.07827634674822494,True,False,0.06850149692735963
2a5b78b41cd05baeac8df54c6606b92c,MG,formiga,45,1,0.022222222222222223,0.022222222222222223,1.3907806069958848,7.517996399176955,9.195361625514403,4.533333333333333,15409.279999999999,980.05,0.003933598882833428,0.1156668176841488,True,False,0.06850149692735963
b8bc237ba3788b23da09c0f1f3a3288c,SC,itajai,45,1,0.022222222222222223,0.022222222222222223,1.2299876543209876,10.2659045781893,11.744737139917694,4.318181818181818,13685.710000000001,1935.45,0.003933598882833428,0.1156668176841488,True,False,0.06850149692735963
bccf933e006e9b94a6184af782963e77,SP,assis,45,1,0.022222222222222223,0.022222222222222223,1.744156121399177,9.714358281893004,11.69805066872428,4.5227272727272725,4162.74,884.47,0.003933598882833428,0.1156668176841488,True,False,0.06850149692735963
c68fb906c8f4b4b946d8386bfa6e5467,SP,jaboticabal,45,1,0.022222222222222223,0.0,1.11498153659612,9.455649434156378,10.92306507201646,4.5227272727272725,4541.16,892.45,0.003933598882833428,0.1156668176841488,True,False,0.06850149692735963
f680f85bee2d253556ac91be391d2c82,SP,carapicuiba,45,1,0.022222222222222223,0.0,1.3755539772727272,7.980106738683128,9.748835648148148,4.333333333333333,5183.92,893.42,0.003933598882833428,0.1156668176841488,True,False,0.06850149692735963
85d9eb9ddc5d00ca9336a2219c97bb13,MG,belo horizonte,497,11,0.022132796780684104,0.13279678068410464,6.632156760004472,7.45133723638125,14.638517307548998,4.234817813765182,15056.199999999999,8410.91,0.012402687030421519,0.03919339864815169,True,False,0.06850149692735963
0691148aee60ca47977c187804f935ae,PR,londrina,46,1,0.021739130434782608,0.06521739130434782,2.2608569958847733,9.362975291867954,11.887030243558778,4.25,5694.0,1456.5,0.0038478542580502872,0.11335294521511355,True,False,0.06850149692735963
0ef83d7d83ed97cd2a0049ac8be5f88a,PR,curitiba,46,1,0.021739130434782608,0.0,1.6194357638888888,7.664196859903382,9.34490413647343,4.2444444444444445,4086.12,977.51,0.0038478542580502872,0.11335294521511355,True,False,0.06850149692735963
381c83fdca332ea6afd896da20bf6e4a,PR,curitiba,46,1,0.021739130434782608,0.0,2.089541062801932,10.333782206119162,12.691300322061192,4.391304347826087,7355.8,999.21,0.0038478542580502872,0.11335294521511355,True,False,0.06850149692735963
83e197e95a1bbabc8c75e883ed016c47,RJ,mage,46,1,0.021739130434782608,0.06521739130434782,1.623190921900161,8.461518719806763,10.44315619967794,4.804347826086956,6574.1900000000005,961.3299999999999,0.0038478542580502872,0.11335294521511355,True,False,0.06850149692735963
b4ffb71f0cb1b1c3d63fad021ecf93e1,SP,sao paulo,139,3,0.02158273381294964,0.014388489208633094,1.362427176263855,8.327156441513456,10.06808419930722,4.284172661870503,6426.97,2458.08,0.007366814443784942,0.06153096146767435,True,False,0.06850149692735963
4c03b9dd4c11ee2cb35c96c49efc9420,SP,campo limpo paulista,47,1,0.02127659574468085,0.0,1.8475258569739954,8.44185406816391,10.56740371355398,4.173913043478261,6403.1,835.02,0.0037657680385967812,0.11112981041629329,True,False,0.06850149692735963
5cf13accae3222c70a9cac40818ae839,MG,patos de minas,142,3,0.02112676056338028,0.007042253521126761,1.6877827029156818,8.976129450312989,10.869751972483048,4.560283687943262,13769.7,2934.39,0.007210620362483801,0.060269908838707066,True,False,0.06850149692735963
751bdc4d83a466c7206cd42e8f426b03,SP,ribeirao pires,49,1,0.02040816326530612,0.061224489795918366,2.3179868197278912,8.397924933862434,11.078544973544973,4.0212765957446805,6415.07,1000.73,0.0036116725898252405,0.10693521523391616,True,False,0.06850149692735963
ac3508719a1d8f5b7614b798f70af136,RS,canoas,99,2,0.020202020202020204,0.010101010101010102,1.219450289936401,8.055170571455294,9.517763047138047,4.63265306122449,12286.34,2938.38,0.005557720110757801,0.07069031167150083,True,False,0.06850149692735963
cab85505710c7cb9b720bceb52b01cee,SP,sao paulo,199,4,0.020100502512562814,0.11557788944723618,2.682610506234878,7.088939023822818,10.166749313698121,4.345959595959596,11004.8,2798.06,0.007843781102347624,0.05053412097713616,True,False,0.06850149692735963
33a6f4b1e7cdc205511e76ba1b6e0186,SP,guarulhos,100,2,0.02,0.02,1.5453153636884307,6.9927731481481485,8.742680324074074,4.46,9803.029999999999,1777.91,0.00550196755016235,0.07001179072854388,True,False,0.06850149692735963
6c7d50c24b3ccd2fd83b44d8bb34e073,SP,presidente prudente,102,2,0.0196078431372549,0.0,2.339322008896151,9.643944262890342,12.513387005265068,4.598039215686274,7612.66,2437.68,0.005393752169586284,0.06869308401034893,True,False,0.06850149692735963
289cdb325fb7e7f891c38608bf9e0962,SP,belo horizonte,103,2,0.019417475728155338,0.009708737864077669,1.2784617110733183,5.144691320568141,6.79036565084502,4.640776699029126,12898.15,1966.86,0.0053412252741783794,0.06805218312034753,True,False,0.06850149692735963
582d4f8675b945722eda7c0cb61ba4c7,SP,bertioga,53,1,0.018867924528301886,0.0,1.2229153311965812,9.759768736897275,11.393399502096436,4.245283018867925,3858.59,912.92,0.0033384533882637665,0.09942912052501235,True,False,0.06850149692735963
6c177e38df6d3f34182b1f1d427231bf,PR,curitiba,53,1,0.018867924528301886,0.33962264150943394,6.346406140810622,7.928025637665967,14.409789482879106,4.150943396226415,8112.89,1002.16,0.0033384533882637665,0.09942912052501235,True,False,0.06850149692735963
a5cba26a62b8b4d0145b68b841e62e7f,PR,campo mourao,53,1,0.018867924528301886,0.1320754716981132,3.713066461894587,9.012774938853948,13.183294898672257,4.566037735849057,14438.84,1346.93,0.0033384533882637665,0.09942912052501235,True,False,0.06850149692735963
1127b7f2594683f2510f1c2c834a486b,SP,campinas,108,2,0.018518518518518517,0.027777777777777776,2.0937545010288066,6.886810913923182,9.433710240912209,4.2407407407407405,6577.8,1743.59,0.0050932243447687105,0.06501904800376768,True,False,0.06850149692735963
2dee2ce60de9709b1a24083217181a1f,MT,sinop,54,1,0.018518518518518517,0.0,1.6862304955418381,12.020462319958847,14.143901963305897,4.425925925925926,7784.5,2060.06,0.003276487718229061,0.09771437488781931,True,False,0.06850149692735963
1b8356dabde1d35e17cef975c3f82730,SP,sao paulo,55,1,0.01818181818181818,0.0,1.4285822811447813,8.747924242424242,10.540133417508416,4.218181818181818,3366.4,970.23,0.003216780454841077,0.09605776062162397,True,False,0.06850149692735963
3bdff180c7e1f6551a643b99c265a120,SP,sao paulo,56,1,0.017857142857142856,0.017857142857142856,1.7201510830026456,7.8983738425925925,10.034405588624338,4.254545454545455,3008.2000000000003,1003.88,0.0031592103419746734,0.09445637149397576,True,False,0.06850149692735963
229c3efbfb0ea2058de4ccdfbc3d784a,MG,belo horizonte,118,2,0.01694915254237288,0.00847457627118644,1.3802634338398228,9.018617388575015,10.759132140615192,3.623931623931624,15479.0,2300.71,0.004660442504200446,0.059697444348039835,True,False,0.06850149692735963
5f1dc28029d2c244352a68107ec2b542,SP,sao paulo,60,1,0.016666666666666666,0.1,3.2182166280864197,6.2190183256172835,9.779908757716049,4.47457627118644,2704.4,973.89,0.0029481597947862495,0.08855129727590061,True,False,0.06850149692735963
91f848e9f4be368f4318775aac733370,SP,sao paulo,60,1,0.016666666666666666,0.016666666666666666,1.2893854166666665,8.184414544753087,9.941640817901234,4.396551724137931,5668.61,1193.88,0.0029481597947862495,0.08855129727590061,True,False,0.06850149692735963
ce27a3cc3c8cc1ea79d11e561e9bebb6,SP,sao paulo,122,2,0.01639344262295082,0.03278688524590164,2.848988739799121,7.004913479052823,10.19712668867638,4.188034188034188,9465.45,2154.67,0.004507246613595466,0.05780495871348255,True,False,0.06850149692735963
520b493b57809f446cb0a233bb3e25c7,SP,santos,62,1,0.016129032258064516,0.03225806451612903,1.5967954749103943,5.636326911589008,7.596661066308244,4.346774193548387,3680.9,1060.9,0.002852867168621827,0.08586720260689992,True,False,0.06850149692735963
822166ed1e47908f7cfb49946d03c726,RJ,tres rios,62,1,0.016129032258064516,0.14516129032258066,3.2141653599163678,9.067915546594982,12.888847259557945,4.065573770491803,3204.69,1493.73,0.002852867168621827,0.08586720260689992,True,False,0.06850149692735963
48162d548f5b1b11b9d29d1e01f75a61,SP,piracicaba,64,1,0.015625,0.0,1.2319429976851852,9.76772659866898,11.455460973668982,4.078125,19148.69,1758.06,0.002763541923337505,0.08334101600094265,True,False,0.06850149692735963
9d5a9018aee56acb367ba9c3f05d1d6a,GO,aparecida de goiania,65,1,0.015384615384615385,0.16923076923076924,3.9102670940170943,10.588290420227919,14.82930056980057,4.492307692307692,10056.65,1668.05,0.0027209446020234687,0.08213284729551473,True,False,0.06850149692735963
cb8bcce248bb1fb274ba762d8b971456,MG,santa rita do sapucai,65,1,0.015384615384615385,0.015384615384615385,1.571238425925926,10.790701388888888,12.703325498575499,4.323076923076923,9012.5,1191.8799999999999,0.0027209446020234687,0.08213284729551473,True,False,0.06850149692735963
e26901d5ab434ce92fd9b5c256820a4e,SP,maua,196,3,0.015306122448979591,0.02040816326530612,2.4486576436130005,6.512384731670446,9.316824865362811,4.198979591836735,11568.6,2871.07,0.005218879779228865,0.04402745218196985,True,False,0.06850149692735963
259f7b5e6e482c230e5bfaa670b6bb8f,SP,poa,132,2,0.015151515151515152,0.007575757575757576,1.391443977892621,7.031368897306397,8.800716189674523,4.419847328244275,8116.54,2604.43,0.004164974167335876,0.05356010394040567,True,False,0.06850149692735963
ca3bd7cd9f149df75950150d010fe4a2,SP,sao paulo,67,1,0.014925373134328358,0.11940298507462686,5.485427539281706,7.438677964344942,13.682881253454948,4.104477611940299,9227.29,3301.94,0.0026395717340788882,0.07981862319778105,True,False,0.06850149692735963
c3cfdc648177fdbbbb35635a37472c53,PR,curitiba,273,4,0.014652014652014652,0.01098901098901099,1.5697524434156378,8.00128862264279,9.778413419142586,4.514705882352941,42455.58,5968.85,0.005712246187196249,0.0370611840321686,True,False,0.06850149692735963
dfa0c4c6229ab200a4a1336b4d7128ff,SC,florianopolis,72,1,0.013888888888888888,0.013888888888888888,0.779068198005698,8.858100405092593,9.894702610596708,4.152777777777778,4490.2,1635.24,0.002455951882905767,0.07456602147476155,True,False,0.06850149692735963
6cd68b3ed6d59aaa9fece558ad360c0a,MG,belo horizonte,145,2,0.013793103448275862,0.0,1.6250510057471264,8.669006066411239,10.59940461366539,4.462068965517242,10973.87,2476.43,0.003790752490395701,0.04889254477653414,True,False,0.06850149692735963
d12c926d74ceff0a90a21184466ce161,SP,sao paulo,74,1,0.013513513513513514,0.0,1.2956107305936073,7.239884259259259,8.876200106356356,4.364864864864865,3760.58,1219.79,0.002389463403456818,0.07265356519843233,True,False,0.06850149692735963
d921b68bf747894be13a97ae52b0f386,MG,formiga,76,1,0.013157894736842105,0.02631578947368421,1.246227494855967,8.51854958576998,9.947837627923978,4.605263157894737,15422.8,1752.28,0.00232648004557906,0.07083674751784413,True,False,0.06850149692735963
744dac408745240a2c2528fb1b6028f3,PR,colombo,77,1,0.012987012987012988,0.03896103896103896,1.6149873598927875,9.088222853535353,10.933333483645983,4.623376623376624,22043.6,1837.21,0.0022962172971240508,0.06996198914680525,True,False,0.06850149692735963
609e1a9a6c2539919b8205cf7c4e6ff0,SC,brusque,78,1,0.01282051282051282,0.10256410256410256,1.9875344051243025,8.017294040835708,10.312722281576448,3.973684210526316,5932.53,2494.18,0.0022667317538337325,0.06910857001702223,True,False,0.06850149692735963
080199a181c46c657dc5aa235411be3b,SP,osasco,79,1,0.012658227848101266,0.02531645569620253,2.0793055555555555,5.807814258087201,8.087146917487107,4.615384615384615,14504.2,1040.68,0.0022379938550498787,0.06827571876965954,True,False,0.06850149692735963
0df3984f9dfb3d49ac6366acbd3bbb85,MG,betim,83,1,0.012048192771084338,0.024096385542168676,2.3257684906291836,6.939568551985721,9.645568802989736,4.457831325301205,9468.79,1444.75,0.0021299774281082692,0.06513580668032404,True,False,0.06850149692735963
725c32fa80c2faacc4fc88450d27314e,SP,sao paulo,88,1,0.011363636363636364,0.0,0.8362845876399656,8.180419823232324,9.336064551767677,4.523255813953488,7698.89,1313.92,0.0020087853177044694,0.061594938922985634,True,False,0.06850149692735963
530ec6109d11eaaf87999465c6afee01,PR,cascavel,94,1,0.010638297872340425,0.06382978723404255,1.7087035751028805,8.750588800236406,10.852067203506698,4.340425531914893,12682.11,2597.05,0.0018803957480879353,0.05782291296278563,True,False,0.06850149692735963
5c243662ce92d84573bfaff24c3e3700,SP,sao paulo,98,1,0.01020408163265306,0.05102040816326531,2.8629209183673474,7.631756188586546,10.906951884920636,4.144329896907217,32862.02,1775.64,0.0018035477567974675,0.055554809913420274,True,False,0.06850149692735963
612170e34b97004b3ba37eae81836b4c,RS,novo hamburgo,106,1,0.009433962264150943,0.02830188679245283,4.580354607583774,6.1617010613207555,11.016334730957373,4.433962264150943,22972.52,2269.12,0.0016672717027588907,0.051513548029704405,True,False,0.06850149692735963
8c16d1f32a54d92897cc437244442e1b,SC,blumenau,106,1,0.009433962264150943,0.018867924528301886,1.5422337962962962,8.985414155310972,10.977408171733053,4.4,5478.1,2071.92,0.0016672717027588907,0.051513548029704405,True,False,0.06850149692735963
0ea22c1cfbdc755f86b9b54b39c16043,MG,sete lagoas,219,2,0.0091324200913242,0.0136986301369863,1.5053484603789837,9.229340911973617,11.211561073059361,4.5,9903.7,4009.49,0.0025080220858455272,0.0326804875487267,True,False,0.06850149692735963
17ca9b9e9b9ef8fdb529001b49ebb50f,MG,betim,112,1,0.008928571428571428,0.08928571428571429,1.5351876335470085,6.343989335317461,8.278213148974867,4.080357142857143,9527.95,2307.45,0.001577854703292133,0.048848468308884896,True,False,0.06850149692735963
0bae85eb84b9fb3bd773911e89288d54,SP,itajai,130,1,0.007692307692307693,0.0,1.0563957609953705,9.019548611111112,10.3609817485755,4.323076923076923,7193.99,2741.27,0.0013591742355797132,0.04228543986355276,True,False,0.06850149692735963
12b9676b00f60f3b700e83af21824c0e,RS,montenegro,133,1,0.007518796992481203,0.007518796992481203,4.115723162071847,10.434970760233918,15.053846247563353,4.537878787878788,26376.0,3525.67,0.0013284876076292036,0.04135929773926844,True,False,0.06850149692735963
fc906263ca5083d09dce42fe02247800,MG,belo horizonte,111,0,0.0,0.009009009009009009,1.7728873665332,7.217705726559893,9.456230188521856,4.414414414414415,4378.0,1848.8999999999999,3.469446951953614e-18,0.03345010469339235,True,False,0.06850149692735963
9616352088dcf83a7c06637f4ebf1c80,PR,umuarama,91,0,0.0,0.04395604395604396,3.2358375305250306,8.743013583638584,12.439302248677247,4.34065934065934,5643.099999999999,1766.7,0.0,0.04050400392888021,True,False,0.06850149692735963
06e5eefc71ec47ae763c5c6f8db7064f,RS,porto alegre,88,0,0.0,0.06818181818181818,1.8913493002946127,8.736899857954546,11.048394886363637,3.953488372093023,21098.74,2120.75,0.0,0.0418270666648922,True,False,0.06850149692735963
f3b80352b986ab4d1057a4b724be19d0,DF,brasilia,86,0,0.0,0.011627906976744186,2.2252026840828925,7.843335217484927,10.455703461455641,4.209302325581396,9815.1,2126.26,0.0,0.042758197285742226,True,False,0.06850149692735963
8ae520247981aa06bc94abddf5f46d34,SC,navegantes,65,0,0.0,0.0,1.0640414389799637,9.623220441595441,10.97949643874644,4.446153846153846,16320.99,1445.35,0.0,0.05580153132285689,True,False,0.06850149692735963
d566c37fa119d5e66c4e9052e83ee4ea,SP,sao paulo,64,0,0.0,0.015625,1.0378146578782173,4.428351960358796,5.835555193865741,4.682539682539683,5077.8,939.93,0.0,0.05662405979280534,True,False,0.06850149692735963
b372ee768ed69e46ca8cdbd267aa7a38,SP,sao jose do rio preto,63,0,0.0,0.0,1.6180033773527627,10.571322200176366,12.494652410346854,4.436507936507937,12630.0,1183.84,3.469446951953614e-18,0.05747119958885172,True,False,0.06850149692735963
57e632711dec9ec14ca7546769483e7e,SC,navegantes,60,0,0.0,0.0,1.261143871625863,9.416903549382715,10.994573688271604,4.433333333333334,6177.26,1170.58,0.0,0.06017185214208986,True,False,0.06850149692735963
d57e18d5f73c7ccb7f7339b61166898d,SP,sao paulo,60,0,0.0,0.016666666666666666,1.4039351851851851,7.461916280864198,9.294000578703704,4.45,3151.8,894.2,0.0,0.06017185214208986,True,False,0.06850149692735963
e882b2a25a10b9c057cc49695f222c19,RJ,teresopolis,57,0,0.0,0.10526315789473684,3.176968404808317,5.924893193632229,9.549082399285249,4.578947368421052,51057.54,2856.22,0.0,0.06313883485297894,True,False,0.06850149692735963
cc63f0dd2acba93ffed4fe9f8e0321fa,SP,sao jose do rio preto,55,0,0.0,0.05454545454545454,1.662917297979798,6.974865319865319,8.998671506734008,4.090909090909091,7096.71,1399.97,0.0,0.06528490111708637,True,False,0.06850149692735963
3504c0cb71d7fa48d967e0e4c94d59d9,SP,maua,52,0,0.0,0.0,1.6208257656695155,5.533982371794872,7.384828392094017,4.480769230769231,2303.14,619.67,0.0,0.06879223612386234,True,False,0.06850149692735963
2b3e4a2a3ea8e01938cabda2a3e5cc79,SP,sao paulo,51,0,0.0,0.058823529411764705,2.4055765778533633,5.8432427832244,8.773028095497459,4.431372549019608,22448.2,905.74,0.0,0.07004661989853143,True,False,0.06850149692735963
fa1a9dec3a9940c072684a46728bf1fc,SC,icara,51,0,0.0,0.35294117647058826,4.7673999183006535,9.451619008714596,14.57725989469862,4.235294117647059,6419.400000000001,1139.1,0.0,0.07004661989853143,True,False,0.06850149692735963
b1a81260566c1bac3114a6d124413f27,RS,carazinho,49,0,0.0,0.0,0.6226617678725237,7.835043461829176,8.705912226001512,4.3061224489795915,8294.89,1493.31,6.938893903907228e-18,0.07269781922049637,True,False,0.06850149692735963
aae3bfea055532c57fb453ed3ec80b30,SP,santo andre,47,0,0.0,0.0851063829787234,3.02556712962963,9.146022212371946,12.724472517730497,3.652173913043478,3028.93,785.02,-6.938893903907228e-18,0.07555760416399632,True,False,0.06850149692735963
6b90f847357d8981edd79a1eb1bf0acb,SP,guarulhos,45,0,0.0,0.0,0.9685292658730159,4.282945473251029,5.575552469135802,4.355555555555555,3322.08,737.65,0.0,0.07865159873288836,True,False,0.06850149692735963
81f89e42267213cb94da7ddc301651da,SP,presidente prudente,45,0,0.0,0.022222222222222223,2.3506628086419754,4.825579218106996,7.498508487654321,3.7333333333333334,3886.0,764.73,0.0,0.07865159873288836,True,False,0.06850149692735963
4da0e408c99d2fdc2126dc9fce518060,PR,cornelio procopio,43,0,0.0,0.0,1.369899332472007,7.67675764427218,9.244194659776054,4.395348837209302,2935.2000000000003,904.55,0.0,0.08200980322579117,True,False,0.06850149692735963
acce39e832338debb07b02385cde5967,MG,contagem,43,0,0.0,0.0,1.0075110357450474,5.884951550387597,7.162540643841516,4.534883720930233,4618.2,1148.88,0.0,0.08200980322579117,True,False,0.06850149692735963
3bb548e3cb7f70f28e3f11ee9dce0e59,PR,maringa,42,0,0.0,0.09523809523809523,2.913980516975309,8.241512345679013,11.273631503527337,4.357142857142857,6285.62,777.05,-6.938893903907228e-18,0.08379879086570391,True,False,0.06850149692735963
b410bdd36d5db7a65dcd42b7ead933b8,GO,goiania,42,0,0.0,0.023809523809523808,1.2263668981481481,7.718010361552028,9.202473820546738,4.809523809523809,7368.9,950.8100000000001,-6.938893903907228e-18,0.08379879086570391,True,False,0.06850149692735963
34d1ca11b242c0fee2c834ae8d788566,MG,congonhas,40,0,0.0,0.025,1.6258932811016145,11.063608217592591,13.179686631944444,4.333333333333333,13422.24,982.04,0.0,0.08762160119728664,True,False,0.06850149692735963
6df688df543f90e9b38f4319e75a9d88,MG,belo horizonte,39,0,0.0,0.0,1.3547225189933523,6.395137998575499,7.93724210588794,4.564102564102564,1891.76,769.4399999999999,-6.938893903907228e-18,0.08966685370757144,True,False,0.06850149692735963
b1ac6ea7895bc3dd6f0f6f4abbdd2821,RS,canoas,38,0,0.0,0.05263157894736842,3.044132257257257,6.95385294834308,10.18083455165692,4.526315789473684,2962.0,772.36,0.0,0.09180986822558396,True,False,0.06850149692735963
6338ea67c41078a46ad99cc009654956,RS,farroupilha,36,0,0.0,0.2222222222222222,3.907636638374486,8.865351080246914,13.340945537551441,4.617647058823529,2276.1,916.93,0.0,0.09641862859446367,True,False,0.06850149692735963
bd4889b5e9133b35b66e42a8665cea5c,SP,sao paulo,36,0,0.0,0.0,1.8545540577342048,7.827320601851852,10.282339248971192,4.4,6271.9,984.64,0.0,0.09641862859446367,True,False,0.06850149692735963
31561f325664a8a7aba4c8d0c3a9b3db,SP,sao paulo,35,0,0.0,0.05714285714285714,1.7091935593681917,5.519112433862434,7.518892526455027,4.685714285714286,2572.29,610.03,6.938893903907228e-18,0.09890099232440402,True,False,0.06850149692735963
bba74270a87732727b5a3b4fd9ac1c39,MG,betim,35,0,0.0,0.02857142857142857,2.009205357142857,7.406905423280424,9.715594576719576,4.057142857142857,5964.6,743.74,6.938893903907228e-18,0.09890099232440402,True,False,0.06850149692735963
718539d38d07dd351c76db862760e2e2,SP,campinas,34,0,0.0,0.0,1.6745874183006535,6.867014229302832,8.688865059912855,4.617647058823529,1173.11,599.69,0.0,0.10151455415332376,True,False,0.06850149692735963
33ac3e28642ab8bda860a2f693000e78,SP,cotia,33,0,0.0,0.06060606060606061,2.3693753507295177,6.2400161335578,8.801053591470259,4.303030303030303,3556.13,485.7,0.0,0.10426999754245206,True,False,0.06850149692735963
48efc9d94a9834137efd9ea76b065a38,PR,curitiba,33,0,0.0,0.8484848484848485,4.070240249719417,5.3669447951739615,10.793470468574634,5.0,345.6,320.40000000000003,0.0,0.10426999754245206,True,False,0.06850149692735963
5cbbd5a299cab112b7bf23862255e43e,PR,pinhais,33,0,0.0,0.09090909090909091,2.968603044332211,7.820151164421999,11.17329475308642,4.424242424242424,2528.86,636.4,0.0,0.10426999754245206,True,False,0.06850149692735963
65febd49fd28ec955651299159b1f527,SP,sao paulo,33,0,0.0,0.0,0.7590339265046296,5.646098484848484,6.6798937289562295,4.454545454545454,4136.71,948.67,0.0,0.10426999754245206,True,False,0.06850149692735963
b90e891671cffd9557f33a97dc523645,PR,sao jose dos pinhais,33,0,0.0,0.0,1.1561346209490742,6.382694654882155,7.751396254208755,4.303030303030303,4329.0,616.48,0.0,0.10426999754245206,True,False,0.06850149692735963
e49c26c3edfa46d227d5121a6b6e4d37,PE,brejao,33,0,0.0,0.0,1.19837015993266,10.00168630751964,11.751517606621775,4.606060606060606,3604.45,1127.88,0.0,0.10426999754245206,True,False,0.06850149692735963
325f3178fb58e2a9778334621eecdbf9,SP,taboao da serra,32,0,0.0,0.0,1.777509403935185,4.434307002314815,6.6748256655092595,4.5625,878.6999999999999,429.38,0.0,0.1071791982550706,True,False,0.06850149692735963
9baf5cb77970f539089d09a38bcec5c3,SP,indaiatuba,31,0,0.0,0.0967741935483871,8.148548387096774,6.72392174432497,15.171590128434888,4.419354838709677,5989.68,531.66,0.0,0.11025539546043596,True,False,0.06850149692735963
ed4acab38528488b65a9a9c603ff024a,SP,sao paulo,31,0,0.0,0.06451612903225806,3.150988811728395,6.5341069295101555,9.886824223416966,3.806451612903226,12648.460000000001,601.18,0.0,0.11025539546043596,True,False,0.06850149692735963
fad44952713764836814be105382aee5,RJ,rio de janeiro,31,0,0.0,0.0967741935483871,2.0846735312899107,8.47147177419355,11.030972595579449,4.354838709677419,4949.0,507.59000000000003,0.0,0.11025539546043596,True,False,0.06850149692735963
5160d23075764e18e07c1f4a87fad743,SP,sao bernardo do campo,30,0,0.0,0.06666666666666667,2.915560185185185,6.351702546296296,9.61413850308642,4.566666666666666,2124.0,436.39,0.0,0.11351339317396876,True,False,0.06850149692735963
40d54b51e962dbe09cabbcfd33298dee,SP,santo andre,29,0,0.0,0.06896551724137931,2.1831995884773665,4.9396000957854405,7.435403895274584,4.103448275862069,6761.16,536.39,0.0,0.11696979849974075,False,False,0.06850149692735963
4bf2f4ee540798a61f9636d12cd9cc80,SP,assis,29,0,0.0,0.034482758620689655,2.280303719667944,11.226166187739464,13.562493215197957,4.137931034482759,4995.56,505.45,0.0,0.11696979849974075,False,False,0.06850149692735963
94e93ce877be27a515118dbfd2c2be41,SP,votuporanga,29,0,0.0,0.06896551724137931,2.8214048531289913,10.466010536398468,13.608297014687102,4.035714285714286,5436.58,853.46,0.0,0.11696979849974075,False,False,0.06850149692735963
f67efa3f0b6761102a7f8c6b7b571f5d,PR,curitiba,29,0,0.0,0.034482758620689655,2.1856110312899104,7.52174369412516,10.043460648148148,4.586206896551724,4958.7,738.51,0.0,0.11696979849974075,False,False,0.06850149692735963
0ebd97a106433a45a4aebe57c1799778,MG,contagem,28,0,0.0,0.03571428571428571,2.175721312830688,7.0047833994709,9.665044642857142,4.75,2777.1000000000004,557.21,1.3877787807814457e-17,0.12064330476584563,False,False,0.06850149692735963
1b938a7ec6ac5061a66a3766e0e75f90,SP,penapolis,28,0,0.0,0.0,1.4506267146776406,9.850832506613756,11.786433945105822,4.535714285714286,3719.9,857.29,1.3877787807814457e-17,0.12064330476584563,False,False,0.06850149692735963
bf00385a5f7fc1ef39a13c2e9ee50a5f,SP,sao paulo,28,0,0.0,0.03571428571428571,1.9063345797720797,3.6617377645502645,5.772894758597884,4.428571428571429,855.4,333.85,1.3877787807814457e-17,0.12064330476584563,False,False,0.06850149692735963
14a08204d03bb6b6bde8029f801ae0eb,SP,sao paulo,27,0,0.0,0.07407407407407407,2.770735844017094,6.111900291495199,9.084816529492455,3.962962962962963,2140.4,588.1,0.0,0.12455502974186705,False,False,0.06850149692735963
671585f5a2af58b6e276bc01003c0d2b,PR,curitiba,27,0,0.0,0.0,1.0701126246438746,4.056075960219479,5.58787122770919,4.703703703703703,1244.0,448.11,0.0,0.12455502974186705,False,False,0.06850149692735963
960945e1a9535cbc0cd6ddd35fbe7ae8,SP,sao paulo,27,0,0.0,0.037037037037037035,1.41488693019943,4.501565929355281,6.180846193415637,4.62962962962963,3262.84,471.62,0.0,0.12455502974186705,False,False,0.06850149692735963
cac876b37d3abcd6bd76caca30277996,PR,cascavel,26,0,0.0,0.0,1.3977907407407408,8.296710292022793,9.977665153133902,4.52,2149.87,700.43,0.0,0.1287289218592153,False,False,0.06850149692735963
cc3d14116804f7209f3884f6367f1152,PR,curitiba,26,0,0.0,0.0,2.8398624465811966,9.93093482905983,13.003660078347577,4.615384615384615,5437.8,577.73,0.0,0.1287289218592153,False,False,0.06850149692735963
f41ce2e25237f9092cd8e6e7516c7a2f,SP,guarulhos,26,0,0.0,0.07692307692307693,2.9756112001424504,5.4886097756410255,8.769085202991452,4.423076923076923,1961.9,323.92,0.0,0.1287289218592153,False,False,0.06850149692735963
5debea795b07621e1f90532e18f96145,PR,apucarana,25,0,0.0,0.08,2.085421296296296,7.427964351851852,10.347672685185184,4.36,1883.78,504.35,1.3877787807814457e-17,0.13319225093904846,False,False,0.06850149692735963
7ade73f1b9b4e965f9009a4c3a7e2c15,SP,bauru,25,0,0.0,0.04,2.355486111111111,6.889631481481481,9.624220833333334,4.84,1796.3000000000002,421.22,1.3877787807814457e-17,0.13319225093904846,False,False,0.06850149692735963
916748bc99315c2d202898ae58b1617e,SP,sorocaba,25,0,0.0,0.12,3.9933412037037037,6.223249537037037,10.472281944444443,4.28,369.40000000000003,377.11,1.3877787807814457e-17,0.13319225093904846,False,False,0.06850149692735963
e48b04bf1aa1ef711caebeb7aede6180,PR,curitiba,25,0,0.0,0.04,1.5924564814814814,8.492533333333334,10.544004166666666,4.48,3187.1000000000004,645.63,1.3877787807814457e-17,0.13319225093904846,False,False,0.06850149692735963
272f092de69afedd4d2969440b37f18f,SP,sao paulo,24,0,0.0,0.16666666666666666,2.7417756558641977,7.318738908179012,10.268071469907406,3.9347826086956523,1776.43,524.6,1.3877787807814457e-17,0.13797620467498017,False,False,0.06850149692735963
3481aa57cd91f9f9d3fa1fa12d9a3bf7,SP,capivari,24,0,0.0,0.5,3.994469102254428,5.553220968364197,10.332162422839506,3.8333333333333335,1708.04,726.17,1.3877787807814457e-17,0.13797620467498017,False,False,0.06850149692735963
b2a6d334e2833acea353624840e25a0e,SP,sao paulo,24,0,0.0,0.041666666666666664,1.948828502415459,8.62688850308642,10.81862606095679,4.625,1626.0800000000002,373.26,1.3877787807814457e-17,0.13797620467498017,False,False,0.06850149692735963
013900e863eace745d3ec7614cab5b1a,PR,curitiba,23,0,0.0,0.08695652173913043,3.2125095611916263,8.855460446859905,12.19425925925926,4.695652173913044,1619.7,469.67,0.0,0.14311661845042686,False,False,0.06850149692735963
0885aaf116795758dfeb5f1032487bcd,SP,ferraz de vasconcelos,23,0,0.0,0.0,0.9396009700176366,5.0297841183574885,6.174702093397746,4.608695652173913,2175.5,443.55,0.0,0.14311661845042686,False,False,0.06850149692735963
42ef3192a9ff87a22d1867b74b3ee205,SP,santo andre,23,0,0.0,0.2608695652173913,3.6724894323671498,5.185207326892109,9.308129528985507,4.6521739130434785,1354.0900000000001,301.88,0.0,0.14311661845042686,False,False,0.06850149692735963
6426d21aca402a131fc0a5d0960a3c90,SP,ribeirao preto,23,0,0.0,0.0,0.9739563204508856,9.489733293075686,10.963011272141706,4.173913043478261,1209.64,384.18,0.0,0.14311661845042686,False,False,0.06850149692735963
73a63f72308aa20a46f4b1632018f196,PR,curitiba,23,0,0.0,0.2608695652173913,2.969132996632997,8.66755233494364,11.801496074879227,4.409090909090909,6857.9,777.37,0.0,0.14311661845042686,False,False,0.06850149692735963
79ed755314cfe6df0daef2c6cd3022cd,SP,rio claro,23,0,0.0,0.0,1.3604941626409017,7.77785175120773,9.259990942028987,4.7272727272727275,3907.5,459.16,0.0,0.14311661845042686,False,False,0.06850149692735963
7e26c750b4cb9f6766f58265ff9ebe95,MG,belo horizonte,23,0,0.0,0.0,2.0692814009661835,7.090524859098229,9.22936191626409,4.434782608695652,1344.3,388.88,0.0,0.14311661845042686,False,False,0.06850149692735963
916c9de0b5ad957346eeeb12f332687e,PR,curitiba,22,0,0.0,0.0,1.2288269675925927,7.173646885521885,8.83484375,4.545454545454546,5336.5,477.77,0.0,0.14865487460862087,False,False,0.06850149692735963
e9511df20ccd82658a30c37b7fb343af,SP,bauru,22,0,0.0,0.0,1.2923169191919193,7.862062815656565,9.756910774410775,4.318181818181818,2096.6,726.5,0.0,0.14865487460862087,False,False,0.06850149692735963
42fa4ee7240e9b8eb4576358ec142ba7,RS,caxias do sul,21,0,0.0,0.0,1.023557098765432,5.688528990299823,6.985364858906525,4.8,3660.7,499.01,-1.3877787807814457e-17,0.154639018924847,False,False,0.06850149692735963
52f9db5cfb423382a2fa5c9e39303202,SP,echapora,21,0,0.0,0.0,1.2696186342592592,8.473729607583774,10.174080687830687,4.285714285714286,1218.78,345.75,-1.3877787807814457e-17,0.154639018924847,False,False,0.06850149692735963
55d3daac7c404d59e51c2aa2f4dc5a23,SP,sao paulo,21,0,0.0,0.047619047619047616,2.3924696869488535,5.322093253968254,8.714584986772488,4.095238095238095,4480.6,1309.88,-1.3877787807814457e-17,0.154639018924847,False,False,0.06850149692735963
5bffbafbb22daf6d3bfc216a46db8708,RJ,nilopolis,21,0,0.0,0.047619047619047616,1.440081569664903,6.801077491181657,8.653910383597884,4.761904761904762,5239.7,454.5,-1.3877787807814457e-17,0.154639018924847,False,False,0.06850149692735963
679769a98cfcc6da877c8486ff1c13f3,MG,ipatinga,21,0,0.0,0.0,1.3569033564814814,7.860381944444444,9.536956018518518,4.571428571428571,7029.0,438.39,-1.3877787807814457e-17,0.154639018924847,False,False,0.06850149692735963
c72de06d72748d1a0dfb2125be43ba63,BA,guanambi,21,0,0.0,0.0,0.8455628654970762,8.405346119929453,9.696403218694886,4.476190476190476,17522.0,1211.18,-1.3877787807814457e-17,0.154639018924847,False,False,0.06850149692735963
d8c7ba53e7e38711eaef8c2849d6d2e1,PR,floresta,21,0,0.0,0.0,1.2867802028218693,6.221286375661376,8.121712962962963,4.476190476190476,1160.8799999999999,581.58,-1.3877787807814457e-17,0.154639018924847,False,False,0.06850149692735963
02ecc2a19303f05e59ce133fd923fff7,SP,santo andre,20,0,0.0,0.05,3.1727725694444446,7.503084490740742,11.403185763888889,4.7,5024.29,463.85,0.0,0.16112515805281938,False,False,0.06850149692735963
3785b653b1b82de85ab47dd139938091,PR,ampere,20,0,0.0,0.0,1.4433420138888888,10.417162615740741,12.295623842592594,4.7,1464.0,463.92,0.0,0.16112515805281938,False,False,0.06850149692735963
41c2bad7229b0c25e6becf179ebf63ff,RN,natal,20,0,0.0,0.0,1.1998501157407406,2.845019675925926,4.69347974537037,4.95,782.0,189.92,0.0,0.16112515805281938,False,False,0.06850149692735963
5c853bb56f70f4d14218944bae111d7a,SP,cotia,20,0,0.0,0.05,3.433245949074074,4.546239583333334,8.545459490740742,4.25,230.74,224.01,0.0,0.16112515805281938,False,False,0.06850149692735963
6b15924333bd1a741595fe981ea04822,SP,sao caetano do sul,20,0,0.0,0.0,1.2533975694444446,6.180248263888889,7.831157986111111,4.7,590.62,234.21,0.0,0.16112515805281938,False,False,0.06850149692735963
b347677812ea483b0f528eaf8cbc09b7,PR,curitiba,20,0,0.0,0.05,2.438000578703704,10.48448900462963,13.470671296296297,4.6,6929.0,733.76,0.0,0.16112515805281938,False,False,0.06850149692735963
bd697db56ff8e7c9cd1abeb7f72029b2,SP,sao paulo,20,0,0.0,0.05,2.155093171296296,8.676122106481483,11.267516782407409,4.45,2769.8,323.90000000000003,0.0,0.16112515805281938,False,False,0.06850149692735963
bf100ecb7997df312b285358fb32f92c,PR,sao jose dos pinhais,20,0,0.0,0.05,2.3074351851851853,6.480259259259259,9.656619212962962,4.444444444444445,1991.9,345.11,0.0,0.16112515805281938,False,False,0.06850149692735963
c731d18cea9bf687ffee82a241c25b11,SC,concordia,20,0,0.0,0.0,1.2943726851851851,6.269264467592593,7.70959837962963,4.7,3244.0,574.07,0.0,0.16112515805281938,False,False,0.06850149692735963
e6a69c4a27dfdd98ffe5aa757ad744bc,SP,sao paulo,20,0,0.0,0.15,4.651541666666667,6.079180555555555,10.986690393518519,4.45,495.67,262.12,0.0,0.16112515805281938,False,False,0.06850149692735963
eed78ac17f7f795a19a709745f00cd4e,SP,botucatu,20,0,0.0,0.05,3.2816296296296295,6.995585648148148,10.457171296296297,3.75,4030.3999999999996,815.0,0.0,0.16112515805281938,False,False,0.06850149692735963
f9244d45189d3a3605499abddeade7d5,SP,sao paulo,20,0,0.0,0.05,5.890291087962963,8.984811921296297,15.176920717592594,4.35,15081.439999999999,820.72,0.0,0.16112515805281938,False,False,0.06850149692735963
65b081a070633e057c462abdd6fb9dd8,GO,morrinhos,19,0,0.0,0.05263157894736842,2.1639144736842106,9.68176656920078,12.037367811890839,4.315789473684211,1885.09,441.58,0.0,0.16817922405261626,False,False,0.06850149692735963
8ab42aa58097fd4668d60cc648225d5f,GO,goiania,19,0,0.0,0.15789473684210525,3.3467988547758285,7.072851486354776,10.646656920077973,4.368421052631579,2574.75,555.56,0.0,0.16817922405261626,False,False,0.06850149692735963
8ed8ea9a57c862f2c18c2fe41f601d56,SC,blumenau,19,0,0.0,0.0,1.1279609204793029,6.4963602582846,8.578249878167641,4.473684210526316,3831.9,731.0699999999999,0.0,0.16817922405261626,False,False,0.06850149692735963
b1fecf4da1fa2689bccffa0121953643,MS,campo grande,19,0,0.0,0.10526315789473684,3.4786933479532163,6.441388888888889,10.201297514619883,4.947368421052632,3669.64,397.08,0.0,0.16817922405261626,False,False,0.06850149692735963
b494891378bd8f4560abe576c52deacd,SP,sao paulo,19,0,0.0,0.0,0.6442959104938272,4.546480872319688,5.474568104288499,4.7368421052631575,2839.0,295.98,0.0,0.16817922405261626,False,False,0.06850149692735963
e21a1e8be4715b0fcfd5385643bc49c4,SC,jaguaruna,19,0,0.0,0.5789473684210527,6.3538992446393765,10.513262670565302,16.973890107212476,3.8421052631578947,643.8,439.9,0.0,0.16817922405261626,False,False,0.06850149692735963
f5b44895715ddfe3087dc414f30268f3,SP,sorocaba,19,0,0.0,0.0,2.691220760233918,9.520129142300195,12.497305677387915,4.0,378.8,275.64,0.0,0.16817922405261626,False,False,0.06850149692735963
07bf9669d84d1f11be443a9dd938f698,SP,sao paulo,18,0,0.0,0.0,1.4580606995884773,6.521678240740741,8.355687371399178,3.7222222222222223,1776.0,646.22,0.0,0.17587922364665765,False,False,0.06850149692735963
094ced053e257ae8cae57205592d6712,SP,ribeirao preto,18,0,0.0,0.0,1.675251225490196,9.926060956790124,12.036094393004115,4.111111111111111,1349.3,417.9,0.0,0.17587922364665765,False,False,0.06850149692735963
1354d51653f645349064725ed204e85e,SP,sao paulo,18,0,0.0,0.2222222222222222,3.7046840958605665,5.514379501028807,9.560979938271606,3.888888888888889,2410.0,284.72,0.0,0.17587922364665765,False,False,0.06850149692735963
59417c56835dd8e2e72f91f809cd4092,SP,limeira,18,0,0.0,0.0,3.8339801954732513,8.154725437242798,12.569483024691358,4.277777777777778,36459.0,1198.77,0.0,0.17587922364665765,False,False,0.06850149692735963
93b9a99027bd8bd6af682aff18dd19bf,SP,mairipora,18,0,0.0,0.05555555555555555,4.205233410493827,7.617324459876544,11.954646990740741,4.111111111111111,1850.0,439.93,0.0,0.17587922364665765,False,False,0.06850149692735963
bc2ac6b95e1accce9858528ee566c17e,SP,campinas,18,0,0.0,0.0,0.9586972736625514,3.6551401748971193,4.748575102880658,4.555555555555555,2045.0,234.56,0.0,0.17587922364665765,False,False,0.06850149692735963
f4a04f7be452aa3bb31760bf00055dd0,SP,santo andre,18,0,0.0,0.0,2.7724897119341563,5.691678240740741,9.141429398148148,4.666666666666667,1312.1,241.85,0.0,0.17587922364665765,False,False,0.06850149692735963
ffdd9f82b9a447f6f8d4b91554cc7dd3,PR,curitiba,18,0,0.0,0.16666666666666666,4.14609068627451,6.249813528806585,10.538292824074073,4.333333333333333,2101.2,727.46,0.0,0.17587922364665765,False,False,0.06850149692735963
06bb3a2fe5e7b7a845b13e8fb91bd944,MG,belo horizonte,17,0,0.0,0.0,1.0893967013888888,7.450955882352941,8.82025258714597,4.588235294117647,1536.19,326.14,0.0,0.1843181350088518,False,False,0.06850149692735963
1430239a858e7682bbc43b20758af153,SP,sao paulo,17,0,0.0,0.0,1.4183653322440088,6.151955337690632,7.671258850762528,4.176470588235294,633.99,254.65,0.0,0.1843181350088518,False,False,0.06850149692735963
30a81d8cf85fb2ada1b1b094c9583a95,SP,sao paulo,17,0,0.0,0.058823529411764705,1.3870109953703702,2.6423835784313727,4.290115740740741,4.823529411764706,1245.42,168.1,0.0,0.1843181350088518,False,False,0.06850149692735963
4305fe92735c8a43d154ff6dd2b8d927,MG,coronel fabriciano,17,0,0.0,0.11764705882352941,2.4809763071895423,8.69942061546841,11.483929057734205,4.176470588235294,2606.1000000000004,393.54,0.0,0.1843181350088518,False,False,0.06850149692735963
4978a02ea9c8be7a9b5480680f40334e,SP,sao paulo,17,0,0.0,0.17647058823529413,1.6549487433862435,3.3057448257080613,5.173650599128541,3.5294117647058822,2339.62,319.62,0.0,0.1843181350088518,False,False,0.06850149692735963
4b0fdb526525f9890eb145bf1534640e,SP,ibitinga,17,0,0.0,0.0,1.2318572984749456,8.031002859477125,9.382923474945533,4.0,2311.1,513.01,0.0,0.1843181350088518,False,False,0.06850149692735963
5bc24d989e71e93c33e50a7782431b0e,MG,campo do meio,17,0,0.0,0.058823529411764705,1.307568082788671,7.777873093681916,9.188674428104575,4.352941176470588,3148.0,588.53,0.0,0.1843181350088518,False,False,0.06850149692735963
60562ab00b8054280520d390c8c0045c,SP,sao paulo,17,0,0.0,0.11764705882352941,2.5619907407407405,7.30786015795207,10.181200980392157,4.764705882352941,2943.0,304.09,0.0,0.1843181350088518,False,False,0.06850149692735963
72bc2cce903c872fe376a8faaa81d237,SP,sao paulo,17,0,0.0,0.058823529411764705,2.964593545751634,5.315409177559912,8.813901143790849,4.647058823529412,2149.2,255.77,0.0,0.1843181350088518,False,False,0.06850149692735963
77e4abfd739aed9c46480f90f81c0eb4,DF,brasilia,17,0,0.0,0.0,2.5940699891067536,6.406320125272331,9.564037990196079,4.764705882352941,3607.99,342.35,0.0,0.1843181350088518,False,False,0.06850149692735963
845e8036c3f7bf62099352f5ed910240,RJ,rio de janeiro,17,0,0.0,0.0,1.1628308823529412,6.18201593137255,7.6335607298474955,4.117647058823529,1347.0,394.75,0.0,0.1843181350088518,False,False,0.06850149692735963
888faa8bfb0b159c37de6d898b961c31,SC,braco do norte,17,0,0.0,0.0,1.1634926470588234,7.04859681372549,8.317935729847493,4.235294117647059,1890.6,524.16,0.0,0.1843181350088518,False,False,0.06850149692735963
8a2d12a90e92f012ce5226fc6592b653,PR,curitiba,17,0,0.0,0.058823529411764705,2.063324482570806,7.065646786492374,9.646005582788671,4.588235294117647,1574.75,325.39,0.0,0.1843181350088518,False,False,0.06850149692735963
d06d019f72a04e5497a0b64190af170c,SP,cotia,17,0,0.0,0.0,1.9322617102396515,6.280291394335513,8.503113425925926,4.529411764705882,2415.93,225.51,0.0,0.1843181350088518,False,False,0.06850149692735963
d4f117125b59ce73c3302f88ee40c458,SP,sao paulo,17,0,0.0,0.0,1.6483333333333334,5.757421023965142,7.728728894335511,4.823529411764706,783.29,215.32,0.0,0.1843181350088518,False,False,0.06850149692735963
dfc475d54e1b6dbeeb7d7d9bdaa63827,PR,curitiba,17,0,0.0,0.35294117647058826,5.769738562091503,7.384097903050109,13.436251361655774,4.705882352941177,1691.47,404.77,0.0,0.1843181350088518,False,False,0.06850149692735963
ffa6adafb71b807dc13159e26431354c,PR,londrina,17,0,0.0,0.0,1.402270061728395,8.035480664488018,9.852557189542482,3.9411764705882355,2500.9,516.48,0.0,0.1843181350088518,False,False,0.06850149692735963
25e47381a6c510ddeb36084e33b89f0c,SP,praia grande,16,0,0.0,0.0,2.9300535300925925,6.621148726851851,10.001467013888888,4.25,1289.6000000000001,282.11,0.0,0.1936076805344365,False,False,0.06850149692735963
270297ead4c65a6cd2593960d2af6b21,SP,sao paulo,16,0,0.0,0.0,2.968685619212963,11.435228587962962,14.678508391203705,3.9375,8145.4,500.33,0.0,0.1936076805344365,False,False,0.06850149692735963
4736e9d642ef4257cd7622516931eb51,SP,piracicaba,16,0,0.0,0.0,1.4967064525462963,2.7916861979166665,4.796315104166666,4.125,1078.8700000000001,370.90000000000003,0.0,0.1936076805344365,False,False,0.06850149692735963
51e4e89242cbb846c2deff3dc015650e,RS,rio grande,16,0,0.0,0.0,1.5792631172839506,7.515537471064815,9.21369357638889,4.625,822.58,353.17,0.0,0.1936076805344365,False,False,0.06850149692735963
638cba8be1fb599bbb76fd6948351eb3,SP,sao jose dos campos,16,0,0.0,0.0,1.497142650462963,6.237757523148148,8.141051070601852,4.6875,535.4,268.27,0.0,0.1936076805344365,False,False,0.06850149692735963
6c12e40690c335dbc2f68a4134d30dc1,PR,castro,16,0,0.0,0.0625,2.752179542824074,9.99636646412037,13.344157262731482,4.071428571428571,9139.2,485.06,0.0,0.1936076805344365,False,False,0.06850149692735963
8daab2245ebdc277c51098d01c5ad8ef,SP,sao paulo,16,0,0.0,0.0,1.8324247685185184,8.012766927083334,10.034896556712964,4.625,1604.59,284.05,0.0,0.1936076805344365,False,False,0.06850149692735963
a425f92c199eb576938df686728acd20,PR,curitiba,16,0,0.0,0.25,9.972459490740741,6.792587528935185,17.149074074074075,4.5,1106.3,293.39,0.0,0.1936076805344365,False,False,0.06850149692735963
bb135baca94c82fcb731335ad5b04a03,SP,sao paulo,16,0,0.0,0.0,3.4823083043981478,5.570197482638889,9.2019921875,3.125,930.9,429.33,0.0,0.1936076805344365,False,False,0.06850149692735963
cda598c48d7c614bc1cad7d8ff6f0010,SP,mirassol,16,0,0.0,0.0,1.1884887566137565,6.879573929398148,8.126241319444444,4.125,1038.7,285.57,0.0,0.1936076805344365,False,False,0.06850149692735963
cf2384dd2f1dddea3f838efed0945e65,SP,serra negra,16,0,0.0,0.0,2.629615885416667,10.831279658564815,14.251440248842593,3.9375,2101.5,433.44,0.0,0.1936076805344365,False,False,0.06850149692735963
d66c11a9572221d92fbb8c4897db5f9b,RJ,rio de janeiro,16,0,0.0,0.0,1.6283256172839506,6.652373408564815,8.548737702546296,4.5625,776.56,387.82,0.0,0.1936076805344365,False,False,0.06850149692735963
e7f3bf1ecd8526eb7f3b18059e6716e5,SP,ubatuba,16,0,0.0,0.0,1.262915943287037,7.816623263888889,9.291635561342593,4.625,1282.14,250.88,0.0,0.1936076805344365,False,False,0.06850149692735963
0eaa7e33d73809f1f925f7d07c506cbd,SP,santo andre,15,0,0.0,0.0,0.9545918209876543,4.6119814814814815,5.903765432098766,4.714285714285714,1552.0,194.9,0.0,0.20388330103584862,False,False,0.06850149692735963
26785a546900236d66f2e4197c211158,SP,sao paulo,15,0,0.0,0.0,2.123894675925926,3.5541581790123455,5.767207561728395,4.666666666666667,1019.2,225.45,0.0,0.20388330103584862,False,False,0.06850149692735963
33cbbec1e7e1044aaf11d152172c776f,RS,bento goncalves,15,0,0.0,0.0,0.8766261574074073,7.26977700617284,8.429000771604938,4.733333333333333,730.67,398.83,0.0,0.20388330103584862,False,False,0.06850149692735963
3c010235b7345c92f125d14ee232a76b,PR,mandirituba,15,0,0.0,0.4,4.60198225308642,5.8169305555555555,11.039577932098764,4.666666666666667,3578.0,427.32,0.0,0.20388330103584862,False,False,0.06850149692735963
41da412d33e8da4f22baf55cb1bde82c,ES,domingos martins,15,0,0.0,0.0,1.6803302469135803,8.071239197530865,10.254511574074074,4.666666666666667,862.9,374.16,0.0,0.20388330103584862,False,False,0.06850149692735963
49067458c68f7701fd334ce326accbe0,MG,juiz de fora,15,0,0.0,0.4,4.751418209876544,7.368496141975309,12.500472222222221,3.6666666666666665,961.3,546.74,0.0,0.20388330103584862,False,False,0.06850149692735963
5b664594895aefb418afaee6d40a9a23,RJ,petropolis,15,0,0.0,0.2,4.293719907407407,6.150098765432099,10.86211651234568,4.133333333333334,892.1,219.87,0.0,0.20388330103584862,False,False,0.06850149692735963
6a38087bc8ad4f89ff453561005f6dea,GO,anapolis,15,0,0.0,0.0,1.1353222934472933,8.980123456790123,10.229387345679012,4.6,1833.43,547.92,0.0,0.20388330103584862,False,False,0.06850149692735963
7238a95bb63ef7e498389fb863b834a1,SP,limeira,15,0,0.0,0.0,1.199676816239316,6.43637962962963,7.956341820987655,4.733333333333333,2265.7,569.41,0.0,0.20388330103584862,False,False,0.06850149692735963
9a84ba99f5367fdbd4598363496f1ea2,GO,luziania,15,0,0.0,0.0,1.525120701058201,8.933552469135803,10.512725308641977,3.8,2223.38,415.07,0.0,0.20388330103584862,False,False,0.06850149692735963
ba5daa4041e1f15cdf34b76e3e18a450,SP,sao paulo,15,0,0.0,0.06666666666666667,1.6289529320987655,3.9542762345679012,5.692246141975308,4.266666666666667,806.8000000000001,152.55,0.0,0.20388330103584862,False,False,0.06850149692735963
c6381d2d013342748761e906d45aff76,RS,portao,15,0,0.0,0.26666666666666666,5.796088734567901,9.97781712962963,16.018105709876544,3.8666666666666667,2042.98,571.28,0.0,0.20388330103584862,False,False,0.06850149692735963
db46ca7bce82b11f7e247539271fc390,RJ,rio de janeiro,15,0,0.0,0.13333333333333333,1.948463955026455,6.135521604938272,8.529096450617283,4.8,842.26,210.37,0.0,0.20388330103584862,False,False,0.06850149692735963
f1fd5ab1181f827ffad998c1a5de7d74,PR,curitiba,15,0,0.0,0.06666666666666667,1.8798867394179892,7.441291666666667,9.45754938271605,4.666666666666667,7045.99,831.97,0.0,0.20388330103584862,False,False,0.06850149692735963
f3c38ab652836d21de61fb8314b69182,SP,sao paulo,15,0,0.0,0.06666666666666667,1.722579365079365,5.822708333333334,8.208585648148148,4.266666666666667,1581.0,247.59,0.0,0.20388330103584862,False,False,0.06850149692735963
3092c0b297aacfb4bb6e056ebe13b9b8,SP,aruja,14,0,0.0,0.0,3.8221015211640212,10.53905753968254,14.402056878306878,4.428571428571429,954.5,288.38,1.3877787807814457e-17,0.2153108027376358,False,False,0.06850149692735963
52562a9f449c3dc3d53f5f5b9ed74903,RN,parnamirim,14,0,0.0,0.0,2.368767361111111,10.58190558862434,13.357767857142857,4.785714285714286,3266.6,444.03999999999996,1.3877787807814457e-17,0.2153108027376358,False,False,0.06850149692735963
5882820ef11c4c068eea0677a7a879b4,RS,caxias do sul,14,0,0.0,0.14285714285714285,7.037276785714286,7.841168981481482,14.96869460978836,4.153846153846154,9925.5,739.31,1.3877787807814457e-17,0.2153108027376358,False,False,0.06850149692735963
5a05a16bb50629ee31afab8a6d4c2674,RS,caxias do sul,14,0,0.0,0.0,1.8828400997150998,5.008740906084656,7.040058697089948,4.214285714285714,794.3,281.18,1.3877787807814457e-17,0.2153108027376358,False,False,0.06850149692735963
7ff588a03c2aeae4fbd23f9ae64b760d,SP,guarulhos,14,0,0.0,0.0,0.46721527777777777,4.334813161375662,4.787471064814815,4.642857142857143,1182.2,221.18,1.3877787807814457e-17,0.2153108027376358,False,False,0.06850149692735963
83645b1645cdee8953ee54c29ceed564,PR,santa terezinha de itaipu,14,0,0.0,0.0,1.0721238425925925,9.208224206349206,10.400109126984129,4.428571428571429,978.9,266.2,1.3877787807814457e-17,0.2153108027376358,False,False,0.06850149692735963
88cf19ec1fc2c58f161aee259d57142c,SP,sao carlos,14,0,0.0,0.07142857142857142,1.2041823743386242,4.884739583333333,6.444143518518518,4.5,1372.97,234.71,1.3877787807814457e-17,0.2153108027376358,False,False,0.06850149692735963
b1aaae6b66ad3c40f54b389d7ea4bee0,SP,sao paulo,14,0,0.0,0.14285714285714285,1.8072395833333332,5.713489583333334,8.038198578042328,4.357142857142857,989.5,274.18,1.3877787807814457e-17,0.2153108027376358,False,False,0.06850149692735963
bbf9ad41dca6603e614efcdad7aab8c4,CE,fortaleza,14,0,0.0,0.0,0.857437996031746,12.396213624338625,13.931492228835978,4.5,7846.0,776.26,1.3877787807814457e-17,0.2153108027376358,False,False,0.06850149692735963
c84592044b180dec206770c38603814b,SP,sao paulo,14,0,0.0,0.0,2.0516071428571427,10.512291666666666,12.918706183862435,4.428571428571429,491.94000000000005,209.03,1.3877787807814457e-17,0.2153108027376358,False,False,0.06850149692735963
cfa5ab0e4d3fc212fd0b3410e7081c62,MG,uba,14,0,0.0,0.07142857142857142,3.4699222883597884,8.342331349206349,12.102824900793651,4.071428571428571,4455.82,935.9200000000001,1.3877787807814457e-17,0.2153108027376358,False,False,0.06850149692735963
e601b04acf48b4576e73ddca9481f0dc,SP,sao paulo,14,0,0.0,0.0,1.5934214743589743,5.031449239417989,6.883446593915344,4.285714285714286,442.04,196.89,1.3877787807814457e-17,0.2153108027376358,False,False,0.06850149692735963
2d518637f53161b973e01f56ea4bb88e,SP,sao paulo,13,0,0.0,0.0,3.388876424501425,9.623982371794872,13.663798967236467,4.923076923076923,1219.8899999999999,319.81,0.0,0.22809537235419838,False,False,0.06850149692735963
2f74af7a0ee5636f12c2336f9fffed47,SP,sao paulo,13,0,0.0,0.15384615384615385,3.7215954415954418,5.7830039173789185,9.696574964387464,4.3076923076923075,560.6999999999999,163.76999999999998,0.0,0.22809537235419838,False,False,0.06850149692735963
3ca08eeb8d5595949fed424bd3677742,PR,curitiba,13,0,0.0,0.0,2.013439280626781,7.929129273504273,10.300126424501425,4.6923076923076925,1688.88,449.1,0.0,0.22809537235419838,False,False,0.06850149692735963
51702dc2a3e106c76dbff722b5bf0726,SP,conchal,13,0,0.0,0.0,2.8039245014245013,11.252613069800569,14.786125356125355,4.3076923076923075,2705.1,581.94,0.0,0.22809537235419838,False,False,0.06850149692735963
768de2a4fc06aacecb9a586ccc30746a,DF,brasilia,13,0,0.0,0.0,2.2854674145299145,12.551352386039886,14.864153311965813,4.384615384615385,442.7,221.01,0.0,0.22809537235419838,False,False,0.06850149692735963
82cb9f452fe8334df74b22d37824b431,RS,caxias do sul,13,0,0.0,0.0,2.0532918595679015,5.746709401709401,8.332204415954417,4.6923076923076925,757.7,284.40000000000003,0.0,0.22809537235419838,False,False,0.06850149692735963
8f78f0903005064036736c7173a5c2ed,MG,tiradentes,13,0,0.0,0.38461538461538464,7.044218304843304,10.358198005698004,17.417435007122506,3.769230769230769,2113.7000000000003,632.25,0.0,0.22809537235419838,False,False,0.06850149692735963
9d5604a1f112324ad6b2aa552122e0fb,SP,florianopolis,13,0,0.0,0.0,1.8469201388888887,10.634177350427349,12.491833155270655,3.5384615384615383,421.5,340.48,0.0,0.22809537235419838,False,False,0.06850149692735963
9d681c7e12db302cb261e721040dde65,PR,curitiba,13,0,0.0,0.07692307692307693,1.6559962606837608,6.775051638176638,9.304166666666667,4.923076923076923,785.6,273.08,0.0,0.22809537235419838,False,False,0.06850149692735963
a2deecd5398f5df4987110c80a1972a3,SP,sao paulo,13,0,0.0,0.07692307692307693,1.4688667052469135,6.861935541310542,8.307628205128205,4.269230769230769,623.81,221.99,0.0,0.22809537235419838,False,False,0.06850149692735963
a8739afb32aaa45e01815ca76f76f54b,SP,sao bernardo do campo,13,0,0.0,0.0,1.9179959045584043,7.4702421652421656,9.569594017094017,3.769230769230769,298.83,264.73,0.0,0.22809537235419838,False,False,0.06850149692735963
bb5bd94c8f59cc050072d2930c869cac,SP,sao paulo,13,0,0.0,0.38461538461538464,4.886651531339032,9.620919693732194,15.331621260683761,4.3076923076923075,2134.17,252.43,0.0,0.22809537235419838,False,False,0.06850149692735963
c26a2be5b53b7db6b276280da212a779,RJ,nova friburgo,13,0,0.0,0.15384615384615385,4.333759793447293,9.401776175213675,14.082574786324786,3.3846153846153846,7482.0,806.85,0.0,0.22809537235419838,False,False,0.06850149692735963
c2d70ce2c5d0a2eb75e78668236e6dc8,SP,sao paulo,13,0,0.0,0.0,1.8442399691358027,6.351805555555556,8.32455039173789,4.615384615384615,2470.9,229.01999999999998,0.0,0.22809537235419838,False,False,0.06850149692735963
c3e1abd72a42fe690fcd89cf5720fe29,SP,mogi guacu,13,0,0.0,0.0,0.7368703703703703,3.0595895655270655,4.309395477207977,4.461538461538462,1798.61,168.97,0.0,0.22809537235419838,False,False,0.06850149692735963
caa9bc43a9fe8cf9c564ddd8a03cc4a6,SP,jacarei,13,0,0.0,0.07692307692307693,2.0200801282051284,6.899374109686609,9.549083867521368,4.666666666666667,803.87,233.87,0.0,0.22809537235419838,False,False,0.06850149692735963
de0c78824586e9a5f5f04fd84e25df39,SP,vargem grande paulista,13,0,0.0,0.0,0.8828896604938272,5.825830662393162,6.993716168091169,4.923076923076923,2283.3,207.87,0.0,0.22809537235419838,False,False,0.06850149692735963
df0f42bc4c2142eacf0eaf2cffd0cfbb,SC,itajai,13,0,0.0,0.38461538461538464,4.472596153846154,9.555460292022792,14.262581908831908,4.384615384615385,1550.0,270.23,0.0,0.22809537235419838,False,False,0.06850149692735963
e48cc16ab70bfa09e1401740dce0b3d7,SP,aracatuba,13,0,0.0,0.15384615384615385,4.023340455840456,9.892684294871795,14.1306801994302,3.769230769230769,944.85,287.42,0.0,0.22809537235419838,False,False,0.06850149692735963
02c988090b766852e088c69d7fb3b551,SP,americana,12,0,0.0,0.0,1.728181818181818,7.633433641975309,9.480911458333333,4.583333333333333,1564.3700000000001,206.57,2.7755575615628914e-17,0.24249400665524085,False,False,0.06850149692735963
1c5e4e49b9079480255b49d50aac1aa9,SP,santos,12,0,0.0,0.0,2.9958207947530866,5.561637731481482,8.798226273148147,4.333333333333333,10173.11,889.61,2.7755575615628914e-17,0.24249400665524085,False,False,0.06850149692735963
1dcfa3835714681d4ba4a93bc1e0fd41,SP,birigui,12,0,0.0,0.25,5.996064814814815,8.504007523148148,15.07900848765432,4.2727272727272725,1186.6000000000001,296.88,2.7755575615628914e-17,0.24249400665524085,False,False,0.06850149692735963
2059c39f76271d4ca3f15b5ffaccc8b8,PR,curitiba,12,0,0.0,0.0,2.3164414983164985,7.142463348765432,9.585923032407408,4.5,604.9,186.39000000000001,2.7755575615628914e-17,0.24249400665524085,False,False,0.06850149692735963
21e83881401b92b49fb09a16d3852291,MG,uberlandia,12,0,0.0,0.25,3.1323099922839504,7.284782021604939,10.948888888888888,4.833333333333333,3109.06,497.03,2.7755575615628914e-17,0.24249400665524085,False,False,0.06850149692735963
257e61d3251fb5efb9daadddbc2cf7ca,PR,apucarana,12,0,0.0,0.0,1.102097800925926,6.469835069444444,8.095081018518519,4.75,7729.0,1077.18,2.7755575615628914e-17,0.24249400665524085,False,False,0.06850149692735963
26d6bbee02420494d471c9f6436929c0,PR,curitiba,12,0,0.0,0.0,1.1486237373737376,6.834980709876543,8.373374807098765,4.666666666666667,434.51,247.19,2.7755575615628914e-17,0.24249400665524085,False,False,0.06850149692735963
2addf05f476d0637864454e93ba673d5,DF,brasilia,12,0,0.0,0.0,1.1042573302469136,9.108239776234567,10.398473186728395,5.0,4552.0,325.64,2.7755575615628914e-17,0.24249400665524085,False,False,0.06850149692735963
49e7217cfe4e427191c378ec626d8737,MG,formiga,12,0,0.0,0.16666666666666666,4.130654899691359,11.682390046296296,16.036587577160493,4.083333333333333,2868.8,352.09000000000003,2.7755575615628914e-17,0.24249400665524085,False,False,0.06850149692735963
54065e9aef7e9e9c2dc23b7594db021a,RJ,rio de janeiro,12,0,0.0,0.0,2.7242660108024688,9.52214313271605,12.422222222222222,4.333333333333333,7079.0,242.78,2.7755575615628914e-17,0.24249400665524085,False,False,0.06850149692735963
557f22c76691849db52d2abccf0015d0,GO,morrinhos,12,0,0.0,0.0,1.9991068672839507,11.994308449074074,14.50512538580247,3.272727272727273,799.87,308.67,2.7755575615628914e-17,0.24249400665524085,False,False,0.06850149692735963
5b85809efd0d0e4dea1a9544e1280ed9,SP,presidente prudente,12,0,0.0,0.0,0.7801435185185185,7.1884143518518515,7.96546199845679,4.25,1804.6000000000001,292.76,2.7755575615628914e-17,0.24249400665524085,False,False,0.06850149692735963
62c50c1af4dfdc4149d25c5222043d39,SP,sao paulo,12,0,0.0,0.16666666666666666,3.8032175925925924,8.131507523148148,12.141128472222222,4.083333333333333,2325.83,281.95,2.7755575615628914e-17,0.24249400665524085,False,False,0.06850149692735963
8602a61d680a10a82cceeeda0d99ea3d,SP,sao paulo,12,0,0.0,0.08333333333333333,2.076676311728395,6.616822916666667,8.732926311728395,4.583333333333333,651.99,194.23000000000002,2.7755575615628914e-17,0.24249400665524085,False,False,0.06850149692735963
8ff1a9df749e454105c55cda13e79143,SP,marilia,12,0,0.0,0.08333333333333333,4.071028163580247,7.894358603395062,12.60057388117284,4.0,1240.7,250.92,2.7755575615628914e-17,0.24249400665524085,False,False,0.06850149692735963
968268a686aa05d1f529fb07dff08130,SP,sao paulo,12,0,0.0,0.0,1.7276359953703704,7.263198302469135,9.403155864197531,3.5,4677.29,203.55,2.7755575615628914e-17,0.24249400665524085,False,False,0.06850149692735963
985c92cc412091f8529c12d7f23d3fef,MG,sao joao del rei,12,0,0.0,0.0,1.5772993827160493,5.895599922839506,7.550009645061729,4.75,1368.5,238.13,2.7755575615628914e-17,0.24249400665524085,False,False,0.06850149692735963
abc015ebac1d283a323ca9db35ede4b9,SP,ribeirao preto,12,0,0.0,0.0,1.3618265993265994,8.688554205246914,10.813035300925925,4.416666666666667,1106.8,222.85000000000002,2.7755575615628914e-17,0.24249400665524085,False,False,0.06850149692735963
c510bc1718f0f2961eaa42a23330681a,SP,indaiatuba,12,0,0.0,0.0,1.33615625,5.327205825617284,6.957580054012346,4.25,10141.0,710.45,2.7755575615628914e-17,0.24249400665524085,False,False,0.06850149692735963
cfd7ddab722b902f7ac5b5f3ba6d723d,MG,contagem,12,0,0.0,0.0,0.8369013047138048,4.5740769675925925,5.445188078703704,4.75,3385.0299999999997,673.0799999999999,2.7755575615628914e-17,0.24249400665524085,False,False,0.06850149692735963
d6ab728cf30867cf3f1a2e216ae2f9b7,SP,sao paulo,12,0,0.0,0.08333333333333333,1.6487114197530863,8.868977623456791,10.844957561728394,4.416666666666667,2002.0,231.82,2.7755575615628914e-17,0.24249400665524085,False,False,0.06850149692735963
d93844a9c55ba7ce353388bcf849ea56,PR,curitiba,12,0,0.0,0.4166666666666667,5.582000385802469,10.635413773148148,16.796326195987657,4.25,2708.5,521.02,2.7755575615628914e-17,0.24249400665524085,False,False,0.06850149692735963
da6a60cc8cc724fe51be021ff8be779c,RJ,sao pedro da aldeia,12,0,0.0,0.0,2.057734375,5.74782600308642,7.834971064814815,4.75,728.79,255.79,2.7755575615628914e-17,0.24249400665524085,False,False,0.06850149692735963
df91910b6a03bb2e3358fa6a35e32f6f,SP,sao paulo,12,0,0.0,0.0,2.371644570707071,6.776079282407408,9.354301697530865,4.75,1873.3,332.61,2.7755575615628914e-17,0.24249400665524085,False,False,0.06850149692735963
e1dc0754bada9ee4cfe9713f22f61292,RJ,duque de caxias,12,0,0.0,0.0,0.8247022306397306,7.083901427469136,8.281831597222222,3.8333333333333335,885.0,264.78,2.7755575615628914e-17,0.24249400665524085,False,False,0.06850149692735963
e256a62e0ac58c0edfba09966142d561,PR,curitiba,12,0,0.0,0.08333333333333333,1.7018907828282828,5.849120370370371,7.894560185185185,4.416666666666667,1474.1100000000001,335.44,2.7755575615628914e-17,0.24249400665524085,False,False,0.06850149692735963
e2c92f9c1c7746d899d18f2e158bbff7,SP,sao jose do rio preto,12,0,0.0,0.0,0.9302504208754209,8.157752700617284,9.151562499999999,4.583333333333333,1641.9,314.4,2.7755575615628914e-17,0.24249400665524085,False,False,0.06850149692735963
f52c2422904463fdd7741f99045fecb6,SP,santo andre/sao paulo,12,0,0.0,0.08333333333333333,1.3761952861952862,4.206097608024691,5.673889853395061,4.25,567.79,177.01,2.7755575615628914e-17,0.24249400665524085,False,False,0.06850149692735963
08084d990eb3f53af056ccbc1730c8a7,SP,sao paulo,11,0,0.0,0.2727272727272727,3.6447969276094274,4.826432028619529,8.628722643097644,4.4,343.4,203.53,0.0,0.2588329669680317,False,False,0.06850149692735963
141440cad9341e553f8401c574a2aa38,PR,pitanga,11,0,0.0,0.0,1.2004965277777777,5.374867424242424,6.661177398989898,4.454545454545454,1288.2,290.8,0.0,0.2588329669680317,False,False,0.06850149692735963
2c4c47cb51acd5ea5db5e0ae0e26542a,SP,buritama,11,0,0.0,0.09090909090909091,2.028579545454545,8.293665824915825,10.807902988215488,4.636363636363637,2430.8999999999996,319.87,0.0,0.2588329669680317,False,False,0.06850149692735963
3f8034bfc6b8b4135534975d49f04c63,PR,curitiba,11,0,0.0,0.0,1.4003577441077442,9.175613425925926,10.890319865319865,4.0,1273.9,249.03,0.0,0.2588329669680317,False,False,0.06850149692735963
403aa86912527d730337ffcb0fb096ab,MG,belo horizonte,11,0,0.0,0.09090909090909091,2.701599326599327,7.593584806397306,10.995046296296296,4.0,8959.89,204.62,0.0,0.2588329669680317,False,False,0.06850149692735963
41ab63a91b8b264e8c8780368bf1dd5b,MG,belo horizonte,11,0,0.0,0.09090909090909091,7.629104587542088,9.269703282828283,17.264969486531985,4.545454545454546,2452.95,297.87,0.0,0.2588329669680317,False,False,0.06850149692735963
596849622429351f47b32e6cae1055ff,SP,mogi das cruses,11,0,0.0,0.09090909090909091,1.1136752946127946,4.560047348484849,5.847595749158248,4.6,1005.0,144.67,0.0,0.2588329669680317,False,False,0.06850149692735963
5b51032eddd242adc84c38acab88f23d,MG,borda da mata,11,0,0.0,0.0,3.0313531144781147,7.812509469696969,11.356486742424241,4.2727272727272725,2512.0,231.53,0.0,0.2588329669680317,False,False,0.06850149692735963
659e8466eb3ff1b0e8740d74fb7bbedd,BA,eunapolis,11,0,0.0,0.0,1.5634974747474748,7.582029671717172,9.260814393939393,4.363636363636363,1486.8,393.2,0.0,0.2588329669680317,False,False,0.06850149692735963
670a9dda115b5a88b18cfadee8de2332,SP,ribeirao preto,11,0,0.0,0.0,2.4148483796296296,9.46321654040404,12.298190235690235,4.454545454545454,918.9000000000001,183.09,0.0,0.2588329669680317,False,False,0.06850149692735963
6d22a1fcebb6dd08c9cd90b92a93e8d0,SC,joinville,11,0,0.0,0.18181818181818182,2.8892119107744105,12.996041666666667,16.226758207070706,4.363636363636363,688.8,211.12,0.0,0.2588329669680317,False,False,0.06850149692735963
77fccaae319668a8ab6cd0fd16aec48c,RJ,campos dos goytacazes,11,0,0.0,0.18181818181818182,1.389138888888889,7.512472643097643,9.411440446127946,4.454545454545454,1667.0,221.44,0.0,0.2588329669680317,False,False,0.06850149692735963
788e857f317e53de488d393e65a80f45,SP,sao paulo,11,0,0.0,0.0,1.4423295454545455,5.410995370370371,7.407333754208754,4.909090909090909,1210.0,184.95000000000002,0.0,0.2588329669680317,False,False,0.06850149692735963
7a2d2949aea47fab95fd98d6c9f618b1,PR,curitiba,11,0,0.0,0.0,1.6900904882154881,8.65988531144781,10.44878787878788,4.2727272727272725,1638.99,211.24,0.0,0.2588329669680317,False,False,0.06850149692735963
817f85dbb65aa3e70831d90fe75cdf89,SP,tiete,11,0,0.0,0.5454545454545454,14.378231271043772,3.448249158249159,18.119800084175083,4.545454545454546,1552.27,231.62,0.0,0.2588329669680317,False,False,0.06850149692735963
89f69225956f951295ca4c7fb1266553,RJ,vassouras,11,0,0.0,0.09090909090909091,2.139523358585859,7.28955281986532,9.72122159090909,4.2727272727272725,1041.3,277.41,0.0,0.2588329669680317,False,False,0.06850149692735963
9803a40e82e45418ab7fb84091af5231,GO,rio verde,11,0,0.0,0.09090909090909091,3.101717171717172,12.233285984848486,15.639769570707072,3.727272727272727,4278.75,512.63,0.0,0.2588329669680317,False,False,0.06850149692735963
a23266650e7c84bb93fbbba502137478,RS,porto alegre,11,0,0.0,0.0,1.8203209175084176,9.305749158249158,11.293031355218856,3.8181818181818183,1512.4,279.03999999999996,0.0,0.2588329669680317,False,False,0.06850149692735963
b080809eaacb49e5ca07290981472431,MG,belo horizonte,11,0,0.0,0.18181818181818182,3.700884890572391,6.684705387205387,10.537906144781145,4.818181818181818,424.0,143.4,0.0,0.2588329669680317,False,False,0.06850149692735963
c9a06ece156bb057372c68718ec8909b,DF,brasilia,11,0,0.0,0.2727272727272727,2.649837962962963,8.451454124579124,11.487320075757577,3.3636363636363638,3849.0,432.96000000000004,0.0,0.2588329669680317,False,False,0.06850149692735963
d1c7fa84e48cfa21a0e595167c1c500e,RS,jacutinga,11,0,0.0,0.0,1.8598431069958847,10.23858691077441,12.296719276094274,4.545454545454546,1121.18,287.87,0.0,0.2588329669680317,False,False,0.06850149692735963
d4910f1cdcfdabd48d6b316e395d4a23,SP,santo andre,11,0,0.0,0.0,2.043199074074074,3.6300420875420873,6.125251473063972,4.909090909090909,1146.88,215.04,0.0,0.2588329669680317,False,False,0.06850149692735963
d4e4b5192cba4e0e66eb12a9d347239d,PR,toledo,11,0,0.0,0.0,2.8339372895622894,10.197160143097644,13.376001683501682,4.454545454545454,431.9,193.5,0.0,0.2588329669680317,False,False,0.06850149692735963
d4ffeb15b67e81ff9af2b4252d99fb7e,SP,atibaia,11,0,0.0,0.0,1.45475,7.560635521885522,9.353339646464645,4.3,1400.4,324.41,0.0,0.2588329669680317,False,False,0.06850149692735963
f08a5b9dd6767129688d001acafc21e5,RS,porto alegre,11,0,0.0,0.2727272727272727,5.294925294612795,11.159361321548822,18.870517676767676,4.2727272727272725,14069.630000000001,496.11,0.0,0.2588329669680317,False,False,0.06850149692735963
f0e103c63864d5405b958d984b6e94c9,SP,osasco,11,0,0.0,0.0,1.1893928872053872,7.205203072390572,8.819280303030304,4.7272727272727275,951.7,149.71,0.0,0.2588329669680317,False,False,0.06850149692735963
ff4e2d38692ce827b1a4f4b8196e680d,SP,sao paulo,11,0,0.0,0.09090909090909091,2.892221064814815,5.9760079966329975,9.210698653198653,4.2727272727272725,518.9,150.28,0.0,0.2588329669680317,False,False,0.06850149692735963
01bcc9d254a0143f0ce9791b960b2a47,GO,uruacu,10,0,0.0,0.0,1.1218761574074074,11.127070601851852,12.787733796296298,4.4,1393.21,251.48,0.0,0.2775327998628892,False,False,0.06850149692735963
08d0949a9a17c027262db1f3c450c26c,PR,cascavel,10,0,0.0,0.3,4.546315972222223,9.539061342592593,14.291883101851852,4.0,280.0,196.23000000000002,0.0,0.2775327998628892,False,False,0.06850149692735963
0ff83046c3fa22efee8ecf291888b191,RS,caxias do sul,10,0,0.0,0.2,3.5765081018518514,8.65532638888889,12.543672453703703,4.8,768.9000000000001,254.48000000000002,0.0,0.2775327998628892,False,False,0.06850149692735963
1b1ae47a313a825a7ccceb8e2e30fa9d,PR,bocaiuva do sul,10,0,0.0,0.1,2.6396898148148145,7.824108796296296,10.654221064814815,4.222222222222222,2184.0,229.37,0.0,0.2775327998628892,False,False,0.06850149692735963
226b05fe067266c59c15dae208213d06,PR,curitiba,10,0,0.0,0.0,1.217929398148148,8.663350694444444,9.978346064814815,4.5,1056.9,188.68,0.0,0.2775327998628892,False,False,0.06850149692735963
2d42ebcda99fd55f6f4bc2f1ca035d50,GO,uruacu,10,0,0.0,0.2,1.2581793981481482,8.047079861111111,9.604912037037037,4.3,921.5,282.47,0.0,0.2775327998628892,False,False,0.06850149692735963
2f4b0d3b9634b647d4edee577d7ebb7e,SP,sao paulo,10,0,0.0,0.1,3.740045138888889,2.0435439814814815,6.147945601851852,4.9,337.9,84.41,0.0,0.2775327998628892,False,False,0.06850149692735963
334cab711dee080b079fa5779b584783,SP,santo andre,10,0,0.0,0.0,0.961121238425926,7.10887037037037,8.731944444444444,4.9,822.0,293.03999999999996,0.0,0.2775327998628892,False,False,0.06850149692735963
3969863bb8af7f72580b3b1ffd3a17b3,SP,sao paulo,10,0,0.0,0.6,4.852387731481481,4.962314814814815,10.00020949074074,4.3,528.26,151.42000000000002,0.0,0.2775327998628892,False,False,0.06850149692735963
3d2531eccfbde1d7c8db7a3a12fb267a,MG,contagem,10,0,0.0,0.1,2.106474537037037,7.118265046296297,9.996932870370369,4.222222222222222,1999.54,213.06,0.0,0.2775327998628892,False,False,0.06850149692735963
41b86b552e54e3a7009596125aa8b167,SP,sao paulo,10,0,0.0,0.0,1.9019675925925927,11.788063657407408,13.90882175925926,4.3,1595.3000000000002,234.61,0.0,0.2775327998628892,False,False,0.06850149692735963
431050a06a317f2b38168dec3dcd2b46,SP,sao paulo,10,0,0.0,0.0,2.648414351851852,6.428288194444444,8.922488425925925,4.5,1370.0,206.15,0.0,0.2775327998628892,False,False,0.06850149692735963
47efca563408aae19bb7206c2d969ea9,PI,teresina,10,0,0.0,0.0,1.6255590277777778,12.004769675925925,13.91796875,4.3,2088.0,369.27,0.0,0.2775327998628892,False,False,0.06850149692735963
5075aaa8404020ae6aa8bf4792099b41,MG,pocos de caldas,10,0,0.0,0.2,4.1260763888888885,7.585146990740741,11.988199074074073,3.9,1572.88,299.27,0.0,0.2775327998628892,False,False,0.06850149692735963
512d298ac2a96d1931b6bd30aa21f61d,RJ,rio de janeiro,10,0,0.0,0.0,1.6761446759259258,7.5581875,9.876746527777778,4.6,7352.04,304.5,0.0,0.2775327998628892,False,False,0.06850149692735963
54583ab379489add547fe47b628db589,SP,sao bernardo do campo,10,0,0.0,0.0,1.2229895833333333,3.6643599537037033,5.116539351851852,4.8,2240.0,151.07999999999998,0.0,0.2775327998628892,False,False,0.06850149692735963
59cea8e446d3834393058e7e0666b6fb,PR,maringa,10,0,0.0,0.0,1.4613958333333332,5.4676377314814815,7.272856481481481,4.6,696.6,204.54,0.0,0.2775327998628892,False,False,0.06850149692735963
5f26c1408a65b42a7224cd463bdf3292,PR,arapongas,10,0,0.0,0.0,0.9802835648148148,5.422802083333333,6.427893518518519,4.8,1139.8,217.29,0.0,0.2775327998628892,False,False,0.06850149692735963
63a79f5a7eb5cb48a7e5787b141c7993,MG,patos de minas,10,0,0.0,0.1,2.557181069958848,3.621686342592592,6.564392361111112,4.5,726.1,184.25,0.0,0.2775327998628892,False,False,0.06850149692735963
6806dad1da97bfb5a9038eac6881f706,PR,guaratuba,10,0,0.0,0.1,2.7648877314814815,13.65532523148148,16.814755787037036,3.95,1477.0,306.26,0.0,0.2775327998628892,False,False,0.06850149692735963
68f86ba270525243e68ae74044f992b9,RJ,rio de janeiro,10,0,0.0,0.0,1.4649027777777779,8.513832175925925,10.094481481481482,4.5,777.5,186.7,0.0,0.2775327998628892,False,False,0.06850149692735963
6bbcb8924baf70b7fe2fe2097e8cd407,SC,blumenau,10,0,0.0,0.0,1.2962858796296297,10.366282407407407,12.088065972222221,4.5,2382.5,264.33,0.0,0.2775327998628892,False,False,0.06850149692735963
6f83d9e4da896daae20b9b6b2d3ff8d2,PR,pinhalao,10,0,0.0,0.2,3.2370439814814818,7.947554398148148,11.365663194444444,4.7,685.29,208.37,0.0,0.2775327998628892,False,False,0.06850149692735963
8603f0038fe0e52fedd3382d266723de,SC,garopaba,10,0,0.0,0.2,12.633465277777777,8.222627314814815,21.26354513888889,4.4,2355.0,490.12,0.0,0.2775327998628892,False,False,0.06850149692735963
89a51f50b8095ea78d5768f34c13a76f,DF,brasilia,10,0,0.0,0.0,1.1612919560185184,5.866087962962963,7.424040509259259,4.7,677.16,177.1,0.0,0.2775327998628892,False,False,0.06850149692735963
9c690ceacd5c66731bf443ea810195cb,MG,camanducaia,10,0,0.0,0.0,1.4161180555555555,5.956508101851852,7.593199074074074,4.3,871.8,249.22,0.0,0.2775327998628892,False,False,0.06850149692735963
a369d693961cb93b61ca2cc518872a85,SP,sao jose do rio preto,10,0,0.0,0.2,3.0004560185185185,7.53592824074074,10.975063657407407,4.2,2389.0,573.85,0.0,0.2775327998628892,False,False,0.06850149692735963
aac51c486b672a9850d59f3e84b1cf88,SP,sao paulo,10,0,0.0,0.0,1.1994444444444443,3.442876157407407,4.651243055555556,4.8,728.28,131.29,0.0,0.2775327998628892,False,False,0.06850149692735963
acb6c2ca5c82411c1fdb88d5fd5eb95e,SP,sao paulo,10,0,0.0,0.3,3.7258414351851856,6.430434027777778,10.168471064814815,3.9,413.88,161.61,0.0,0.2775327998628892,False,False,0.06850149692735963
ade45994b717ccee333492330fbf037b,PR,umuarama,10,0,0.0,0.0,1.1672881944444444,7.16045949074074,8.410002314814815,4.5,7196.0,283.63,0.0,0.2775327998628892,False,False,0.06850149692735963
b16d3dadc47d4eb18be3d88bad0775ce,RS,estancia velha,10,0,0.0,0.0,1.999753086419753,4.247168981481481,6.42946875,4.3,722.1,178.44,0.0,0.2775327998628892,False,False,0.06850149692735963
b9a03475e6447e631b6799ec8274800f,PR,formosa do oeste,10,0,0.0,0.0,0.6027280092592593,9.570241898148149,10.848541666666666,4.2,1349.1,294.98,0.0,0.2775327998628892,False,False,0.06850149692735963
cb6c9f5888a7a090c75beaf615925792,ES,vila velha,10,0,0.0,0.0,0.8645034722222222,9.581217592592592,10.676763888888889,4.1,749.94,221.24,0.0,0.2775327998628892,False,False,0.06850149692735963
cbf09e831b0c11f6f23ffb51004db972,SP,sbc/sp,10,0,0.0,0.0,1.8098443930041153,3.4971284722222222,5.281611111111111,4.4,1535.2,280.2,0.0,0.2775327998628892,False,False,0.06850149692735963
d1b9d4be4b6f9ebd85f8acd6745ba612,MG,nova lima,10,0,0.0,0.1,4.002001157407408,6.808086805555556,11.264960648148149,4.5,1040.2,173.2,0.0,0.2775327998628892,False,False,0.06850149692735963
e627629ba868740e287800f1a9be81c2,SP,sao paulo,10,0,0.0,0.0,1.7260405092592592,4.375103009259259,6.4857199074074074,4.9,317.2,108.8,0.0,0.2775327998628892,False,False,0.06850149692735963
e9c6969d40e6a3d2d0f90013165c2b98,SP,sao paulo,10,0,0.0,0.0,1.5070704732510287,7.050619212962962,9.087366898148149,4.4,5239.98,242.0,0.0,0.2775327998628892,False,False,0.06850149692735963
ffad1e7127fb622cb64a900751590acd,SP,americana,10,0,0.0,0.1,2.571704861111111,4.868290509259259,7.6742789351851854,4.8,884.3,206.53,0.0,0.2775327998628892,False,False,0.06850149692735963
01c97ebb5cdac52891c0ed1c37ba0012,SP,catanduva,9,0,0.0,0.0,0.9729488168724281,12.608106995884775,13.929164094650206,4.222222222222222,577.5,178.5,0.0,0.2991450484195441,False,False,0.06850149692735963
039b29ff3b3473435d0cd59040575de9,SP,ribeirao pires,9,0,0.0,0.0,3.9871823559670787,4.984906121399177,9.107943672839506,4.444444444444445,114.9,100.65,0.0,0.2991450484195441,False,False,0.06850149692735963
05a940b4ecae36cadfd8e93bd9c43257,GO,goiania,9,0,0.0,0.1111111111111111,3.4087397119341563,10.59411651234568,14.254607767489713,4.222222222222222,695.1,169.0,0.0,0.2991450484195441,False,False,0.06850149692735963
0b18d63d0cd1d723567903fd34a07df2,SP,sp,9,0,0.0,0.0,1.7413413065843621,4.975609567901234,7.111788837448559,4.777777777777778,1678.1399999999999,265.89,0.0,0.2991450484195441,False,False,0.06850149692735963
0bebbb2cea103a4a020c95d43fd7d754,SP,sao paulo,9,0,0.0,0.0,1.498227237654321,4.891084104938272,5.9149704218106995,4.888888888888889,1367.2,147.14000000000001,0.0,0.2991450484195441,False,False,0.06850149692735963
0ddefe3c7a032b91f4e25b9c3a08fca1,SP,sao bernardo do campo,9,0,0.0,0.0,2.2130388374485594,5.284485596707819,7.80940072016461,4.555555555555555,402.9,150.0,0.0,0.2991450484195441,False,False,0.06850149692735963
134a288e7de827ec5ec62e3ec9c3a295,SP,sao paulo,9,0,0.0,0.0,0.7249292695473251,7.746661522633746,9.450118312757203,4.777777777777778,877.45,126.55,0.0,0.2991450484195441,False,False,0.06850149692735963
1acde099eb406aa220b1169b188b42da,SP,sao paulo,9,0,0.0,0.0,1.6066216563786009,10.066724537037038,12.07942772633745,4.222222222222222,311.1,147.4,0.0,0.2991450484195441,False,False,0.06850149692735963
1bb3812d5f0747a3ab7348f199001a10,SP,sao paulo,9,0,0.0,0.2222222222222222,3.2826941872427984,8.802883230452675,12.761235853909463,4.888888888888889,834.4000000000001,215.17,0.0,0.2991450484195441,False,False,0.06850149692735963
1e483cc5c76fef08d3ca05f9a8af7d01,SP,sao paulo,9,0,0.0,0.1111111111111111,2.5794945987654323,5.62181841563786,8.48593492798354,4.444444444444445,166.09,102.28,0.0,0.2991450484195441,False,False,0.06850149692735963
2fdde51ad3e12f297da656d4fbd5d0b5,SC,joinville,9,0,0.0,0.0,2.276518775720165,12.654390432098767,15.266977880658438,4.777777777777778,5803.0,551.92,0.0,0.2991450484195441,False,False,0.06850149692735963
33d677f27a69b84051204ee4ae76eaca,SC,joinville,9,0,0.0,0.1111111111111111,2.70312628600823,5.73275720164609,8.826325874485597,4.555555555555555,165.0,173.49,0.0,0.2991450484195441,False,False,0.06850149692735963
3c3017960b2dbd72711a61f0400aab8f,SC,jaragua do sul,9,0,0.0,0.0,0.736318158436214,11.361378600823045,12.523006687242798,3.888888888888889,878.9000000000001,228.72,0.0,0.2991450484195441,False,False,0.06850149692735963
3f0e48d209018b466fcd3bb4ccfeb520,PR,curitiba,9,0,0.0,0.0,1.3190483539094648,8.015833333333333,9.594345421810699,3.888888888888889,5399.0,255.79999999999998,0.0,0.2991450484195441,False,False,0.06850149692735963
402916f742e5c740cc751493d9cf5053,MG,guanhaes,9,0,0.0,0.0,0.9733391203703704,5.403333333333332,6.386786265432098,4.666666666666667,1252.0,226.43,0.0,0.2991450484195441,False,False,0.06850149692735963
457fe919b032a3f7dadba6fb92cf7855,SP,paulinia,9,0,0.0,0.0,1.6960532407407407,3.7920550411522638,5.505036008230452,4.777777777777778,1104.89,141.22,0.0,0.2991450484195441,False,False,0.06850149692735963
525e75a6fb1454a2325ab1734bcec221,SP,barueri,9,0,0.0,0.0,0.6780336934156379,5.515916923868313,6.366539351851852,3.888888888888889,607.17,112.22,0.0,0.2991450484195441,False,False,0.06850149692735963
5c3460cd3e8a984382ae254e7dd20d9f,SP,sao jose do rio preto,9,0,0.0,0.0,1.2027147633744855,8.547893518518519,9.911150977366255,4.666666666666667,775.76,198.54,0.0,0.2991450484195441,False,False,0.06850149692735963
5ef131ac72773e5b3f6c0d63cf424657,SP,ribeirao preto,9,0,0.0,0.0,1.430457175925926,4.133562242798354,6.229263117283951,4.444444444444445,510.78999999999996,230.47,0.0,0.2991450484195441,False,False,0.06850149692735963
5f7300535881cef3b625fd683cf7d145,RS,canoas,9,0,0.0,0.0,1.479764660493827,7.013506944444444,8.571499485596709,4.777777777777778,616.8100000000001,150.96,0.0,0.2991450484195441,False,False,0.06850149692735963
6b9b80d53ba3676eafe60268a810b5a1,SP,belo horizonte,9,0,0.0,0.1111111111111111,2.8812229938271603,9.105545267489711,12.04213220164609,4.222222222222222,783.7,157.51000000000002,0.0,0.2991450484195441,False,False,0.06850149692735963
6c99c983ce3b6ba0ab813e6790e81691,MG,uberlandia,9,0,0.0,0.0,0.7046397569444445,5.226058384773662,6.133632973251029,3.7777777777777777,546.75,205.76,0.0,0.2991450484195441,False,False,0.06850149692735963
6eb94e1466490d327a09abf8f3552a50,SP,jundiai,9,0,0.0,0.0,1.8720807613168722,6.007725051440329,8.174558899176954,4.75,1372.95,214.27,0.0,0.2991450484195441,False,False,0.06850149692735963
8c5e007d7bd5693fa1386ffefbc99f6c,SP,indaiatuba,9,0,0.0,0.0,2.0598292824074074,7.935688014403293,10.242138631687244,4.333333333333333,1029.11,378.3,0.0,0.2991450484195441,False,False,0.06850149692735963
8d46553a36e68f95350a200c12f8f2e2,SP,campinas,9,0,0.0,0.3333333333333333,12.03372170781893,5.3672543724279835,17.568221450617287,4.222222222222222,660.0,157.20999999999998,0.0,0.2991450484195441,False,False,0.06850149692735963
a0415d9b25ede3c4b1e477e9916ffc03,RJ,nova iguacu,9,0,0.0,0.1111111111111111,1.8680221193415636,6.752956532921811,8.927204218106997,4.222222222222222,3544.2,184.94,0.0,0.2991450484195441,False,False,0.06850149692735963
ae45df84722b1d15c5f32b23a095746c,SP,sao paulo,9,0,0.0,0.1111111111111111,0.7294560185185186,6.078077417695472,7.418199588477366,4.777777777777778,901.8299999999999,163.66,0.0,0.2991450484195441,False,False,0.06850149692735963
b2eecf5ea250510da76590ca79d60e5d,SP,sao paulo,9,0,0.0,0.0,1.335065586419753,4.428777006172839,6.1671476337448565,5.0,1060.0,153.15,0.0,0.2991450484195441,False,False,0.06850149692735963
c0098efcf800861dcae589affca31408,SP,ribeirao preto,9,0,0.0,0.1111111111111111,1.9357677469135801,9.243186728395061,11.417037037037037,4.777777777777778,1189.28,187.46,0.0,0.2991450484195441,False,False,0.06850149692735963
c5f7e746b7e6d07def6c0dae9903279b,PR,curitiba,9,0,0.0,0.0,1.0398726851851852,4.137911522633745,5.663479938271605,4.555555555555555,1380.0,213.48000000000002,0.0,0.2991450484195441,False,False,0.06850149692735963
c64a2aec32cc408a8a4c6d7c46017f91,RS,imbe,9,0,0.0,0.5555555555555556,6.5558294753086415,14.933650977366256,21.510210905349794,3.888888888888889,3221.5,406.67,0.0,0.2991450484195441,False,False,0.06850149692735963
c840d3fdbba0790404fdae73d253b253,PR,curitiba,9,0,0.0,0.1111111111111111,2.1174807098765434,9.531376028806584,12.156665380658435,3.5555555555555554,4522.280000000001,359.65,0.0,0.2991450484195441,False,False,0.06850149692735963
cac63f48c38cd7d002a7e846dcd99a23,SP,sumare,9,0,0.0,0.0,1.5900102880658435,4.657888374485597,6.687361111111111,4.777777777777778,784.1,117.76,0.0,0.2991450484195441,False,False,0.06850149692735963
cb9fb4ca75d7ba8437480e8dde64fe98,SP,sao paulo,9,0,0.0,0.0,1.3428999485596707,7.826197273662552,9.417282664609054,4.222222222222222,485.15999999999997,147.3,0.0,0.2991450484195441,False,False,0.06850149692735963
d29ba1220fb8634fa3a107e54497b8a4,SP,sao carlos,9,0,0.0,0.0,1.1941370884773663,5.102236368312757,6.488707561728395,3.2222222222222223,724.94,182.92000000000002,0.0,0.2991450484195441,False,False,0.06850149692735963
d9e8c084b68fe958861d8f2c21202e6b,SP,sao paulo,9,0,0.0,0.0,2.4779436728395066,6.876508487654322,10.330096450617283,4.333333333333333,3050.0,181.86,0.0,0.2991450484195441,False,False,0.06850149692735963
ea65d8b58316a6f2362f2a9e4b3e86ad,SP,campinas,9,0,0.0,0.1111111111111111,1.9302289094650205,6.445487397119342,8.413410493827161,4.0,2061.4,230.82,0.0,0.2991450484195441,False,False,0.06850149692735963
ea6b12bf9ffe2bac34602ec631d97a47,SP,guarulhos,9,0,0.0,0.0,10.822830504115226,5.526586934156379,16.563964763374486,4.333333333333333,1047.3,154.89,0.0,0.2991450484195441,False,False,0.06850149692735963
ef30892870c278497523264be1be2241,SP,araraquara,9,0,0.0,0.0,1.6303587962962962,6.438004115226338,8.079983281893004,4.555555555555555,783.2,109.33999999999999,0.0,0.2991450484195441,False,False,0.06850149692735963
f12d3c2a14729ae461b920c11fe20fdc,SP,santo andre,9,0,0.0,0.0,1.4450839120370371,3.488707561728395,5.310752314814815,4.444444444444445,364.45,94.87,0.0,0.2991450484195441,False,False,0.06850149692735963
f326006815956455b2859abd58fe7e39,SP,fernandopolis,9,0,0.0,0.0,1.5635583847736627,10.918005401234568,12.90150591563786,4.666666666666667,3147.16,666.02,0.0,0.2991450484195441,False,False,0.06850149692735963
f435898e493ba0356019a0b1cb8b55b1,PR,curitiba,9,0,0.0,0.0,0.8570961934156378,9.64261316872428,10.879791666666668,4.555555555555555,593.76,201.8,0.0,0.2991450484195441,False,False,0.06850149692735963
f44b6f775a2b390380e0e30b5c9d3eee,SP,sao paulo,9,0,0.0,0.1111111111111111,2.6142399691358027,6.127478137860082,8.947255658436212,4.888888888888889,2631.0,249.47,0.0,0.2991450484195441,False,False,0.06850149692735963
fac1a9017ade7bdc94058fc1c969f355,SP,sao paulo,9,0,0.0,0.0,1.3428870884773663,6.108809156378602,7.714949845679012,4.666666666666667,2010.84,212.07,0.0,0.2991450484195441,False,False,0.06850149692735963
fb3cfbc8a86f5d7fbb4d36b8df63f60d,RJ,rio de janeiro,9,0,0.0,0.0,1.3102271412037036,5.908903034979423,7.760724022633744,4.333333333333333,937.4,183.48,0.0,0.2991450484195441,False,False,0.06850149692735963
fec6275253471ace26d209bbaa64cd0f,RJ,nova friburgo,9,0,0.0,0.1111111111111111,2.4065753600823045,11.332644032921811,14.156984310699588,4.555555555555555,2840.0,355.66999999999996,0.0,0.2991450484195441,False,False,0.06850149692735963
014d9a685fd57276679edd00e07089e5,PR,maringa,8,0,0.0,0.125,2.4810734953703704,6.767572337962963,9.360496238425926,4.5,519.91,139.72,0.0,0.32440756488388023,False,False,0.06850149692735963
034b9387752bfa309f350a70cd45ffa3,SC,blumenau,8,0,0.0,0.0,1.5124363425925926,6.269021990740741,8.508582175925927,4.5,96.0,144.26,0.0,0.32440756488388023,False,False,0.06850149692735963
07017df32dc5f2f1d2801e579548d620,PB,joao pessoa,8,0,0.0,0.0,1.5765075231481482,7.992388599537037,10.079266493055556,4.0,946.49,181.75,0.0,0.32440756488388023,False,False,0.06850149692735963
10ff823eda2b032e2c93d17a7d294736,SP,pederneiras,8,0,0.0,0.0,2.0751605902777777,7.490169270833333,9.76951244212963,4.25,1144.98,147.88,0.0,0.32440756488388023,False,False,0.06850149692735963
13c2ed7698b3ca92dad49e849219da59,PR,ponta grossa,8,0,0.0,0.0,1.8842549189814815,8.884424189814816,10.88997974537037,4.375,498.61,154.68,0.0,0.32440756488388023,False,False,0.06850149692735963
1996942dc085d7773ba77a529b163cd0,SP,pradopolis,8,0,0.0,0.125,2.374324363425926,8.453398437499999,10.96158130787037,4.625,2164.54,175.69,0.0,0.32440756488388023,False,False,0.06850149692735963
26af45f5dfd967225a832838aa4e24a3,PR,curitiba,8,0,0.0,0.0,1.8191116898148147,8.337533275462963,10.198140914351852,3.875,505.3,137.49,0.0,0.32440756488388023,False,False,0.06850149692735963
293dee954235e4e4e43f129313625ebe,DF,brasilia,8,0,0.0,0.0,1.5847916666666668,12.155907118055556,14.440222800925927,5.0,1778.92,240.3,0.0,0.32440756488388023,False,False,0.06850149692735963
297d5eccd19fa9a83b2630071ff105e4,PR,curitiba,8,0,0.0,0.0,0.9020413773148148,5.290475983796297,6.882055844907407,5.0,834.97,141.76,0.0,0.32440756488388023,False,False,0.06850149692735963
32fdd5d44ecb43dfd6a24b9369eca144,MG,carmo do cajuru,8,0,0.0,0.0,1.8362109375,13.486355613425925,16.070402199074074,4.375,479.2,138.68,0.0,0.32440756488388023,False,False,0.06850149692735963
3492e68f37fd1df87f4f2f2ea247f445,SP,salto,8,0,0.0,0.125,1.789269386574074,6.651727430555556,9.321517650462962,3.875,787.86,169.4,0.0,0.32440756488388023,False,False,0.06850149692735963
3a490ba60afa30ece0e7d50cfe74a4f0,MG,belo horizonte,8,0,0.0,0.0,1.2353125,10.672582465277777,11.933512731481482,4.625,1529.2,165.87,0.0,0.32440756488388023,False,False,0.06850149692735963
3d0cd21d41671c46f82cd11176bf7277,SC,joinville,8,0,0.0,0.0,3.4816594328703703,10.09103587962963,13.749700520833333,4.625,364.0,169.46,0.0,0.32440756488388023,False,False,0.06850149692735963
3d39fbf22a665714baf62fae36029e23,SP,campinas,8,0,0.0,0.125,2.2902806712962964,6.221357060185185,8.57480179398148,4.75,2504.2,130.63,0.0,0.32440756488388023,False,False,0.06850149692735963
3d621842b2ed28e2b474132480edac3c,SP,sao paulo,8,0,0.0,0.375,3.7286660879629627,5.83324363425926,9.898842592592594,4.625,873.9300000000001,123.21,0.0,0.32440756488388023,False,False,0.06850149692735963
3fac58ce0ad699020c7944d53c41329c,SP,sao paulo,8,0,0.0,0.125,2.918927951388889,2.1416362847222223,5.177954282407407,4.625,1015.07,149.55,0.0,0.32440756488388023,False,False,0.06850149692735963
404e1ba01358af4cd63f679b2c4d1fa1,MG,juiz de fora,8,0,0.0,0.0,2.3720109953703705,5.821861979166667,8.209917534722223,5.0,373.9,177.82999999999998,0.0,0.32440756488388023,False,False,0.06850149692735963
41b14765bd56c8ad10971074380f9c0c,SP,santo andre,8,0,0.0,0.125,1.6290525793650794,5.221760706018518,7.047965856481482,4.625,395.5,119.13000000000001,0.0,0.32440756488388023,False,False,0.06850149692735963
439a47cc365d6e3bd526812ea9de3c29,SP,mogi das cruzes,8,0,0.0,0.0,1.0804181134259259,5.820131655092593,7.241585648148148,4.25,1186.5,224.43,0.0,0.32440756488388023,False,False,0.06850149692735963
455c5640e8c5bd1b2ee85c0158f85727,SC,luiz alves,8,0,0.0,0.0,2.300372299382716,12.730102719907407,14.96896701388889,4.5,6729.5,457.39,0.0,0.32440756488388023,False,False,0.06850149692735963
48fb026ed7455a42f5d3e9390ed5088e,RJ,barra mansa,8,0,0.0,0.0,1.8748480902777778,10.66755931712963,12.885465856481481,3.125,416.83,164.07999999999998,0.0,0.32440756488388023,False,False,0.06850149692735963
4d0041cdbe51b4617d95c70b19decc74,MG,juiz de fora,8,0,0.0,0.0,1.4888917824074075,5.6240234375,7.155746527777778,4.5,5235.200000000001,230.29,0.0,0.32440756488388023,False,False,0.06850149692735963
508808d438fe2ff972ed13bb8f4a82e2,SP,sao paulo,8,0,0.0,0.0,1.036390335648148,2.9656481481481483,4.011468460648148,4.625,190.85,88.3,0.0,0.32440756488388023,False,False,0.06850149692735963
57fe6232e67823593374a2281d7a8af8,SP,capivari,8,0,0.0,0.0,0.9818938078703703,7.977860243055556,9.581882233796296,4.75,178.68,105.36,0.0,0.32440756488388023,False,False,0.06850149692735963
5e105f5c9f63f5f1fd75d6cb942e55b1,SP,sao jose do rio preto,8,0,0.0,0.0,1.0581221064814814,7.536870659722222,9.292110821759259,4.5,1471.9,273.83,0.0,0.32440756488388023,False,False,0.06850149692735963
67225bff54a172ff67579aaf583efd78,PA,marechal candido rondon,8,0,0.0,0.25,3.0522366898148148,9.954369212962963,13.427086226851852,4.5,1238.0,155.10999999999999,0.0,0.32440756488388023,False,False,0.06850149692735963
6b89abe95848c850399130d149a39b63,GO,piracanjuba,8,0,0.0,0.0,1.7439091435185186,8.648489583333333,11.262706886574074,4.375,1135.2,330.53,0.0,0.32440756488388023,False,False,0.06850149692735963
70b52a4cfc823994561b00bad161b4ed,SP,sao paulo,8,0,0.0,0.25,9.635668402777778,3.198560474537037,12.888871527777777,4.375,585.0,100.35,0.0,0.32440756488388023,False,False,0.06850149692735963
7b98de631987e26dd6d803490c43a13c,PR,loanda,8,0,0.0,0.0,1.8711328125,8.486870659722221,10.583616898148147,4.625,634.2,144.43,0.0,0.32440756488388023,False,False,0.06850149692735963
7bcd7c5f8631701474db233ccf1c094b,SP,sao paulo,8,0,0.0,0.25,5.106626157407407,9.119917534722223,14.234526909722222,4.375,419.0,132.04,0.0,0.32440756488388023,False,False,0.06850149692735963
8185694b58b2ba6de20fd41ae608bbea,SP,tabao da serra,8,0,0.0,0.125,3.0668851273148148,7.422866030092592,11.058253761574074,4.5,1372.3,230.26999999999998,0.0,0.32440756488388023,False,False,0.06850149692735963
89de2d6f23e9746ff309705b23581faa,PR,londrina,8,0,0.0,0.0,4.068869047619048,26.88599392361111,9.644796006944444,2.7142857142857144,340.0,160.08,0.0,0.32440756488388023,False,False,0.06850149692735963
8a9260f2b0340411d6d2a56bcf4f7378,MG,contagem,8,0,0.0,0.0,2.226161747685185,7.33828269675926,10.00283130787037,4.75,1256.0,140.94,0.0,0.32440756488388023,False,False,0.06850149692735963
8c0de775f52fe41590b376a3b7c50f68,SP,sumare,8,0,0.0,0.125,0.982472511574074,4.377296006944444,6.2137239583333335,4.25,594.8000000000001,112.72,0.0,0.32440756488388023,False,False,0.06850149692735963
9198786624eaeb375793215cad26cfa6,SC,rodeio,8,0,0.0,0.25,5.4990060763888895,6.771825810185185,12.971222511574075,4.0,854.4,198.3,0.0,0.32440756488388023,False,False,0.06850149692735963
a06c8ff043abea0528ee44171e2140a2,MG,divinopolis,8,0,0.0,0.0,0.6587977430555556,2.95822337962963,3.879386574074074,4.75,514.5,92.42999999999999,0.0,0.32440756488388023,False,False,0.06850149692735963
a1544b9ea0b2390e020537d4daa89049,SP,jundiai,8,0,0.0,0.0,1.8700245949074072,8.728292824074074,10.917319155092592,3.875,841.2,107.33,0.0,0.32440756488388023,False,False,0.06850149692735963
a2fa0bdc798ee84cdb08281337cf4fb6,SC,florianopolis,8,0,0.0,0.75,7.909176793981482,9.107935474537037,18.204419849537036,4.75,354.86,187.11,0.0,0.32440756488388023,False,False,0.06850149692735963
a36ac007a4d18f865c8d32c3b2402c2d,SP,barueri,8,0,0.0,0.125,3.5929600694444446,5.926481481481482,9.652709780092593,2.75,1229.79,161.17,0.0,0.32440756488388023,False,False,0.06850149692735963
a478c7961d6a992065b24e63b366f90b,SC,blumenau,8,0,0.0,0.125,1.8768576388888891,7.485341435185186,9.856011284722221,4.875,1281.5,170.06,0.0,0.32440756488388023,False,False,0.06850149692735963
a5259c149128e82c9d6d46e0c1c812bb,RO,ji parana,8,0,0.0,0.125,2.6856177662037037,16.325248842592593,19.34989728009259,3.875,1182.26,438.87,0.0,0.32440756488388023,False,False,0.06850149692735963
ae8bfdbf1c2a2a2dee92d799db0a31c6,PR,toledo,8,0,0.0,0.0,1.7956423611111112,7.071459780092592,8.8746875,4.125,339.92,146.22,0.0,0.32440756488388023,False,False,0.06850149692735963
b3f19518fcec265b2e97af287725f981,SP,tanabi,8,0,0.0,0.0,1.9249580439814813,8.355700231481482,10.665917245370371,4.375,444.92,124.88,0.0,0.32440756488388023,False,False,0.06850149692735963
b8114f2f589a6804810f04f99b36b498,SP,sao bernardo do campo,8,0,0.0,0.0,2.3129910714285713,2.685571469907407,4.987507233796296,4.75,1399.62,292.41,0.0,0.32440756488388023,False,False,0.06850149692735963
b81e3a6c866a764974fe849821abeebd,SP,maua,8,0,0.0,0.125,2.6028038194444445,3.175211226851852,6.141940104166666,4.625,836.1500000000001,216.86,0.0,0.32440756488388023,False,False,0.06850149692735963
b8578d2d823bd8e251f6fdd02b40902d,SC,blumenau,8,0,0.0,0.125,1.307913773148148,8.714982638888888,10.123227719907407,4.875,1223.7,218.54,0.0,0.32440756488388023,False,False,0.06850149692735963
bd149ed516d4c5d418d5781f8e18919f,SP,guarulhos,8,0,0.0,0.125,3.2997034143518515,5.000522280092593,8.387290219907408,4.875,414.0,141.94,0.0,0.32440756488388023,False,False,0.06850149692735963
c7a0a13cbcf29d5ce51c8f80afdc0b89,SC,laurentino,8,0,0.0,0.0,3.7789988425925927,7.077466724537037,10.866258680555555,4.125,483.08000000000004,174.72,0.0,0.32440756488388023,False,False,0.06850149692735963
c8cc60ffd415254af5d9b9f34f32c369,SP,sorocaba,8,0,0.0,0.0,1.1045182291666666,4.361728877314815,5.47861255787037,4.75,722.2,194.03,0.0,0.32440756488388023,False,False,0.06850149692735963
d94ba08b99bedd6a5f6c875ecc4a6fac,PR,apucarana,8,0,0.0,0.0,2.3964713541666667,9.787743055555556,12.503735532407408,4.75,539.1,161.6,0.0,0.32440756488388023,False,False,0.06850149692735963
dace965ca58120f92f8d742a9fa1864b,SP,sao paulo,8,0,0.0,0.125,2.3961400462962965,5.478914930555556,8.051372974537037,4.625,1442.0,131.77,0.0,0.32440756488388023,False,False,0.06850149692735963
daf565f087a52def0fd5c5825b3661bc,SC,brusque,8,0,0.0,0.0,1.650993923611111,7.575355902777778,9.657155671296296,3.857142857142857,764.0,268.62,0.0,0.32440756488388023,False,False,0.06850149692735963
ddd51ae8cda92f3995a51fc0f0f3eec7,RJ,rio de janeiro,8,0,0.0,0.0,1.3393898809523808,6.576222511574074,8.139163773148148,4.625,842.6999999999999,276.92,0.0,0.32440756488388023,False,False,0.06850149692735963
e0eabded302882513ced4ea3eb0c7059,SP,campinas,8,0,0.0,0.0,2.666589988425926,8.527099247685186,11.449202835648148,4.625,978.4000000000001,138.79,0.0,0.32440756488388023,False,False,0.06850149692735963
e88c9b79e592e370d6bd852eeefbf057,PR,pato branco,8,0,0.0,0.0,1.592455150462963,6.3197656250000005,8.435091145833333,4.75,251.87,142.10999999999999,0.0,0.32440756488388023,False,False,0.06850149692735963
eb72802c83dc7547529c9546d1a9b8ef,SP,rio claro,8,0,0.0,0.0,0.7698032407407407,5.333952546296296,6.2112832754629625,4.625,1063.92,117.71,0.0,0.32440756488388023,False,False,0.06850149692735963
ec933281fb017b5020d06df29c3f77e8,SP,sao paulo,8,0,0.0,0.0,2.2458145254629627,7.218233506944444,9.476841724537037,5.0,1432.0,230.85,0.0,0.32440756488388023,False,False,0.06850149692735963
f205b1a3ca9a34e0f8a228bae6e4c7b3,RS,cachoeirinha,8,0,0.0,0.0,0.8453385416666667,7.735299479166667,8.596142939814815,4.875,1088.0,396.9,0.0,0.32440756488388023,False,False,0.06850149692735963
f9903dd0f812c7e771fcad47b6fff231,SC,blumenau,8,0,0.0,0.375,7.07910300925926,8.044059606481483,15.25269386574074,3.375,1524.88,344.43,0.0,0.32440756488388023,False,False,0.06850149692735963
f9ec7093df3a7b346b7bcf7864069ca3,SP,sao paulo,8,0,0.0,0.0,1.588234126984127,2.8070370370370368,4.232161458333334,5.0,361.2,97.94,0.0,0.32440756488388023,False,False,0.06850149692735963
fe1b067411b8c5066e962aa146ccee03,SP,presidente prudente,8,0,0.0,0.125,2.3525708912037038,6.061294849537037,8.78437210648148,4.625,847.78,143.1,0.0,0.32440756488388023,False,False,0.06850149692735963
ff4ea69c2a729e83e63c7579e4ef8170,SP,guarulhos,8,0,0.0,0.0,1.5452502893518518,9.591414930555555,11.463975694444445,5.0,6368.0,159.82,0.0,0.32440756488388023,False,False,0.06850149692735963
ffff564a4f9085cd26170f4732393726,SP,campinas,8,0,0.0,0.125,7.017609953703703,5.075153356481481,12.49623263888889,3.25,359.0,115.35,0.0,0.32440756488388023,False,False,0.06850149692735963
06532f10282704ef4c69168b914b77be,PR,paincandu,7,0,0.0,0.0,2.5811673280423277,13.729575066137567,16.61554728835979,4.714285714285714,9827.95,632.8,5.551115123125783e-17,0.35433043506668743,False,False,0.06850149692735963
0951a6e282947e09cd47969f4ed0b47f,SP,taboao da serra,7,0,0.0,0.0,0.9116683201058201,3.655221560846561,4.719513888888889,4.857142857142857,492.3,88.02,5.551115123125783e-17,0.35433043506668743,False,False,0.06850149692735963
112453736dbe3889cfb74e1aaa0ba0c1,SP,sao paulo,7,0,0.0,0.2857142857142857,4.38078373015873,8.582650462962963,13.33525958994709,4.142857142857143,1890.0,264.77,5.551115123125783e-17,0.35433043506668743,False,False,0.06850149692735963
1b45169b635ef59425637e9a33eb5fb3,PR,maringa,7,0,0.0,0.0,2.7092542989417985,5.114171626984127,7.974323743386243,4.571428571428571,308.9,110.45,5.551115123125783e-17,0.35433043506668743,False,False,0.06850149692735963
2009a095de2a2a41626f6c6d7722678d,SP,sao jose do rio preto,7,0,0.0,0.0,0.9407142857142857,7.629656084656085,8.797577711640212,4.285714285714286,366.9,166.7,5.551115123125783e-17,0.35433043506668743,False,False,0.06850149692735963
26bad72add1f86e08a776ce4ffdaf1ca,SP,pedregulho,7,0,0.0,0.0,1.80255291005291,8.75650958994709,10.942886904761906,4.428571428571429,622.0,123.92,5.551115123125783e-17,0.35433043506668743,False,False,0.06850149692735963
2e0dba2da448400b1c11d7b4b22f32a4,SP,santo andre,7,0,0.0,0.0,1.8846478174603176,5.746944444444444,8.869021164021165,3.142857142857143,235.87,171.83,5.551115123125783e-17,0.35433043506668743,False,False,0.06850149692735963
2ff6b7bff164ef05590a52734e1296da,PR,londrina,7,0,0.0,0.0,1.7022205687830687,9.815643187830688,11.747468584656085,4.714285714285714,1803.59,151.53,5.551115123125783e-17,0.35433043506668743,False,False,0.06850149692735963
34f563c82a85b99ae9e6d60db5fc2e28,RS,campo bom,7,0,0.0,0.0,2.6992410714285713,7.758583002645502,10.867852182539682,4.714285714285714,2112.4,146.89999999999998,5.551115123125783e-17,0.35433043506668743,False,False,0.06850149692735963
38e6dada03429a47197d5d584d793b41,SP,sao paulo,7,0,0.0,0.14285714285714285,4.652238756613756,5.213885582010582,10.115011574074074,4.428571428571429,596.14,206.91,5.551115123125783e-17,0.35433043506668743,False,False,0.06850149692735963
3985a3c45be355a4c57fde108bfabd1c,RS,rolante,7,0,0.0,0.0,0.7271412037037036,9.985952380952382,11.443118386243386,4.0,344.2,172.0,5.551115123125783e-17,0.35433043506668743,False,False,0.06850149692735963
39d61be7a92eb77b7da367bd4845bc0e,SP,sao paulo,7,0,0.0,0.2857142857142857,3.876808862433862,6.356676587301587,10.782415674603174,4.0,700.59,209.03,5.551115123125783e-17,0.35433043506668743,False,False,0.06850149692735963
3ea00e1dea2b0659dbaf654735929220,PR,curitiba,7,0,0.0,0.0,1.952590939153439,8.48667824074074,11.446294642857143,4.857142857142857,505.0,144.97,5.551115123125783e-17,0.35433043506668743,False,False,0.06850149692735963
3f9c56764fabca627406093dcb3ef0b4,RJ,rio de janeiro,7,0,0.0,0.2857142857142857,2.5877943121693123,5.419836309523809,8.48726355820106,4.714285714285714,909.3000000000001,105.64999999999999,5.551115123125783e-17,0.35433043506668743,False,False,0.06850149692735963
3faf68a3b0af94b10bac70d86077be49,SP,holambra,7,0,0.0,0.0,9.677906746031747,6.263845899470899,16.159052579365078,4.571428571428571,1322.93,119.16,5.551115123125783e-17,0.35433043506668743,False,False,0.06850149692735963
4049512728d969bec69f84088b012416,MG,belo horizonte,7,0,0.0,0.0,2.5795965608465607,7.416643518518518,10.469077380952381,5.0,389.84,160.43,5.551115123125783e-17,0.35433043506668743,False,False,0.06850149692735963
48985c61529077fa4f1e38bcff0f2ed3,RS,porto alegre,7,0,0.0,0.0,0.9252314814814815,9.32183201058201,10.342812499999999,4.428571428571429,879.3000000000001,148.07,5.551115123125783e-17,0.35433043506668743,False,False,0.06850149692735963
49383af7ab774e4e8f3000f49c83dc4b,SP,taubate,7,0,0.0,0.0,2.67666832010582,4.774370039682539,7.822622354497355,4.571428571428571,605.0,219.37,5.551115123125783e-17,0.35433043506668743,False,False,0.06850149692735963
4cf490a58259286ada5ba8525ba9e84a,SP,tabatinga,7,0,0.0,0.2857142857142857,11.01626488095238,13.065033068783068,24.765550595238096,3.4285714285714284,1075.3,142.55,5.551115123125783e-17,0.35433043506668743,False,False,0.06850149692735963
4d600e08ecbe08258c79e536c5a42fee,PR,entre rios do oeste,7,0,0.0,0.14285714285714285,5.4122619047619045,7.268419312169312,12.936089616402116,4.428571428571429,3816.17,142.96,5.551115123125783e-17,0.35433043506668743,False,False,0.06850149692735963
4eb61f060e7dcc1d5a80d806c35cc541,SP,sao paulo,7,0,0.0,0.0,1.039633487654321,5.759512235449735,6.8063475529100534,3.857142857142857,1225.0,145.24,5.551115123125783e-17,0.35433043506668743,False,False,0.06850149692735963
5151aea44289d6c6b090ee31c2132508,SP,marilia,7,0,0.0,0.2857142857142857,7.1139632936507935,10.05121693121693,17.37599537037037,1.8333333333333333,1315.3,167.17,5.551115123125783e-17,0.35433043506668743,False,False,0.06850149692735963
52a52b9f656520e99716f5bc40f661c8,SP,sao carlos,7,0,0.0,0.14285714285714285,3.742141203703704,6.93442791005291,10.714502314814814,4.0,783.0999999999999,148.12,5.551115123125783e-17,0.35433043506668743,False,False,0.06850149692735963
54aa8463e87776b5612f4bdc4bd5d4de,MG,belo horizonte,7,0,0.0,0.14285714285714285,1.933204365079365,10.903516865079366,13.480618386243387,3.857142857142857,649.3,123.53,5.551115123125783e-17,0.35433043506668743,False,False,0.06850149692735963
55029529919c0123526150bd26ca8f20,MG,contagem,7,0,0.0,0.0,3.4715509259259263,5.124971891534392,8.695739087301588,4.714285714285714,453.95,134.88,5.551115123125783e-17,0.35433043506668743,False,False,0.06850149692735963
55dedd83e501d8248880557d9073cbfd,RJ,rio de janeiro,7,0,0.0,0.0,1.6459556878306878,3.0214847883597886,4.917848875661376,4.857142857142857,965.4000000000001,94.95,5.551115123125783e-17,0.35433043506668743,False,False,0.06850149692735963
5c030029b5916fed0986310385ec9009,SC,sao jose,7,0,0.0,0.0,0.8675887345679012,5.222880291005291,6.232266865079366,4.857142857142857,4164.4,915.5,5.551115123125783e-17,0.35433043506668743,False,False,0.06850149692735963
5fd924b4836098a5be0ecf81ba054ce0,SP,sao paulo,7,0,0.0,0.14285714285714285,1.2852430555555554,6.148845899470899,7.985335648148149,4.0,1148.8,135.54,5.551115123125783e-17,0.35433043506668743,False,False,0.06850149692735963
651fe66032c9520ee5587f694908040d,RS,alvorada,7,0,0.0,0.0,0.9694113756613757,5.64125,6.706140873015873,4.0,464.0,128.73,5.551115123125783e-17,0.35433043506668743,False,False,0.06850149692735963
6989574bd97d9773f10d232b6c07da59,PR,curitiba,7,0,0.0,0.14285714285714285,2.809902447089947,8.095130621693121,10.962650462962964,4.857142857142857,2478.3999999999996,321.1,5.551115123125783e-17,0.35433043506668743,False,False,0.06850149692735963
6da1992f915d77be95d7fa48b36904af,SP,sao paulo,7,0,0.0,0.0,2.812800925925926,6.065955687830688,9.04173115079365,4.0,261.0,122.66,5.551115123125783e-17,0.35433043506668743,False,False,0.06850149692735963
6e1862e15f33d9994bc25922a85e1efc,SP,rio claro,7,0,0.0,0.0,0.4939186507936508,2.7798776455026455,3.7872585978835978,4.428571428571429,668.49,110.83,5.551115123125783e-17,0.35433043506668743,False,False,0.06850149692735963
70bf57d811208f8923b41bbd499a67a4,SP,franco da rocha,7,0,0.0,0.14285714285714285,2.0334375000000002,2.7096263227513226,4.817481812169312,4.142857142857143,780.8000000000001,88.93,5.551115123125783e-17,0.35433043506668743,False,False,0.06850149692735963
7354220fb240bde543b3c40c060d41e7,DF,brasilia,7,0,0.0,0.14285714285714285,3.0798164682539686,7.492359457671958,11.098485449735449,4.571428571428571,672.0,165.13,5.551115123125783e-17,0.35433043506668743,False,False,0.06850149692735963
73b8eb4a9a729d4019b24ed1be748cbf,SP,campinas,7,0,0.0,0.0,1.1302854938271605,3.1436954365079366,4.136651785714286,4.857142857142857,568.9,86.6,5.551115123125783e-17,0.35433043506668743,False,False,0.06850149692735963
7ecef8194babfec876ca720714327841,SP,campinas,7,0,0.0,0.0,1.8489351851851852,8.283354828042329,10.141066468253968,4.285714285714286,990.5,123.76,5.551115123125783e-17,0.35433043506668743,False,False,0.06850149692735963
81783131d2a97c8d44d406a4be81b5d9,SP,sorocaba,7,0,0.0,0.14285714285714285,2.046016589506173,5.199441137566138,7.175694444444445,4.428571428571429,695.43,110.08,5.551115123125783e-17,0.35433043506668743,False,False,0.06850149692735963
86ff3eaef0267069cc891a2ed9d10a17,SC,palhoca,7,0,0.0,0.0,0.9620756172839506,7.420081018518518,8.963817791005292,4.714285714285714,409.75,140.61,5.551115123125783e-17,0.35433043506668743,False,False,0.06850149692735963
8f2b51a30523cdecddc2f179f351c7d6,SP,sao paulo,7,0,0.0,0.2857142857142857,3.983047288359788,8.695282738095239,13.126109457671959,4.142857142857143,1027.9,148.33,5.551115123125783e-17,0.35433043506668743,False,False,0.06850149692735963
9a1aea68d3efa00862ec88c0768037d0,SP,catanduva,7,0,0.0,0.0,2.3957175925925926,9.961241732804234,13.021289682539683,4.428571428571429,1309.2,192.51,5.551115123125783e-17,0.35433043506668743,False,False,0.06850149692735963
a414555ce331b8c8aea4a9cb8395194d,SP,sao paulo,7,0,0.0,0.0,2.1294576719576717,4.227091600529101,6.988583002645503,3.3333333333333335,1450.95,242.64,5.551115123125783e-17,0.35433043506668743,False,False,0.06850149692735963
ad273c9eb54ecb4532de4bf75bae9e4e,PR,curitiba,7,0,0.0,0.14285714285714285,4.076428571428571,9.302078373015872,13.950563822751322,4.571428571428571,468.0,107.8,5.551115123125783e-17,0.35433043506668743,False,False,0.06850149692735963
b274baf5bbd142410eb2958cf685d684,RS,montenegro,7,0,0.0,0.0,0.6406349206349207,5.553399470899471,6.354259259259259,4.285714285714286,585.9,148.67000000000002,5.551115123125783e-17,0.35433043506668743,False,False,0.06850149692735963
b67d6c666e8dce1d078c882825e12704,SP,sao paulo,7,0,0.0,0.0,2.0946990740740743,4.711947751322752,7.684325396825398,4.857142857142857,352.84,104.19,5.551115123125783e-17,0.35433043506668743,False,False,0.06850149692735963
b7ed9fb14c8eadb37adb9c45d67ab0fb,SP,jacarei,7,0,0.0,0.0,2.3067377645502645,10.157660383597884,12.563201058201058,3.2857142857142856,566.0,221.75,5.551115123125783e-17,0.35433043506668743,False,False,0.06850149692735963
bd4431c1a8dfa744b59e1e2a8bc99b9e,RJ,rio de janeiro,7,0,0.0,0.0,0.8065798611111111,6.226936177248676,7.122043650793651,4.571428571428571,809.5,204.09,5.551115123125783e-17,0.35433043506668743,False,False,0.06850149692735963
c03121937e54a93fcc1825c3098bbb6e,PR,curitiba,7,0,0.0,0.0,2.2853058862433864,8.80589947089947,11.15910052910053,5.0,1043.0,154.94,5.551115123125783e-17,0.35433043506668743,False,False,0.06850149692735963
c157bdeedcbc9a8e3c8bf0d87ff24428,SP,mairinque,7,0,0.0,0.0,2.2847982804232805,9.146225198412697,12.136866732804233,4.428571428571429,514.27,208.7,5.551115123125783e-17,0.35433043506668743,False,False,0.06850149692735963
c33a5c3c983090c8b78a28e65052a20d,SC,criciuma,7,0,0.0,0.0,1.323272156084656,11.044007936507937,12.428540013227513,4.571428571428571,489.30000000000007,110.05,5.551115123125783e-17,0.35433043506668743,False,False,0.06850149692735963
c447f8dd3ed213f291d65ef074a268eb,SP,assis,7,0,0.0,0.14285714285714285,3.906802248677249,6.498159722222222,11.032149470899471,3.7142857142857144,655.0,122.22999999999999,5.551115123125783e-17,0.35433043506668743,False,False,0.06850149692735963
c6218512d16fcac0af02fe92691cf274,MG,contagem,7,0,0.0,0.2857142857142857,4.762969576719577,10.337521494708994,16.056547619047617,3.9285714285714284,539.0,157.03,5.551115123125783e-17,0.35433043506668743,False,False,0.06850149692735963
c8c1bea22194a4eefa2dc9a9fa89f536,SC,porto belo,7,0,0.0,0.0,0.635067791005291,7.5619907407407405,8.498819444444445,5.0,1266.0,292.73,5.551115123125783e-17,0.35433043506668743,False,False,0.06850149692735963
c8e135e7b21ecbc36c1153a29d2f5a06,SP,sao paulo,7,0,0.0,0.14285714285714285,2.5979728835978833,5.5449553571428565,8.14822585978836,4.857142857142857,1165.5,101.98,5.551115123125783e-17,0.35433043506668743,False,False,0.06850149692735963
d0d70d21e2234dd7cd3cf63fe414148a,PB,sao bento,7,0,0.0,0.0,2.011724537037037,7.248916997354498,9.305324074074075,4.714285714285714,458.4,340.49,5.551115123125783e-17,0.35433043506668743,False,False,0.06850149692735963
d594982fd877af63ace38ea1fca27c76,SP,sao paulo,7,0,0.0,0.0,2.3220003858024687,4.860474537037037,8.089442791005292,4.428571428571429,217.04,92.66,5.551115123125783e-17,0.35433043506668743,False,False,0.06850149692735963
de66a66f2dd06bb9ec37aa96987466a3,RJ,rio de janeiro,7,0,0.0,0.7142857142857143,6.469940476190476,8.461790674603176,15.27156746031746,4.142857142857143,353.32,115.66,5.551115123125783e-17,0.35433043506668743,False,False,0.06850149692735963
e250d617a0ad591ba9bd663e584a895d,SP,guarulhos,7,0,0.0,0.0,1.3304728835978834,8.052749669312169,9.78078869047619,3.857142857142857,795.88,249.55,5.551115123125783e-17,0.35433043506668743,False,False,0.06850149692735963
e4ebd3f87bf70440014f07ddda7fbe03,SP,presidente epitacio,7,0,0.0,0.0,2.231170634920635,15.648721891534391,17.889925595238093,4.571428571428571,671.5,115.75999999999999,5.551115123125783e-17,0.35433043506668743,False,False,0.06850149692735963
e58a5b390e28abc0b216cfb0e07d27d7,RJ,rio de janeiro,7,0,0.0,0.0,1.3973313492063493,6.0789500661375655,7.598201058201058,4.857142857142857,1022.6,144.63,5.551115123125783e-17,0.35433043506668743,False,False,0.06850149692735963
e603cf3fec55f8697c9059638d6c8eb5,RS,pelotas,7,0,0.0,0.0,1.3542113095238097,4.574191468253969,6.320124007936507,4.571428571428571,270.0,172.99,5.551115123125783e-17,0.35433043506668743,False,False,0.06850149692735963
e644cbadf7eeb30d0d29f335ce7d52ec,SP,sao paulo,7,0,0.0,0.0,1.3565181327160494,4.951698082010582,6.880929232804233,4.0,768.91,161.12,5.551115123125783e-17,0.35433043506668743,False,False,0.06850149692735963
e70053bf73d1b5863932e53a9fa47496,SP,sao paulo,7,0,0.0,0.14285714285714285,3.3175413359788366,9.652046957671958,13.455330687830687,4.285714285714286,4025.0,133.58,5.551115123125783e-17,0.35433043506668743,False,False,0.06850149692735963
f25e239052084705e17a982bc600ab2a,SP,sao paulo,7,0,0.0,0.14285714285714285,3.688515211640212,9.884871031746032,13.87251984126984,4.142857142857143,7311.0,383.88,5.551115123125783e-17,0.35433043506668743,False,False,0.06850149692735963
f805b96fa705ba7995a221f1749dc141,PR,maringa,7,0,0.0,0.0,0.5629298941798941,11.784308862433862,12.984732142857142,4.428571428571429,2744.44,242.43,5.551115123125783e-17,0.35433043506668743,False,False,0.06850149692735963
fa14641f57b655e933124a9ea49cd7a5,SP,sao paulo,7,0,0.0,0.0,1.8381531084656084,4.3132010582010585,6.980003306878308,4.571428571428571,359.92999999999995,83.06,5.551115123125783e-17,0.35433043506668743,False,False,0.06850149692735963
fadb07c842a2aef5d5a676b85f220e71,SP,sao jose do rio preto,7,0,0.0,0.0,0.5540586419753086,5.77053406084656,6.430039682539683,4.714285714285714,398.75,171.62,5.551115123125783e-17,0.35433043506668743,False,False,0.06850149692735963
ff1e15b778c700abdd4d239b81ac466d,PR,curitiba,7,0,0.0,0.0,2.1478736772486773,5.149077380952382,7.551547619047619,4.571428571428571,414.3,114.86,5.551115123125783e-17,0.35433043506668743,False,False,0.06850149692735963
0307f7565ff85b299b6e5ef162b1b1a9,SP,sao jose do rio preto,6,0,0.0,0.5,6.805661651234568,8.301033950617283,15.198894675925926,3.5,4711.9,256.99,2.7755575615628914e-17,0.3903342879021653,False,False,0.06850149692735963
0570350b23eda5444f8d1d9544932058,SP,sao paulo,6,0,0.0,0.0,1.3243557098765433,3.6844502314814815,5.071749614197531,5.0,626.9000000000001,124.86,2.7755575615628914e-17,0.3903342879021653,False,False,0.06850149692735963
05feb94f19d094d4b0f9281f0b1d4c99,SP,mogi das cruzes,6,0,0.0,0.0,1.3713213734567902,13.828402777777777,15.371317515432098,4.5,9353.0,697.04,2.7755575615628914e-17,0.3903342879021653,False,False,0.06850149692735963
085f6f7e049c996695fb2074fe38d45e,SP,taubate,6,0,0.0,0.0,2.984297839506173,7.404540895061729,10.56288387345679,4.0,305.4,130.56,2.7755575615628914e-17,0.3903342879021653,False,False,0.06850149692735963
0ad80de75c811326389cfb1daba7d45e,RJ,rio de janeiro,6,0,0.0,0.0,0.897752700617284,7.295989583333334,8.998383487654321,5.0,1449.3999999999999,115.32,2.7755575615628914e-17,0.3903342879021653,False,False,0.06850149692735963
13511db12ac61e2f89c53b72a944a60b,RS,caxias do sul,6,0,0.0,0.0,2.7466994598765435,6.097199074074074,9.17029899691358,3.5,798.0,265.97,2.7755575615628914e-17,0.3903342879021653,False,False,0.06850149692735963
152ee17e4c8aaf53dac99f3462e4999b,SC,garuva,6,0,0.0,0.0,2.0683314043209875,7.778948688271605,10.735235339506174,4.333333333333333,308.96000000000004,95.97,2.7755575615628914e-17,0.3903342879021653,False,False,0.06850149692735963
184a67a8f9f63234d3a92340bbdb727f,SC,joinville,6,0,0.0,0.16666666666666666,3.1521469907407407,14.41045910493827,18.380846836419753,4.666666666666667,179.18,142.65,2.7755575615628914e-17,0.3903342879021653,False,False,0.06850149692735963
186cdd1b2df32caa72cfb410bba768d3,SC,rio negrinho,6,0,0.0,0.0,2.7838040123456786,5.99823688271605,8.898485725308642,5.0,1341.45,268.28000000000003,2.7755575615628914e-17,0.3903342879021653,False,False,0.06850149692735963
1f867308a0ce13133a4e639ff4de0c02,PR,curitiba,6,0,0.0,0.16666666666666666,3.212608024691358,7.761161265432098,11.09054976851852,4.666666666666667,847.6,195.82,2.7755575615628914e-17,0.3903342879021653,False,False,0.06850149692735963
23ca5f678e0b3ea6c630b30fa8bf51ea,SP,sao paulo,6,0,0.0,0.0,3.2103819444444444,4.052162422839506,7.270869984567901,5.0,183.0,96.39,2.7755575615628914e-17,0.3903342879021653,False,False,0.06850149692735963
28405831a29823802aa22c084cfd0649,SP,sao paulo,6,0,0.0,0.16666666666666666,4.259741512345679,2.8275385802469137,7.19403163580247,4.5,210.0,72.83,2.7755575615628914e-17,0.3903342879021653,False,False,0.06850149692735963
28ea411b354f14b1a494be4e79f0ce02,SP,sao paulo,6,0,0.0,0.0,1.9822202932098765,6.912212577160493,8.916840277777778,4.666666666666667,820.0,76.93,2.7755575615628914e-17,0.3903342879021653,False,False,0.06850149692735963
2bd05d410a8fd26dc4184a15f4f2f588,MG,belo horizonte,6,0,0.0,0.5,3.4524382716049384,6.1971084104938265,10.176797839506174,5.0,1316.73,198.54,2.7755575615628914e-17,0.3903342879021653,False,False,0.06850149692735963
2cb6eb1b7185064167657fa09f541105,MG,sabara,6,0,0.0,0.16666666666666666,3.1053067129629626,4.8271952160493825,8.200736882716049,4.5,1217.9,164.78,2.7755575615628914e-17,0.3903342879021653,False,False,0.06850149692735963
3076499bbc033a927bf4a8a41bcf7fd4,SP,auriflama,6,0,0.0,0.0,2.232721836419753,5.430202546296297,8.311128472222222,4.166666666666667,309.43,119.78999999999999,2.7755575615628914e-17,0.3903342879021653,False,False,0.06850149692735963
365e4bce19bda0082c3d15d83fdb8bcd,SP,sao caetano do sul,6,0,0.0,0.0,1.6506693672839505,8.675038580246914,10.377220293209875,4.666666666666667,796.4,98.61999999999999,2.7755575615628914e-17,0.3903342879021653,False,False,0.06850149692735963
38102b031c2a15e54623d711bfc753d3,CE,mucambo,6,0,0.0,1.0,8.809494598765433,15.605038580246912,25.001385030864196,4.333333333333333,340.0,271.3,2.7755575615628914e-17,0.3903342879021653,False,False,0.06850149692735963
3afc536624bc2e65bddfb5db33cc01f3,MG,belo horizonte,6,0,0.0,0.0,2.736489197530864,6.562660108024691,9.890516975308643,3.5,312.0,107.07000000000001,2.7755575615628914e-17,0.3903342879021653,False,False,0.06850149692735963
3d4b1ae7539303b5704493798893e82c,SP,sao paulo,6,0,0.0,0.0,2.0515354938271604,9.34231674382716,12.075733024691358,4.833333333333333,1076.0,145.69,2.7755575615628914e-17,0.3903342879021653,False,False,0.06850149692735963
3f9be91358837bff69df67edfa3e42e8,PR,londrina,6,0,0.0,0.0,1.2705497685185185,8.782555941358025,10.222935956790124,5.0,439.8,119.91,2.7755575615628914e-17,0.3903342879021653,False,False,0.06850149692735963
515d781150feed28a6ac091bb0e3cb8c,MS,campo grande,6,0,0.0,0.0,1.3324398148148149,8.168640046296296,9.780329861111111,4.166666666666667,1002.35,152.37,2.7755575615628914e-17,0.3903342879021653,False,False,0.06850149692735963
52ac6f920b7280e4c6d30dd94de6259b,PR,pinhais,6,0,0.0,0.0,3.1882156635802468,8.658269675925926,12.983881172839508,3.6666666666666665,5657.3,726.59,2.7755575615628914e-17,0.3903342879021653,False,False,0.06850149692735963
52f976b17ea7f2f087f56dcc419328f6,PR,california,6,0,0.0,0.0,2.1316628086419755,7.729560185185186,10.383350694444443,3.6666666666666665,7630.0,862.65,2.7755575615628914e-17,0.3903342879021653,False,False,0.06850149692735963
5962468f885ea01a1b6a97a218797b0a,PR,curitiba,6,0,0.0,0.0,3.5926697530864193,6.972501929012346,10.914812885802469,4.666666666666667,674.0,91.74,2.7755575615628914e-17,0.3903342879021653,False,False,0.06850149692735963
6750d71153f00fc58829af2a8ef1bcf1,RJ,rio bonito,6,0,0.0,0.0,0.939699074074074,8.439749228395062,9.518886959876545,4.166666666666667,3514.0,112.5,2.7755575615628914e-17,0.3903342879021653,False,False,0.06850149692735963
6824a69c9ea0313eba299dd4a2dba09a,MG,formiga,6,0,0.0,0.0,0.5334560185185185,4.18133487654321,4.810596064814815,4.666666666666667,666.9,117.17999999999999,2.7755575615628914e-17,0.3903342879021653,False,False,0.06850149692735963
6b803197e03abd5056b4313306b4f29d,SP,sao paulo,6,0,0.0,0.0,1.170775462962963,4.555808256172839,5.8326060956790124,5.0,358.0,113.07,2.7755575615628914e-17,0.3903342879021653,False,False,0.06850149692735963
71592660bbcb6a4664e97b6f8b68babc,SP,sao jose do rio preto,6,0,0.0,0.0,0.8472376543209877,11.269556327160494,12.457635030864196,4.333333333333333,2027.18,173.37,2.7755575615628914e-17,0.3903342879021653,False,False,0.06850149692735963
74871d19219c7d518d0090283e03c137,SP,sao paulo,6,0,0.0,0.0,0.6212407407407408,3.190090663580247,3.870761959876543,5.0,550.04,87.87,2.7755575615628914e-17,0.3903342879021653,False,False,0.06850149692735963
777a0c55737f34ffeb78010f7542ab41,SP,sao paulo,6,0,0.0,0.0,0.8441736111111112,3.4923341049382715,4.23389274691358,4.333333333333333,452.5,75.83,2.7755575615628914e-17,0.3903342879021653,False,False,0.06850149692735963
7f40d06aa0b5f1aa4f41af8c0480e2ef,SP,rio claro,6,0,0.0,0.0,0.966863425925926,3.1521720679012346,4.130244984567901,4.833333333333333,1309.94,125.67999999999999,2.7755575615628914e-17,0.3903342879021653,False,False,0.06850149692735963
822b63912576852aea9a8436d72317b7,SP,mogi guacu,6,0,0.0,0.6666666666666666,14.366070601851852,7.919508101851851,23.300331790123455,4.833333333333333,3465.9300000000003,149.34,2.7755575615628914e-17,0.3903342879021653,False,False,0.06850149692735963
89c127985a8b130cfa45c1d36764017a,SP,osasco,6,0,0.0,0.0,3.9441493055555554,6.549454089506173,10.99207561728395,3.4,1334.67,107.02,2.7755575615628914e-17,0.3903342879021653,False,False,0.06850149692735963
8b2d4ab22f42c5cfc338b846decfda60,PR,fazenda rio grande,6,0,0.0,0.16666666666666666,2.641782407407408,12.318356481481482,15.661452546296298,4.833333333333333,458.0,185.32,2.7755575615628914e-17,0.3903342879021653,False,False,0.06850149692735963
8fbd63429be6d3e5e6d1a709b6464802,SP,santo andre,6,0,0.0,0.0,1.8624930555555554,6.417536651234568,8.406583719135803,4.833333333333333,1061.4,179.57,2.7755575615628914e-17,0.3903342879021653,False,False,0.06850149692735963
9140bd1d9de28b197dce077bdd687438,SP,amparo,6,0,0.0,0.16666666666666666,1.5520185185185187,4.313215663580247,6.242758487654321,4.166666666666667,1258.87,184.06,2.7755575615628914e-17,0.3903342879021653,False,False,0.06850149692735963
91f5779a8731baca4809fdeade81803f,RJ,barra mansa,6,0,0.0,0.16666666666666666,4.653667052469136,11.176292438271604,16.374195601851852,3.8333333333333335,1971.46,145.63,2.7755575615628914e-17,0.3903342879021653,False,False,0.06850149692735963
9261d76c62caaf0b24677c2ceb7f8f20,SC,palhoca,6,0,0.0,0.0,1.0203645833333332,6.446373456790123,7.901643518518519,3.8333333333333335,968.7,247.54000000000002,2.7755575615628914e-17,0.3903342879021653,False,False,0.06850149692735963
92d14edfb62ee5ae7fdff70b0f4e7233,SP,sao bernardo do campo,6,0,0.0,0.0,1.779963348765432,4.695650077160494,7.385694444444444,3.8333333333333335,238.0,136.25,2.7755575615628914e-17,0.3903342879021653,False,False,0.06850149692735963
9a03a4e9eb0b947652fae4f6121a3f5e,SP,catanduva,6,0,0.0,0.16666666666666666,2.8789255401234564,10.947428626543209,14.269519675925926,4.333333333333333,1367.0,158.72,2.7755575615628914e-17,0.3903342879021653,False,False,0.06850149692735963
9c1c0c36cd23c20897e473901a8fb149,SP,praia grande,6,0,0.0,0.0,1.733371913580247,4.112530864197531,6.220837191358025,5.0,544.97,172.07,2.7755575615628914e-17,0.3903342879021653,False,False,0.06850149692735963
9ed65337433adfbedefd23dd76eaa494,SP,sao paulo,6,0,0.0,0.0,1.1351485339506173,5.495324074074074,7.400858410493828,4.833333333333333,1262.6,81.05,2.7755575615628914e-17,0.3903342879021653,False,False,0.06850149692735963
9fc70243fb26800cba56e8f014797004,MG,belo horizonte,6,0,0.0,0.0,2.225102237654321,7.122079475308642,9.69967785493827,4.5,466.6,104.7,2.7755575615628914e-17,0.3903342879021653,False,False,0.06850149692735963
a08692680c77d30a0b4280da5df01c5a,SP,sao paulo,6,0,0.0,0.0,3.102804783950617,5.895239197530864,9.340208333333335,5.0,2433.0,227.91,2.7755575615628914e-17,0.3903342879021653,False,False,0.06850149692735963
a5dd1946fb63ada8bcaa0c9cd8f11e22,PE,caruaru,6,0,0.0,0.0,2.1196180555555557,14.494056712962964,16.939828317901235,3.8333333333333335,219.62,206.71,2.7755575615628914e-17,0.3903342879021653,False,False,0.06850149692735963
a63bfbaa882c8f4542891b4e2246cc7f,RJ,niteroi,6,0,0.0,0.0,1.5700327932098765,9.834402006172839,11.690190972222224,5.0,5682.0,243.98999999999998,2.7755575615628914e-17,0.3903342879021653,False,False,0.06850149692735963
abbf6046bbdf1028606a5bc7f00c99e7,SC,xanxere,6,0,0.0,0.0,2.114704861111111,9.65907600308642,11.785158179012347,4.666666666666667,1867.25,127.01,2.7755575615628914e-17,0.3903342879021653,False,False,0.06850149692735963
b0f2a6122a90a93eb03e68653dd960e3,PR,curitiba,6,0,0.0,0.0,2.632621527777778,4.561819058641976,7.8698900462962955,4.833333333333333,1620.3,137.98,2.7755575615628914e-17,0.3903342879021653,False,False,0.06850149692735963
b1204cfda1d4948679db3cfc0d3cb95c,SP,guarulhos,6,0,0.0,0.16666666666666666,1.7838599537037039,7.834251543209876,9.825545910493828,4.333333333333333,411.20000000000005,100.05,2.7755575615628914e-17,0.3903342879021653,False,False,0.06850149692735963
b29d3380981c51df13fc6fbe87e1763d,SP,ribeirao preto,6,0,0.0,0.0,2.305906635802469,5.7092631172839505,8.02613425925926,3.8333333333333335,435.3,98.58,2.7755575615628914e-17,0.3903342879021653,False,False,0.06850149692735963
b586cd24c010a13916af621b0325fbba,SC,rio do sul,6,0,0.0,0.0,0.7840162037037036,4.310908564814815,5.270991512345678,3.8333333333333335,1108.94,263.99,2.7755575615628914e-17,0.3903342879021653,False,False,0.06850149692735963
ba6ce6de456f6c11d08c17701ba5c26f,SP,sorocaba,6,0,0.0,0.5,6.000464891975309,6.188474151234568,12.412860725308642,4.166666666666667,744.35,130.16,2.7755575615628914e-17,0.3903342879021653,False,False,0.06850149692735963
baa49d93c8c8841e27400a300f5d74b2,SC,sao jose,6,0,0.0,0.16666666666666666,4.068761574074075,8.657050540123457,12.282937885802468,4.5,246.39999999999998,88.02,2.7755575615628914e-17,0.3903342879021653,False,False,0.06850149692735963
c0f783394e37cd9c9d7f5f81141450fa,SP,piracicaba,6,0,0.0,0.0,2.2655439814814815,10.655451388888888,13.170179398148148,3.6,249.39999999999998,87.35,2.7755575615628914e-17,0.3903342879021653,False,False,0.06850149692735963
c3aad7dc65449ae90a5e9c3c6c1e78e0,SP,auriflama/sp,6,0,0.0,0.16666666666666666,2.361417824074074,4.305659722222222,7.48622299382716,4.666666666666667,510.0,130.36,2.7755575615628914e-17,0.3903342879021653,False,False,0.06850149692735963
c3fe93ba3085f92855c97e57f38c8c05,PR,curitiba,6,0,0.0,0.16666666666666666,3.226205632716049,9.16241512345679,13.222635030864197,5.0,219.0,98.17999999999999,2.7755575615628914e-17,0.3903342879021653,False,False,0.06850149692735963
c54679b132454625907c773d273d4126,SP,guaruja,6,0,0.0,0.0,1.638759645061728,4.795511188271605,6.6989988425925935,4.833333333333333,843.0,99.83999999999999,2.7755575615628914e-17,0.3903342879021653,False,False,0.06850149692735963
c70a353f02429c00775a46a75fb787da,SP,sao paulo,6,0,0.0,0.0,1.3545698302469136,5.16471450617284,6.758491512345679,4.666666666666667,242.0,94.94,2.7755575615628914e-17,0.3903342879021653,False,False,0.06850149692735963
ca77545ca4d2dfd1431bf61334e2fa3c,PR,maringa,6,0,0.0,0.0,2.075740740740741,11.032293595679013,13.23924189814815,4.666666666666667,760.0,213.71,2.7755575615628914e-17,0.3903342879021653,False,False,0.06850149692735963
ca7c6bd577e559472af1c699de9e764e,SP,sao bernardo do campo,6,0,0.0,0.0,1.2444733796296295,3.421857638888889,4.6808198302469135,4.333333333333333,148.0,70.82,2.7755575615628914e-17,0.3903342879021653,False,False,0.06850149692735963
d197aa8fbc64087f61984deef05f6227,SP,sao jose dos campos,6,0,0.0,0.16666666666666666,2.9191936728395063,3.771832561728395,7.411525848765432,4.833333333333333,519.09,111.56,2.7755575615628914e-17,0.3903342879021653,False,False,0.06850149692735963
d6b664fa0667064c6d76394e7848d790,SP,araraquara,6,0,0.0,0.16666666666666666,3.9534837962962968,13.073775077160493,17.545335648148146,4.833333333333333,6080.0,324.34,2.7755575615628914e-17,0.3903342879021653,False,False,0.06850149692735963
dc7192adf8ba09569261f4a8d576afe0,SP,itapeva,6,0,0.0,0.16666666666666666,1.5611435185185185,4.945225694444445,6.290896990740741,4.333333333333333,854.0,115.31,2.7755575615628914e-17,0.3903342879021653,False,False,0.06850149692735963
e439f7176d763f92de325271111b2fd5,SC,joinville,6,0,0.0,0.16666666666666666,1.2307484567901235,8.172690972222222,9.92680362654321,5.0,1320.9,226.8,2.7755575615628914e-17,0.3903342879021653,False,False,0.06850149692735963
e45edf75f568ed2f93f78d060e246e25,RJ,rio de janeiro,6,0,0.0,0.3333333333333333,3.5310513117283953,8.181043595679013,12.346981095679013,4.166666666666667,164.29999999999998,113.92,2.7755575615628914e-17,0.3903342879021653,False,False,0.06850149692735963
ead2bab70821ea148476ae9bc08548ac,MG,belo horizonte,6,0,0.0,0.0,1.28085262345679,6.746894290123457,8.295273919753088,5.0,302.40000000000003,97.0,2.7755575615628914e-17,0.3903342879021653,False,False,0.06850149692735963
ed859002ad59dbf8cf3602696a6c3000,PR,londrina,6,0,0.0,0.5,13.393686342592593,4.154832175925926,18.509108796296296,4.166666666666667,2063.9,225.44,2.7755575615628914e-17,0.3903342879021653,False,False,0.06850149692735963
f35becee938e982bd615edf8ef12bcfb,SP,alvares machado,6,0,0.0,0.0,0.7701678240740741,6.725621141975309,7.9204591049382715,4.0,148.59,78.22,2.7755575615628914e-17,0.3903342879021653,False,False,0.06850149692735963
f8d5c7085db9a4ad2b8c1ffbeb2798c8,SP,sao paulo,6,0,0.0,0.0,3.2456288580246913,8.923836805555554,12.526377314814814,5.0,263.0,100.41,2.7755575615628914e-17,0.3903342879021653,False,False,0.06850149692735963
01ed254b9ff8407dfb9d99ba1e17d923,SP,mogi das cruzes,5,0,0.0,0.0,1.0162175925925925,5.06249537037037,6.675569444444444,5.0,1465.99,67.72,0.0,0.43448246478317476,False,False,0.06850149692735963
0791d9fc1e30678ecf03d3e55fa108d3,MG,belo horizonte,5,0,0.0,0.0,1.471949074074074,6.021238425925926,7.8056828703703705,4.0,842.0,186.99,0.0,0.43448246478317476,False,False,0.06850149692735963
079d295dcbf06ee8bb1b65ba964eb2b6,SP,sao paulo,5,0,0.0,0.0,0.6819976851851852,7.100358796296296,8.265361111111112,4.6,349.3,190.79,0.0,0.43448246478317476,False,False,0.06850149692735963
08ad4ac1388e4420ca531c3edfc46198,SP,itapevi,5,0,0.0,0.0,2.0964901620370373,4.1234375,6.643983796296297,3.2,195.63,70.8,0.0,0.43448246478317476,False,False,0.06850149692735963
09bad886111255c5b5030314fc7f1a4a,SP,sao paulo,5,0,0.0,0.0,2.083449074074074,3.5233171296296297,6.468912037037038,5.0,487.5,72.86,0.0,0.43448246478317476,False,False,0.06850149692735963
0bfd0b434243adc5c2e1aa6baf19c6aa,RJ,rio de janeiro,5,0,0.0,0.0,1.4786064814814814,6.117921296296297,7.709442129629629,4.0,347.3,58.739999999999995,0.0,0.43448246478317476,False,False,0.06850149692735963
0c7f30ae9b147eca07affbef92832a6a,PR,ponta grossa,5,0,0.0,0.0,1.8864027777777779,6.571361111111111,8.54264814814815,5.0,479.5,87.61,0.0,0.43448246478317476,False,False,0.06850149692735963
0e982cff76cc0579f632cea8a0e38c9d,SC,itajai,5,0,0.0,0.0,4.208969907407408,4.529166666666667,9.380891203703703,4.6,934.52,100.61,0.0,0.43448246478317476,False,False,0.06850149692735963
101a3a003516bc11253298b2fad3cb65,SP,rio claro,5,0,0.0,0.0,1.4619351851851852,4.550627314814815,6.493062499999999,4.8,450.0,74.0,0.0,0.43448246478317476,False,False,0.06850149692735963
117cfc326c6d50da67ca858ff5c0c852,RJ,sao joao de meriti,5,0,0.0,0.0,1.0740694444444443,4.783462962962963,6.073467592592593,4.6,454.6,81.47999999999999,0.0,0.43448246478317476,False,False,0.06850149692735963
11eac105f3f90a9b87b19c89d91e24f3,SP,sao paulo,5,0,0.0,0.0,2.4704791666666663,6.446076388888889,9.12383101851852,3.6,802.89,124.94,0.0,0.43448246478317476,False,False,0.06850149692735963
1cd9e0cc1839d55516843def5600816d,SP,sao paulo,5,0,0.0,0.0,2.398486111111111,4.662469907407408,7.781398148148147,5.0,825.0,101.72,0.0,0.43448246478317476,False,False,0.06850149692735963
228e4c1a0be164f613d41c24345f9d2c,PR,bandeirantes,5,0,0.0,0.2,3.830550925925926,7.088337962962963,11.118863425925927,5.0,539.7,229.74,0.0,0.43448246478317476,False,False,0.06850149692735963
2528744c5ef5d955adc318720a94d2e7,SP,jundiai,5,0,0.0,0.0,2.8443657407407406,6.283231481481481,10.070645833333334,2.4,6245.0,263.7,0.0,0.43448246478317476,False,False,0.06850149692735963
253f95b3a0e6983ae18aed49fbc2b845,SP,sao paulo,5,0,0.0,0.0,2.1424907407407408,6.792798611111111,9.206965277777778,4.4,799.5,91.44,0.0,0.43448246478317476,False,False,0.06850149692735963
270d3ef21830ad0ecf3a6c53d08a533a,SP,carapicuiba,5,0,0.0,0.2,4.414407407407408,6.493800925925926,11.543194444444444,2.6,471.0,217.61,0.0,0.43448246478317476,False,False,0.06850149692735963
29fe9f200d3fa0c668d2aa1ec7e08dfb,SC,balneario camboriu,5,0,0.0,0.2,3.0900046296296297,7.651083333333334,10.749125000000001,4.0,400.0,114.16,0.0,0.43448246478317476,False,False,0.06850149692735963
2ea0861cc19e94cad86438c984c52da4,SP,sao paulo,5,0,0.0,0.2,1.578898148148148,3.2290925925925924,5.0607291666666665,3.8,155.8,48.769999999999996,0.0,0.43448246478317476,False,False,0.06850149692735963
2f4b9d112bfa44a214bc6cef085d17c8,ES,afonso claudio,5,0,0.0,0.2,2.7567662037037035,11.697918981481482,14.775958333333332,4.4,293.99,119.27000000000001,0.0,0.43448246478317476,False,False,0.06850149692735963
2fb25ab44bdbeae6a4d816e0d0c9d500,RJ,volta redonda,5,0,0.0,0.0,2.1110902777777776,6.052759259259259,8.520905092592592,4.8,683.08,78.21000000000001,0.0,0.43448246478317476,False,False,0.06850149692735963
31eec405c9bb71dec8e2629a92e764fa,ES,cachoeiro de itapemirim,5,0,0.0,0.0,0.8392175925925927,6.9939374999999995,8.572550925925926,4.6,256.89,170.24,0.0,0.43448246478317476,False,False,0.06850149692735963
3364a91ec4d56c98e44174de954b94f6,RO,porto velho,5,0,0.0,0.0,1.7123263888888889,14.984976851851851,16.905682870370374,3.6,3429.95,258.62,0.0,0.43448246478317476,False,False,0.06850149692735963
33cbda8716511e27e556dff9d8418bf2,SC,blumenau,5,0,0.0,0.0,2.0059328703703705,10.421826388888888,12.712717592592593,4.8,507.40000000000003,108.17,0.0,0.43448246478317476,False,False,0.06850149692735963
33dd941c27854f7625b968cc6195a552,ES,vila velha,5,0,0.0,0.0,1.8322222222222222,9.655722222222222,11.700719907407407,4.4,6787.5,380.91,0.0,0.43448246478317476,False,False,0.06850149692735963
38af8acfd46ac4a7bf754e8ca6736664,SP,sao paulo,5,0,0.0,0.0,2.2523032407407406,3.5258935185185187,6.385703703703704,4.8,345.0,52.94,0.0,0.43448246478317476,False,False,0.06850149692735963
3a4127e1ba7208ea37044c5092aae170,SP,sao paulo,5,0,0.0,0.2,2.3911689814814814,8.790495370370369,11.77629861111111,4.0,1842.6999999999998,81.45,0.0,0.43448246478317476,False,False,0.06850149692735963
3cfa1358a6caa965278721344c8d76f2,SP,sao bernardo do campo,5,0,0.0,0.0,2.0885648148148146,3.705747685185185,6.302104166666666,4.8,3140.2799999999997,81.25,0.0,0.43448246478317476,False,False,0.06850149692735963
41e0fa5761c886a630994a55c12087e7,SP,guaruja,5,0,0.0,0.0,2.848640046296296,7.499636574074074,10.239402777777778,5.0,423.6,68.31,0.0,0.43448246478317476,False,False,0.06850149692735963
4221a7df464f1fe2955934e30ff3a5a1,BA,bahia,5,0,0.0,0.0,4.5143101851851855,11.614245370370371,16.569189814814813,4.8,849.5,239.54,0.0,0.43448246478317476,False,False,0.06850149692735963
46ef1a25845fc051c2998d878354810c,MG,claudio,5,0,0.0,0.2,2.038326388888889,14.796939814814815,16.845016203703704,4.4,250.41,98.04,0.0,0.43448246478317476,False,False,0.06850149692735963
499ec63c58e51296c9cf57edcfe1c8a8,SP,sao paulo,5,0,0.0,0.0,0.9914583333333333,4.21374537037037,5.2333750000000006,4.8,365.0,47.93,0.0,0.43448246478317476,False,False,0.06850149692735963
49cdc90518a4f82676b38b3c1aa43ff6,SP,sao paulo,5,0,0.0,0.0,1.8830740740740741,3.547712962962963,5.732277777777777,3.8,1539.5,82.61,0.0,0.43448246478317476,False,False,0.06850149692735963
4bcec44888b30ba9001234c534716d3f,SP,santo andre,5,0,0.0,0.0,1.4589421296296297,7.6874421296296305,9.158854166666666,4.6,146.0,63.23,0.0,0.43448246478317476,False,False,0.06850149692735963
4c1c7281388a33dd06daac44f9fadbd1,SP,marilia,5,0,0.0,0.0,1.4396643518518517,7.014282407407407,8.786493055555557,4.8,188.32,81.59,0.0,0.43448246478317476,False,False,0.06850149692735963
4d232b78ab7ef10393dc3807d827bc0d,MG,belo horizonte,5,0,0.0,0.0,1.051972222222222,4.541990740740741,6.1659699074074075,4.4,1475.0,214.99,0.0,0.43448246478317476,False,False,0.06850149692735963
534a01cc6df1e034e05c32028a291fa2,SP,jundiai,5,0,0.0,0.2,2.461574074074074,7.90699537037037,10.692097222222221,4.4,235.59,59.86,0.0,0.43448246478317476,False,False,0.06850149692735963
53b0300ca793f9834cd69c0678d35ee8,SP,indaiatuba,5,0,0.0,0.0,2.161159722222222,3.731527777777778,5.94075462962963,5.0,1662.15,137.31,0.0,0.43448246478317476,False,False,0.06850149692735963
54219883e72aad869adfb2a54b7bfa0f,SP,sorocaba,5,0,0.0,0.8,8.179851851851852,8.406085648148148,17.007217592592593,3.2,6750.0,829.55,0.0,0.43448246478317476,False,False,0.06850149692735963
5566627eab3fe93fd6ee08798226101a,PR,sao jose dos pinhais,5,0,0.0,0.0,1.5922685185185184,6.920636574074075,8.814136574074073,4.4,85.5,102.31,0.0,0.43448246478317476,False,False,0.06850149692735963
55c26bcb609f480eb7868594245febb5,SP,tabatinga,5,0,0.0,0.0,0.6930989583333333,8.9699375,10.428780092592593,3.8,504.5,139.95,0.0,0.43448246478317476,False,False,0.06850149692735963
5721089ba9214e80074f27d5a03fc0eb,SP,sao paulo,5,0,0.0,0.0,3.570009259259259,3.481715277777778,7.435550925925926,5.0,245.92999999999998,66.64,0.0,0.43448246478317476,False,False,0.06850149692735963
5795aebfe331fbcd02a2c4b679fb7952,SC,palhoca,5,0,0.0,0.0,2.3725,6.79294212962963,10.255453703703704,4.4,1132.0,118.41,0.0,0.43448246478317476,False,False,0.06850149692735963
57df9869a600bd6b7c405f2a862eccfb,MG,santa rita do sapucai,5,0,0.0,0.0,1.963863425925926,5.035673611111111,7.28955324074074,4.4,125.0,72.21000000000001,0.0,0.43448246478317476,False,False,0.06850149692735963
5d76d80a2f5f39c891b996a1bf4c9853,SP,sao paulo,5,0,0.0,0.0,0.8680131172839506,9.895585648148147,11.15028472222222,4.8,1088.6,160.37,0.0,0.43448246478317476,False,False,0.06850149692735963
5dc203c7b84a0e71e878a179de05fb9a,SP,pompeia,5,0,0.0,0.0,0.9878217592592593,6.987715277777778,8.570122685185186,4.0,421.9,128.15,0.0,0.43448246478317476,False,False,0.06850149692735963
5def4c3732941a971cba8fdee992ede1,SP,sao paulo,5,0,0.0,0.0,0.610849537037037,3.9353587962962964,4.562969907407408,4.6,134.8,66.24,0.0,0.43448246478317476,False,False,0.06850149692735963
63b9ae557efed31d1f7687917d248a8d,SP,sao jose do rio pardo,5,0,0.0,0.2,2.8056111111111113,15.248986111111112,18.660875,4.2,139.5,102.81,0.0,0.43448246478317476,False,False,0.06850149692735963
6879c4d287a8dd06b11f54ea8f78e4da,SP,osasco,5,0,0.0,0.0,1.493822337962963,5.6239490740740745,7.0234398148148145,5.0,487.67999999999995,132.25,0.0,0.43448246478317476,False,False,0.06850149692735963
6c6e3d67f969468f3bfd33f827a31222,PR,maringa,5,0,0.0,0.0,0.8560879629629629,7.641335648148148,8.505372685185185,4.8,224.0,92.41,0.0,0.43448246478317476,False,False,0.06850149692735963
6e13dd869aa7185f601c941423abcc8f,SP,sao paulo,5,0,0.0,0.0,1.437847222222222,2.192527777777778,4.2793425925925925,4.8,522.0,76.08,0.0,0.43448246478317476,False,False,0.06850149692735963
6e4f5ff6b086632ba8dcb558fb10249e,RS,flores da cunha,5,0,0.0,0.0,1.1708842592592592,9.279155092592593,10.725724537037037,3.4,838.9,214.35,0.0,0.43448246478317476,False,False,0.06850149692735963
70125af26c2d6d4ef401a1d02ae7701f,GO,goiania,5,0,0.0,0.0,1.348872685185185,8.65244675925926,10.582993055555555,4.6,371.2,258.42,0.0,0.43448246478317476,False,False,0.06850149692735963
70f84699be677ec988d1fa824aef7d90,MG,sete lagoas,5,0,0.0,0.2,2.750761574074074,14.610405092592591,17.529266203703706,4.6,1588.3,116.14,0.0,0.43448246478317476,False,False,0.06850149692735963
725af026f869236a8dd0ceb98564d156,MG,claudio,5,0,0.0,0.0,4.883550925925926,8.675506944444445,13.673094907407409,4.4,810.72,125.94999999999999,0.0,0.43448246478317476,False,False,0.06850149692735963
75a4764c108403a7a0575140cb22287c,RS,caxias do sul,5,0,0.0,0.0,1.609150462962963,8.908699074074075,11.546094907407408,4.6,716.9000000000001,210.15,0.0,0.43448246478317476,False,False,0.06850149692735963
7994b065a7ffb14e71c6312cf87b9de2,ES,cariacica / es,5,0,0.0,0.0,3.227236111111111,5.772884259259259,9.00992824074074,5.0,453.0,144.34,0.0,0.43448246478317476,False,False,0.06850149692735963
7a9c12e235c36247c3c81f50d6ea9cea,SP,sao caetano do sul,5,0,0.0,0.0,2.5790208333333333,9.753004629629629,12.8360625,4.6,983.9,115.69,0.0,0.43448246478317476,False,False,0.06850149692735963
7aa538dd6e114e503a2e6154ea352253,SP,catanduva,5,0,0.0,0.0,2.1849398148148147,5.772909722222222,8.87823611111111,4.4,1016.6800000000001,101.92,0.0,0.43448246478317476,False,False,0.06850149692735963
7b7ed56ae755e2880f2b69632e839c1e,GO,goiania,5,0,0.0,0.0,1.5883055555555554,5.703861111111111,7.304652777777778,4.2,321.5,135.1,0.0,0.43448246478317476,False,False,0.06850149692735963
7d294cf9a6a69dc6a0c3e540fff0e039,SC,barra velha,5,0,0.0,0.0,1.8465509259259256,6.825458333333333,8.816810185185187,4.4,257.25,194.13,0.0,0.43448246478317476,False,False,0.06850149692735963
7d7866a99a8656a42c7ff6352a433410,SP,sao paulo,5,0,0.0,0.0,0.8857523148148148,3.749888888888889,4.886585648148148,4.4,147.89,59.49,0.0,0.43448246478317476,False,False,0.06850149692735963
7df1fc11cc5cbc518b39faa60cf5d67c,MS,campo grande,5,0,0.0,0.0,3.347638888888889,4.336634259259259,7.718787037037037,4.2,1037.6,134.36,0.0,0.43448246478317476,False,False,0.06850149692735963
7f35f9daf223da737b78738fbae4d977,SP,valinhos,5,0,0.0,0.0,0.9283032407407408,6.741050925925926,7.866502314814815,4.0,252.0,101.01,0.0,0.43448246478317476,False,False,0.06850149692735963
8060d731897e33b5c5ae575ce1e209e1,SP,blumenau,5,0,0.0,0.0,1.930703125,6.192671296296297,7.804481481481481,4.8,199.5,91.45,0.0,0.43448246478317476,False,False,0.06850149692735963
866558b3bccef2dbc6d29a2b5995016f,PR,arapongas,5,0,0.0,0.0,2.2420601851851854,9.300965277777777,11.550611111111111,4.8,1519.3999999999999,351.35,0.0,0.43448246478317476,False,False,0.06850149692735963
89ad3263c0931c47f976d7c5778e60f6,SP,sao paulo,5,0,0.0,0.0,1.3017777777777777,4.750937500000001,6.490780092592592,4.0,550.05,115.66,0.0,0.43448246478317476,False,False,0.06850149692735963
8a87611c08849ffeeccab52aa798b6c7,PR,curitiba,5,0,0.0,0.4,3.2176134259259257,6.418300925925925,9.788909722222222,4.8,432.9,84.75999999999999,0.0,0.43448246478317476,False,False,0.06850149692735963
8b655f0855926bcb49f5835d38dfddf6,SP,osasco,5,0,0.0,0.0,1.7224953703703705,3.8769513888888887,5.609800925925926,4.8,1089.5,73.31,0.0,0.43448246478317476,False,False,0.06850149692735963
8fb791022c1fc8909664f48ab7dc636d,SP,sao paulo,5,0,0.0,0.0,0.4374913194444444,5.010668981481482,5.729247685185185,4.2,8119.95,363.4,0.0,0.43448246478317476,False,False,0.06850149692735963
8fe8786ee000001ab51d030dfd4a7bf1,SC,paulo lopes,5,0,0.0,0.0,2.7137939814814813,13.013307870370369,15.866671296296294,4.6,2255.0,201.44,0.0,0.43448246478317476,False,False,0.06850149692735963
901b460cdce0c64e471230d7f2f9f3a3,RS,porto alegre,5,0,0.0,0.4,4.055981481481481,11.433085648148149,15.51374537037037,4.4,1904.0,108.56,0.0,0.43448246478317476,False,False,0.06850149692735963
94ca168e8bcb407ab85c5da308863027,SP,clementina,5,0,0.0,0.0,1.8171064814814817,10.359789351851852,12.487648148148148,5.0,224.3,87.36,0.0,0.43448246478317476,False,False,0.06850149692735963
97e4a63591ca439a2b8b7efd20e6e19e,RJ,rio de janeiro,5,0,0.0,0.0,2.140712962962963,3.922435185185185,6.431298611111112,4.4,349.95,78.55,0.0,0.43448246478317476,False,False,0.06850149692735963
97e995629983723d11830a829bc2b246,SP,lorena,5,0,0.0,0.0,4.2846365740740735,12.416796296296296,17.008074074074074,4.8,499.5,99.37,0.0,0.43448246478317476,False,False,0.06850149692735963
9ac4f14370b1e24ddc58be041b7f99df,GO,jaragua,5,0,0.0,0.0,1.4348657407407406,7.0983634259259265,9.02382175925926,4.4,314.51,122.14,0.0,0.43448246478317476,False,False,0.06850149692735963
9c3c24eca51c52b91c1de727d2a2ae06,RS,caxias do sul,5,0,0.0,0.4,4.452895833333334,5.792407407407407,10.295416666666666,4.4,257.6,89.8,0.0,0.43448246478317476,False,False,0.06850149692735963
a37c340b91cb0169e8b029db6440fba2,SP,sao paulo,5,0,0.0,0.2,4.638226851851852,6.141935185185185,11.123074074074074,4.8,345.0,94.95,0.0,0.43448246478317476,False,False,0.06850149692735963
a64e44665225d19dfc0277eeeaaccc57,SP,sao paulo,5,0,0.0,0.0,2.459108796296296,5.511854166666667,8.306828703703705,5.0,300.5,70.84,0.0,0.43448246478317476,False,False,0.06850149692735963
a72c2f59332659e361d647515c698798,RS,flores da cunha,5,0,0.0,0.0,2.2961180555555556,7.462159722222222,10.203472222222222,4.8,802.9,131.03,0.0,0.43448246478317476,False,False,0.06850149692735963
a7c88262832dfc683781d6a421edefae,SP,mogi das cruzes,5,0,0.0,0.0,1.6590069444444446,9.246101851851853,11.176726851851852,4.2,1520.0,82.42,0.0,0.43448246478317476,False,False,0.06850149692735963
a806a4bb063ea7ca6d374eafa50a6058,ES,serra,5,0,0.0,0.0,2.648166666666667,9.352634259259258,12.707159722222222,4.0,294.4,110.87,0.0,0.43448246478317476,False,False,0.06850149692735963
aae5e7b457a3c72ee230a47d98fceda5,PR,sao jose dos pinhas,5,0,0.0,0.0,4.0562453703703705,6.775210648148148,11.924442129629629,4.2,604.8,140.77,0.0,0.43448246478317476,False,False,0.06850149692735963
ad87df7699e83b8a91822a4a0b765c3a,SP,jaguariuna,5,0,0.0,0.0,2.039159722222222,8.277773148148148,10.893604166666666,4.0,309.9,79.38,0.0,0.43448246478317476,False,False,0.06850149692735963
adbe70ab2c97442046d393988c8d1d27,SP,maua,5,0,0.0,0.0,1.3423356481481483,5.8220833333333335,7.185418981481481,5.0,289.5,65.15,0.0,0.43448246478317476,False,False,0.06850149692735963
ae7ab174effdead6c241e547e4ca13f0,PR,arapongas,5,0,0.0,0.0,3.5284097222222224,5.661895833333333,9.51988888888889,4.2,2362.7,658.33,0.0,0.43448246478317476,False,False,0.06850149692735963
b4b447d715f9ab302a188fb43d3e96b3,SP,sao paulo,5,0,0.0,0.0,1.0604706790123457,2.0459606481481485,3.623861111111111,4.8,685.9300000000001,93.73,0.0,0.43448246478317476,False,False,0.06850149692735963
b76a1f8356322f12529c37b67d5c96c2,SP,santos,5,0,0.0,0.0,1.4619050925925925,5.463581018518519,7.468219907407407,4.8,298.5,56.39,0.0,0.43448246478317476,False,False,0.06850149692735963
b7cc6c5e001441ae8cdd5c69a480cbe4,SC,curitibanos,5,0,0.0,0.0,3.0253125,9.708481481481481,12.828016203703703,4.6,452.8,137.25,0.0,0.43448246478317476,False,False,0.06850149692735963
b8a0adc91af209270c2c725168eb00fd,SP,ibitinga,5,0,0.0,0.2,3.9126938657407413,8.233474537037036,12.127872685185185,4.6,235.5,83.99000000000001,0.0,0.43448246478317476,False,False,0.06850149692735963
ba6b68b55fe8704377a7d43c8e5c0185,MG,belo horizonte,5,0,0.0,0.0,2.6056180555555555,7.537814814814814,10.590298611111113,4.2,739.77,92.44999999999999,0.0,0.43448246478317476,False,False,0.06850149692735963
bb2afe2061d53c6968aa0cffa233a8ec,SP,sao paulo,5,0,0.0,0.0,0.6392662037037037,3.7654328703703706,4.431162037037037,4.8,549.4,94.62,0.0,0.43448246478317476,False,False,0.06850149692735963
bdf0d02d36a1d839d0c39c4a887cdd49,SP,birigui,5,0,0.0,0.0,1.3664305555555554,6.970611111111111,8.347087962962963,5.0,120.0,95.94999999999999,0.0,0.43448246478317476,False,False,0.06850149692735963
be9a160a9011f627c3e121d076c1ec7b,SC,jaragua do sul,5,0,0.0,0.2,5.226472222222222,8.46299537037037,14.817761574074074,4.6,2055.0,175.12,0.0,0.43448246478317476,False,False,0.06850149692735963
bff9deb0ec77d437f3305a79cf25529e,SP,limeira,5,0,0.0,0.0,1.3705972222222222,5.548787037037037,6.972201388888888,4.0,161.95,80.78999999999999,0.0,0.43448246478317476,False,False,0.06850149692735963
c4f7fee5b0db50e87766f5a4d1b1b758,SP,sorocaba,5,0,0.0,0.0,2.720050925925926,8.598928240740742,11.528446759259259,4.0,2762.0299999999997,152.69,0.0,0.43448246478317476,False,False,0.06850149692735963
cd843d4cf8ef32827de0396605163ba3,MG,juiz de fora,5,0,0.0,0.6,5.358020833333333,10.693787037037037,16.075208333333332,3.8,1915.0,697.56,0.0,0.43448246478317476,False,False,0.06850149692735963
cf1313c6e2c01c2f4b014f97db4bcd2b,RJ,rio de janeiro \rio de janeiro,5,0,0.0,0.0,1.5876805555555555,6.213446759259259,8.240326388888889,5.0,315.70000000000005,81.3,0.0,0.43448246478317476,False,False,0.06850149692735963
d2f3e277560ed4c6361284429b00f037,SP,atibaia,5,0,0.0,0.0,1.470787037037037,7.538835648148148,9.468525462962962,4.6,190.65,96.96000000000001,0.0,0.43448246478317476,False,False,0.06850149692735963
d8cf3b6a2151949f930d0252b180ec42,PR,mandaguacu,5,0,0.0,0.0,1.5142731481481482,4.691115740740741,6.4610625,3.2,521.1999999999999,321.93,0.0,0.43448246478317476,False,False,0.06850149692735963
debe6615cd90cc0c2eac2b8988e1f628,SP,sao paulo,5,0,0.0,0.0,0.7447685185185186,10.276449074074074,11.604266203703705,4.6,278.5,95.53,0.0,0.43448246478317476,False,False,0.06850149692735963
df47da4ae86fa4db890d05aaf24e21d8,SP,sao paulo,5,0,0.0,0.0,0.7815486111111112,5.253261574074074,7.044877314814815,4.2,310.5,77.18,0.0,0.43448246478317476,False,False,0.06850149692735963
e2a1ac9bf33e5549a2a4f834e70df2f8,SP,sao paulo,5,0,0.0,0.2,3.896962962962963,7.609828703703704,12.335252314814815,4.8,14999.449999999999,201.11,0.0,0.43448246478317476,False,False,0.06850149692735963
edc518ba25576a0188a0e8f2c3af186f,SP,guarulhos,5,0,0.0,0.0,2.5662939814814814,4.143567129629629,6.741895833333333,4.0,1326.94,236.14999999999998,0.0,0.43448246478317476,False,False,0.06850149692735963
ef9952469137ff190bacafe117f51537,MG,uberaba,5,0,0.0,0.0,2.927261574074074,7.017354166666666,10.250847222222223,4.8,1002.66,83.94,0.0,0.43448246478317476,False,False,0.06850149692735963
efff9341f3f8f5237b44ff67ed36a7bf,ES,vitoria,5,0,0.0,0.2,0.6421388888888888,10.473814814814814,11.931902777777777,4.4,872.99,99.66,0.0,0.43448246478317476,False,False,0.06850149692735963
f021c962aaba8ef6eb527a9c2c8394d1,SC,itajai,5,0,0.0,0.0,0.853587962962963,6.99532175925926,8.171310185185186,4.2,4398.5,135.37,0.0,0.43448246478317476,False,False,0.06850149692735963
f626e15b7314c267e4429010866f70e9,SP,marechal candido rondon,5,0,0.0,0.0,1.0367638888888888,7.870953703703703,9.946752314814814,3.8,193.54999999999998,125.47,0.0,0.43448246478317476,False,False,0.06850149692735963
f92d8c817434bd2d84d4e9c61322b7fa,SP,sorocaba,5,0,0.0,0.2,5.09705787037037,3.0536064814814816,8.32550462962963,4.6,174.84,50.769999999999996,0.0,0.43448246478317476,False,False,0.06850149692735963
fac35d150712afb921ec59ac5f39bb11,MG,bonfinopolis de minas,5,0,0.0,0.2,3.4283981481481485,6.409453703703704,10.14049537037037,4.4,696.0,104.64,0.0,0.43448246478317476,False,False,0.06850149692735963
fc38b5dceee1a730fad8853453437fbd,SP,campinas,5,0,0.0,0.2,2.7733101851851854,4.432777777777778,7.9680231481481485,4.6,119.2,58.81,0.0,0.43448246478317476,False,False,0.06850149692735963
fc59392d66ef99377e50356ee4f3b4e1,BA,salvador,5,0,0.0,0.0,1.2145659722222222,6.928557870370371,7.950819444444446,3.6,519.99,86.97,0.0,0.43448246478317476,False,False,0.06850149692735963
02b72cdeb9cfcc429f1af6f4e3f3b737,SP,ibitinga,4,0,0.0,0.0,0.8337123842592593,10.947236689814815,12.510251736111112,4.75,522.65,225.99,0.0,0.4898908364545973,False,False,0.06850149692735963
05730013efda596306417c3b09302475,SC,criciuma,4,0,0.0,0.0,2.5062528935185187,6.412057291666667,9.451623263888889,5.0,952.0,216.67,0.0,0.4898908364545973,False,False,0.06850149692735963
0743a0239d764b9a0f959a57d07e36ab,SP,sao paulo,4,0,0.0,0.0,1.7090277777777776,3.625078125,5.358070023148148,4.75,336.96,66.26,0.0,0.4898908364545973,False,False,0.06850149692735963
077c5fae4bea9500e3737b16f71b9d3a,SP,sorocaba,4,0,0.0,0.25,4.179027777777778,3.8054918981481483,8.317737268518519,4.5,106.80000000000001,70.44,0.0,0.4898908364545973,False,False,0.06850149692735963
0aa2205ca24f113f4658a5c536667426,SP,sao paulo,4,0,0.0,0.0,1.7997164351851853,6.585575810185185,8.79331597222222,4.0,815.62,172.48,0.0,0.4898908364545973,False,False,0.06850149692735963
0b64bcdb0784abc139af04077d49a20e,RS,canoas,4,0,0.0,0.0,2.357450810185185,6.128683449074074,8.495092592592592,4.75,137.6,68.21000000000001,0.0,0.4898908364545973,False,False,0.06850149692735963
0f0c984a4a955310903b6b6008660bad,SP,franca,4,0,0.0,0.0,1.4172309027777779,12.72300925925926,14.240300925925926,3.75,369.81,111.57,0.0,0.4898908364545973,False,False,0.06850149692735963
10264f60a8f0a4d2f30810f5c661c673,SP,campinas,4,0,0.0,0.0,1.0311689814814815,2.9360734953703704,4.128816550925926,5.0,284.6,41.86,0.0,0.4898908364545973,False,False,0.06850149692735963
119d1aef1b4144adba89163f6cd9f5d4,SP,pedreira,4,0,0.0,0.0,2.141568287037037,2.309253472222222,4.477740162037037,4.75,1094.0,204.24,0.0,0.4898908364545973,False,False,0.06850149692735963
120476eb7a04c149d14772edaf5d9bf2,RJ,angra dos reis,4,0,0.0,0.0,1.4394010416666667,6.104493634259259,7.798266782407407,4.25,2368.8,150.83,0.0,0.4898908364545973,False,False,0.06850149692735963
131fcb0a0c9a47bba4474aacff0f14b7,SP,sao paulo,4,0,0.0,0.0,2.052595486111111,2.2378501157407404,4.300601851851852,4.0,369.8,36.61,0.0,0.4898908364545973,False,False,0.06850149692735963
160e4f13fd3a64b1b86807be88b5ffb0,PR,colombo,4,0,0.0,0.25,7.9612847222222225,6.3129658564814815,14.298266782407408,4.25,886.0,94.45,0.0,0.4898908364545973,False,False,0.06850149692735963
189ca3538ce9f920cacf0f982cbe223b,SP,sao paulo,4,0,0.0,0.0,0.630462962962963,2.0584056712962964,4.121629050925926,4.25,419.0,62.67,0.0,0.4898908364545973,False,False,0.06850149692735963
19e0f40a907ec568c34bfac15de4f4a1,SP,americana,4,0,0.0,0.0,2.2044994212962963,3.2948263888888887,5.835399305555556,5.0,178.0,41.620000000000005,0.0,0.4898908364545973,False,False,0.06850149692735963
1b65c144b17e607c0f37f10bb7dfec8d,SC,rio do sul,4,0,0.0,0.0,0.5292554012345678,8.670028935185186,9.87824363425926,1.5,919.6,125.34,0.0,0.4898908364545973,False,False,0.06850149692735963
1e8c6a4c538f286aee9573239740a4b4,SP,itatiba,4,0,0.0,0.0,1.5046527777777778,5.373978587962963,7.021634837962963,4.25,291.5,50.09,0.0,0.4898908364545973,False,False,0.06850149692735963
21c62b998a043ebe31161d38f84929fc,CE,fortaleza,4,0,0.0,0.0,2.8711921296296294,10.416412037037038,13.303304398148148,4.5,750.49,90.84,0.0,0.4898908364545973,False,False,0.06850149692735963
22c32ec35d0116ef02c281798a25bf8b,PR,maringa,4,0,0.0,0.0,0.7341087962962962,10.246264467592592,11.45622974537037,3.75,119.58,90.43,0.0,0.4898908364545973,False,False,0.06850149692735963
2493dc3f20131696a0ecdb9948051a8d,DF,brasilia,4,0,0.0,0.0,1.1419270833333333,7.383330439814815,9.174956597222222,4.75,504.38,70.69,0.0,0.4898908364545973,False,False,0.06850149692735963
25debeafbce801fdd479539350185eee,SP,igaracu do tiete,4,0,0.0,0.5,4.99447337962963,10.268521412037037,15.28008101851852,3.5,172.86,69.0,0.0,0.4898908364545973,False,False,0.06850149692735963
262237171f48e85819065498cac80d7b,SC,brusque,4,0,0.0,0.0,1.9961766975308641,9.43642650462963,11.070480324074074,4.25,599.0,150.0,0.0,0.4898908364545973,False,False,0.06850149692735963
269cff2d3c8d205c11f37a52402ea93b,SP,catanduva,4,0,0.0,0.0,1.64296875,5.473668981481482,7.12845775462963,4.5,1281.59,133.41,0.0,0.4898908364545973,False,False,0.06850149692735963
29e6e05b65f93bc224c644319dc52ecf,MG,juiz de fora,4,0,0.0,0.0,0.7377835648148148,6.170379050925925,6.916348379629629,4.75,475.6,83.32,0.0,0.4898908364545973,False,False,0.06850149692735963
2ee0a0689f2f6a72f35a7cb6033f6e7e,SP,presidente prudente,4,0,0.0,0.0,0.8366059027777778,7.681750578703704,9.681559606481482,4.0,272.0,52.84,0.0,0.4898908364545973,False,False,0.06850149692735963
33ab10be054370c254ddfcf0a6253422,RJ,rio de janeiro,4,0,0.0,0.0,1.9135619212962962,3.869013310185185,5.813640046296296,5.0,213.2,52.33,0.0,0.4898908364545973,False,False,0.06850149692735963
34a557286ead8fe75c989e0afcf7d98c,SP,franca,4,0,0.0,0.0,1.7777584876543209,6.473683449074074,8.269539930555556,4.75,414.9,58.56,0.0,0.4898908364545973,False,False,0.06850149692735963
365e445f796710c3431557e85caa25db,SP,sao paulo,4,0,0.0,0.0,0.6480208333333333,7.734227430555555,8.38683449074074,4.5,1115.0,79.3,0.0,0.4898908364545973,False,False,0.06850149692735963
385799a1cddbd26dfeb9157356a42282,SP,sao paulo,4,0,0.0,0.0,3.9548234953703707,3.872349537037037,8.503075810185186,4.75,551.9399999999999,74.78,0.0,0.4898908364545973,False,False,0.06850149692735963
392353362d22cc2c236e1ee81ff19890,SC,blumenau,4,0,0.0,0.0,1.4321961805555556,6.036455439814815,8.402120949074074,4.5,238.76,149.49,0.0,0.4898908364545973,False,False,0.06850149692735963
3be5841cdcc46de4ed3f9116f104b2c5,SP,barueri,4,0,0.0,0.25,2.0522395833333333,4.6573697916666665,8.005859375,4.75,599.6,88.35,0.0,0.4898908364545973,False,False,0.06850149692735963
3bfba5a77604f6dfae7e6dd7aaf65821,PR,londrina,4,0,0.0,0.0,0.8863136574074073,7.980494791666667,9.362138310185186,5.0,2095.5,122.69,0.0,0.4898908364545973,False,False,0.06850149692735963
3d01d1c414c44b5943a09619ff3853cb,SP,campinas,4,0,0.0,0.0,0.9364554398148148,11.826684027777778,13.825367476851852,4.5,303.6,73.22,0.0,0.4898908364545973,False,False,0.06850149692735963
43402bdf22aa2310e8f99e2f94f78628,SP,ribeirao pires,4,0,0.0,0.25,10.574916087962961,5.01035011574074,16.566171875000002,2.5,649.95,187.15,0.0,0.4898908364545973,False,False,0.06850149692735963
45c20d94d9171b0bcfab3c955e47d67b,SP,cordeiropolis,4,0,0.0,0.0,1.9561400462962963,12.406267361111112,14.431024305555557,4.5,129.45999999999998,81.11,0.0,0.4898908364545973,False,False,0.06850149692735963
4a82168aaef173cbb6e46ae88728f919,PR,irati,4,0,0.0,0.0,1.7639496527777778,4.803721064814814,6.717989004629629,4.0,512.0,100.39,0.0,0.4898908364545973,False,False,0.06850149692735963
4b39558c138930b9e5489c93b6df5fe3,SE,aracaju,4,0,0.0,0.0,0.6981336805555556,11.374406828703703,12.827239583333334,4.5,1096.7,132.4,0.0,0.4898908364545973,False,False,0.06850149692735963
4c8545742faaf58fafd5fd14d25d75cf,SP,fernandopolis,4,0,0.0,0.0,0.9161111111111111,9.039282407407407,9.968619791666667,4.5,3020.0,196.31,0.0,0.4898908364545973,False,False,0.06850149692735963
4dbd95a08b31ede5c82d3f861cb1ce1a,PR,curitiba,4,0,0.0,0.25,4.016707175925926,8.310028935185185,12.341614583333333,4.75,370.78000000000003,93.14,0.0,0.4898908364545973,False,False,0.06850149692735963
4ea2f12dbe91deeacd2c1e74f069a6e6,SP,sao paulo,4,0,0.0,0.0,3.183304398148148,5.44669849537037,9.45769386574074,4.75,210.2,70.07,0.0,0.4898908364545973,False,False,0.06850149692735963
5145090ab595c0d0b8557199f5701fbf,PR,curitiba,4,0,0.0,0.25,6.049811921296296,8.300237268518519,15.680384837962961,4.25,1459.6,197.85,0.0,0.4898908364545973,False,False,0.06850149692735963
5194c22ed1f616ec0c0f33c571542879,MG,santa rita do sapucai,4,0,0.0,0.0,1.5167737268518517,8.482314814814815,12.323978587962962,4.25,245.6,80.85,0.0,0.4898908364545973,False,False,0.06850149692735963
52092ddbd3a58c450a4459bf051b2287,SP,dois corregos,4,0,0.0,0.0,1.4186342592592593,9.976015624999999,11.41544560185185,5.0,243.8,54.55,0.0,0.4898908364545973,False,False,0.06850149692735963
5275ca25d0358ca73864e0ae41be1320,SP,guarulhos,4,0,0.0,0.0,2.5747164351851852,4.330558449074074,7.039756944444445,4.75,409.6,69.22,0.0,0.4898908364545973,False,False,0.06850149692735963
52a50b42accf164f9f019941e5759d9b,SP,monte alegre do sul,4,0,0.0,0.25,1.1770370370370369,4.028107638888889,5.381053240740741,4.75,139.96,57.059999999999995,0.0,0.4898908364545973,False,False,0.06850149692735963
556a6409838156ea299c9d1f9e2dde43,PR,curitiba,4,0,0.0,0.0,0.6912181712962963,5.73377025462963,7.399207175925927,3.25,1362.8,86.84,0.0,0.4898908364545973,False,False,0.06850149692735963
5f0057b677eb963672bf05dfa3f16c34,SP,sao paulo,4,0,0.0,0.25,3.051924189814815,3.7292332175925926,7.040208333333333,5.0,213.88,51.11,0.0,0.4898908364545973,False,False,0.06850149692735963
606ce7768feac12c5e8bd58db8b08f0f,SP,campinas,4,0,0.0,0.0,2.2784780092592594,4.146521990740741,6.658078703703704,4.75,2566.7,82.74,0.0,0.4898908364545973,False,False,0.06850149692735963
61b18775be84fb700a6b2d0ba097bf66,SP,araraquara,4,0,0.0,0.0,2.455480324074074,8.106695601851852,10.575578703703703,4.75,334.5,101.51,0.0,0.4898908364545973,False,False,0.06850149692735963
661ad5fcc28cdfb8bcadb12bb2272475,SC,balneario camboriu,4,0,0.0,0.0,2.398492476851852,9.840853587962963,12.388914930555556,5.0,209.93,119.78,0.0,0.4898908364545973,False,False,0.06850149692735963
698f5fa55a5f73d0740e9d9a773e8093,RJ,rio de janeiro,4,0,0.0,0.0,0.40011574074074074,5.181082175925926,6.034730902777778,4.75,120.0,83.99,0.0,0.4898908364545973,False,False,0.06850149692735963
6c17baf138731a4aaacc3210adf2037b,SP,franca,4,0,0.0,0.0,0.7966840277777778,6.261171875,7.55021412037037,5.0,538.8,89.92,0.0,0.4898908364545973,False,False,0.06850149692735963
6c1b6d0c604b776f844125f911eb7377,SP,sao paulo,4,0,0.0,0.5,9.831018518518519,6.996623263888889,17.514010416666668,4.0,327.07,56.14,0.0,0.4898908364545973,False,False,0.06850149692735963
6d1b9c9579132c87d2703ec38c30f2c5,PR,curitiba,4,0,0.0,0.0,1.3256684027777779,7.667219328703704,9.304976851851853,4.5,299.69,67.7,0.0,0.4898908364545973,False,False,0.06850149692735963
713e3a23ca5e47786eb6f0d99f94cfac,PR,curitiba,4,0,0.0,0.0,1.3886631944444445,8.111614583333333,10.095622106481482,4.75,1126.0,87.03,0.0,0.4898908364545973,False,False,0.06850149692735963
71dc18fd8cbf5fd77f45dd8b427abb34,PR,curitiba,4,0,0.0,0.0,2.0706712962962963,8.156750578703704,10.731825810185185,5.0,1080.0,149.4,0.0,0.4898908364545973,False,False,0.06850149692735963
72c38a04bd6a1c3dbc5298425a0db86d,PR,cascavel,4,0,0.0,0.0,0.7308140432098765,8.244918981481481,8.807887731481483,3.75,647.3,113.35,0.0,0.4898908364545973,False,False,0.06850149692735963
74c7dec0a384d8a05950e629bd23bde9,SP,mogi guacu,4,0,0.0,0.25,4.4398003472222225,6.806799768518518,11.539169560185185,4.25,97.78,52.01,0.0,0.4898908364545973,False,False,0.06850149692735963
762fafdaa57a532ee0119731697579dd,SP,itu,4,0,0.0,0.25,1.766467013888889,2.4857002314814816,4.281822916666666,5.0,172.8,42.480000000000004,0.0,0.4898908364545973,False,False,0.06850149692735963
77714512e8d4dda9c234da8e3faf16e4,SP,guarulhos,4,0,0.0,0.0,2.127659143518519,8.682991898148147,12.183356481481482,4.25,243.4,105.58,0.0,0.4898908364545973,False,False,0.06850149692735963
7c51de0ab286204ce75ff42bf7c10d92,SC,picarras,4,0,0.0,0.0,0.9417939814814815,8.570405092592592,9.790217013888888,4.5,759.0,149.64,0.0,0.4898908364545973,False,False,0.06850149692735963
7d948535954aaf8c5d39db007f74372e,SP,guaruja,4,0,0.0,0.0,2.272421875,2.708923611111111,5.600842013888889,3.75,194.0,43.8,0.0,0.4898908364545973,False,False,0.06850149692735963
7e79d65b5c6f1f544b7daea036acf720,SP,sao caetano do sul,4,0,0.0,0.0,2.8534375,5.263862847222223,8.56722511574074,4.5,517.8,62.09,0.0,0.4898908364545973,False,False,0.06850149692735963
818d28f936e791926d33bcb6ee94ef79,SP,sao paulo,4,0,0.0,0.0,2.847962962962963,9.840703125000001,12.943929398148148,4.0,111.6,62.68,0.0,0.4898908364545973,False,False,0.06850149692735963
85044848b1b767db2a4a58526adef4b4,SP,osasco,4,0,0.0,0.0,1.0927488425925926,7.537711226851852,8.78732349537037,3.25,240.60000000000002,64.91,0.0,0.4898908364545973,False,False,0.06850149692735963
86bf77bdb52e615674772d5817c6212f,RS,viamao,4,0,0.0,0.0,0.9541290509259259,5.9004108796296295,7.522086226851852,4.75,281.8,97.58,0.0,0.4898908364545973,False,False,0.06850149692735963
883dd81e82754ac2c65e9790a7db8c9a,PR,curitiba,4,0,0.0,0.0,1.68625,6.299768518518519,8.000182291666667,5.0,259.6,64.2,0.0,0.4898908364545973,False,False,0.06850149692735963
8dfbc5ff27df12f6cef751d3b9554222,PR,curitiba,4,0,0.0,0.0,0.3643441358024691,9.14956886574074,10.066796875,4.5,226.0,90.12,0.0,0.4898908364545973,False,False,0.06850149692735963
90b36c5aeb728d5504a39f435bef0c5f,SP,conchal,4,0,0.0,0.25,4.047876157407408,7.676339699074074,11.74271412037037,5.0,153.89,94.0,0.0,0.4898908364545973,False,False,0.06850149692735963
91543f9849d68d023e17194926598543,SC,blumenau,4,0,0.0,0.25,3.7423640046296294,9.036903935185185,12.869427083333333,4.5,834.0,266.57,0.0,0.4898908364545973,False,False,0.06850149692735963
918717417d88a9f9ae9735567e6c7682,SP,sao paulo,4,0,0.0,0.25,4.166041666666667,3.9707233796296295,8.146559606481482,5.0,345.70000000000005,43.52,0.0,0.4898908364545973,False,False,0.06850149692735963
929f342384a6607afe143d789ade1316,PR,londrina,4,0,0.0,0.0,0.9968518518518519,3.488310185185185,4.4983478009259255,5.0,209.4,63.36,0.0,0.4898908364545973,False,False,0.06850149692735963
939e6227d6964a11a70aa91243e418f2,MG,conselheiro lafaiete,4,0,0.0,0.0,1.2358449074074074,3.976362847222222,5.3417332175925925,4.25,425.0,63.25,0.0,0.4898908364545973,False,False,0.06850149692735963
98115075dd26cb8835946fc6086f5d30,SP,ao bernardo do campo,4,0,0.0,0.0,1.3945457175925926,2.681730324074074,4.25859375,4.75,434.96000000000004,56.24,0.0,0.4898908364545973,False,False,0.06850149692735963
9aa388272ee334b6ae07bc73706e254a,MG,muriae,4,0,0.0,0.0,1.468504050925926,7.447152777777777,8.925691550925926,5.0,414.0,85.6,0.0,0.4898908364545973,False,False,0.06850149692735963
9cea4682e16655f7da87f406902e989e,PR,araucaria,4,0,0.0,0.0,3.51107349537037,6.533900462962963,10.071336805555555,4.0,87.75999999999999,131.47,0.0,0.4898908364545973,False,False,0.06850149692735963
9cf787a239c1aa29dbd76f153dc13f9a,SP,franca,4,0,0.0,0.0,1.2360590277777779,5.296467013888889,6.560300925925926,4.75,316.0,52.400000000000006,0.0,0.4898908364545973,False,False,0.06850149692735963
9d489893ff6af05029671b785f54b998,SP,leme,4,0,0.0,0.0,0.6296440972222223,4.885920138888888,6.528330439814815,4.75,229.7,71.94,0.0,0.4898908364545973,False,False,0.06850149692735963
9dc79dd988ac42f4d56c340d7048420a,SP,sao paulo,4,0,0.0,0.0,0.9798900462962963,5.526770833333334,6.52150462962963,4.75,749.6,94.33,0.0,0.4898908364545973,False,False,0.06850149692735963
a080fc8a850289b27500f6b49cca2553,SP,sao paulo,4,0,0.0,0.0,1.200931712962963,4.208324652777778,5.423171296296296,4.75,383.0,52.57,0.0,0.4898908364545973,False,False,0.06850149692735963
a0a14e50070f3225b3eabba5b85da517,PR,curitiba,4,0,0.0,0.0,0.7538831018518518,4.942028356481482,6.053330439814815,4.5,176.2,72.44,0.0,0.4898908364545973,False,False,0.06850149692735963
a35124e2d763d7ca3fbe3b97d143200f,SP,sao paulo,4,0,0.0,0.25,6.030758101851852,4.526490162037037,10.707777777777778,4.75,411.5,78.89,0.0,0.4898908364545973,False,False,0.06850149692735963
a4bd6e9adf39b63f43dc545d3ca1f53d,RJ,rio de janeiro,4,0,0.0,0.25,3.0216261574074075,7.212633101851852,10.501377314814814,4.5,1848.59,112.38000000000001,0.0,0.4898908364545973,False,False,0.06850149692735963
a53f60f05f822b5c621a50ff6a5cb362,MG,uberlandia,4,0,0.0,0.25,5.790830439814815,5.049797453703704,11.473101851851853,3.6666666666666665,415.40000000000003,129.13,0.0,0.4898908364545973,False,False,0.06850149692735963
a5bff0f43eb51f0cad7c37fac7244c8a,SP,sao paulo,4,0,0.0,0.0,1.8564901620370369,13.536961805555556,15.874427083333334,4.75,445.0,96.27000000000001,0.0,0.4898908364545973,False,False,0.06850149692735963
a9b533a26e898b12e8b8d4c07279bf4d,RJ,rio de janeiro,4,0,0.0,0.75,5.347175925925926,8.713246527777777,15.162638888888889,5.0,119.6,71.46,0.0,0.4898908364545973,False,False,0.06850149692735963
ab9db4cf53b08b828b64dccaafc2d9f0,RS,paraiso do sul,4,0,0.0,0.0,2.679337384259259,8.674129050925925,11.719855324074075,5.0,177.78,105.82000000000001,0.0,0.4898908364545973,False,False,0.06850149692735963
acf974e4d5950ad143a247471b831eb9,RS,caxias do sul,4,0,0.0,0.0,2.3466087962962963,9.834476273148148,12.83363425925926,4.666666666666667,383.70000000000005,307.62,0.0,0.4898908364545973,False,False,0.06850149692735963
b01c2b7b8599b325103ebcddc67413e1,RS,venancio aires,4,0,0.0,0.0,3.444837962962963,4.999105902777778,8.455002893518518,4.75,169.45,72.67,0.0,0.4898908364545973,False,False,0.06850149692735963
b37c4c02bda3161a7546a4e6d222d5b2,SP,sao paulo,4,0,0.0,0.75,7.183203125,9.88685763888889,18.67324074074074,2.25,24075.0,412.6,0.0,0.4898908364545973,False,False,0.06850149692735963
b44dbfbf62e52125f3c15d230569ea91,SP,sao paulo,4,0,0.0,0.0,0.40971932870370376,4.376652199074074,4.995295138888889,4.75,609.37,89.69000000000001,0.0,0.4898908364545973,False,False,0.06850149692735963
b88e7c57cb2d8b973b7dd4a2bfa14b36,PR,curitiba,4,0,0.0,0.0,0.602644675925926,8.248695023148148,9.365081018518518,4.25,353.9,65.77,0.0,0.4898908364545973,False,False,0.06850149692735963
b98b715fe9e276204e2a3464f48cd796,SP,sao paulo,4,0,0.0,0.25,5.961941550925927,5.2217390046296295,11.317511574074075,4.0,388.6,50.93,0.0,0.4898908364545973,False,False,0.06850149692735963
bc503e244f187939d10c92a5c8e378ce,SP,birigui,4,0,0.0,0.0,1.356284722222222,8.996869212962963,11.320581597222223,4.75,342.05,157.76999999999998,0.0,0.4898908364545973,False,False,0.06850149692735963
bdae679a9b282249bc23b9b69dae9a99,DF,brasilia,4,0,0.0,0.5,6.247398726851852,6.205436921296297,13.376461226851852,3.75,465.95,124.9,0.0,0.4898908364545973,False,False,0.06850149692735963
bf961104a38e01b9062ee026bb657dee,SP,ribeirao preto,4,0,0.0,0.0,1.6613310185185186,7.059933449074074,9.057149884259259,4.5,585.56,79.9,0.0,0.4898908364545973,False,False,0.06850149692735963
bfd938b22bc99bce1ae60dc602889f52,RJ,rio de janeiro,4,0,0.0,0.5,4.556328125,6.510833333333333,11.562456597222223,5.0,623.4,100.47,0.0,0.4898908364545973,False,False,0.06850149692735963
c0aff2da32c17759d30b22fb0af6649d,SC,florianopolis,4,0,0.0,0.0,0.3502199074074074,7.270292245370371,7.762465277777777,3.75,188.8,83.53,0.0,0.4898908364545973,False,False,0.06850149692735963
c458e2045a8aa8964f8879af03fdcce6,SP,sao caetano do sul,4,0,0.0,0.25,4.3012847222222215,11.297141203703704,16.03906539351852,2.75,494.91,196.79000000000002,0.0,0.4898908364545973,False,False,0.06850149692735963
c4af86330efa7a2620772227d2d670c9,SP,mogi das cruzes,4,0,0.0,0.0,1.475011574074074,12.338026620370371,15.150208333333333,4.333333333333333,5396.0,364.96,0.0,0.4898908364545973,False,False,0.06850149692735963
c5e60e39c0f42b8e827daa13cff74afa,SP,sao paulo,4,0,0.0,0.0,1.6767013888888889,2.1968229166666666,4.272222222222222,4.75,79.6,33.2,0.0,0.4898908364545973,False,False,0.06850149692735963
c7bb64409aa480bb7d0335faaaf3d242,SC,joinville,4,0,0.0,0.0,1.7048292824074074,3.839519675925926,5.879091435185185,2.25,97.6,67.56,0.0,0.4898908364545973,False,False,0.06850149692735963
c9e5ad1f6647f5dbd1172adf6ae3cada,RS,porto alegre,4,0,0.0,0.0,2.6844212962962963,6.1446730324074075,9.245217013888889,4.75,259.03,60.95,0.0,0.4898908364545973,False,False,0.06850149692735963
cb5ff1b9715e99589f3e0c7a6afab9e3,PR,maringa,4,0,0.0,0.0,1.3626880787037037,4.384233217592593,6.08377025462963,4.0,85.0,54.03,0.0,0.4898908364545973,False,False,0.06850149692735963
ce20a2ec1514c25e16f2b5b39bc818f0,SP,sao paulo,4,0,0.0,0.0,2.723564814814815,11.50379050925926,14.237659143518519,4.75,287.0,209.03,0.0,0.4898908364545973,False,False,0.06850149692735963
d9d43faf741ceaa8da52fdbb81d9e0e3,SP,juiz de fora,4,0,0.0,0.0,2.5464785879629632,6.155023148148148,9.143130787037038,4.0,161.0,174.79000000000002,0.0,0.4898908364545973,False,False,0.06850149692735963
da03c298e3999e9d828591fc2179d109,SP,sao paulo,4,0,0.0,0.5,3.6178211805555556,5.843721064814814,9.591380208333334,4.75,787.7,54.78,0.0,0.4898908364545973,False,False,0.06850149692735963
dbbcfe2c8d026742134ac3e28ccde274,PR,curitiba,4,0,0.0,0.0,3.7390711805555554,4.5307407407407405,8.287314814814815,4.0,308.59000000000003,54.379999999999995,0.0,0.4898908364545973,False,False,0.06850149692735963
dc50afafdfa325eadc890c7fa42a8f4e,PR,maringa,4,0,0.0,0.0,1.1378009259259259,4.940225694444445,6.205685763888889,4.75,424.2,57.28,0.0,0.4898908364545973,False,False,0.06850149692735963
dc64d75cc406bb0697be983831430e60,MG,belo horizonte,4,0,0.0,0.0,0.4764583333333333,9.605769675925925,10.212702546296295,4.75,813.0,92.55000000000001,0.0,0.4898908364545973,False,False,0.06850149692735963
e51f22821f0c12a16ad5c020cdcd55e9,SP,carapicuiba,4,0,0.0,0.0,2.1788975694444446,7.551420717592593,10.324129050925926,4.75,898.71,98.13,0.0,0.4898908364545973,False,False,0.06850149692735963
e5c84227854980f1db19a58958c551d9,PR,fazenda rio grande,4,0,0.0,0.0,5.542077546296296,4.495593171296297,10.187983217592592,4.75,72.81,68.83,0.0,0.4898908364545973,False,False,0.06850149692735963
e5d4b2b0c3bca22085f7a19a28de0c42,SC,joinville,4,0,0.0,0.0,1.3812905092592593,11.130523726851852,12.684464699074073,4.5,205.8,63.76,0.0,0.4898908364545973,False,False,0.06850149692735963
ed46f1eb4a638113deb2a1137b5f22e9,SC,indaial,4,0,0.0,0.0,1.9909403935185186,5.079719328703703,7.358561921296296,4.0,3470.0,216.68,0.0,0.4898908364545973,False,False,0.06850149692735963
eec3469d83e142f9a104886655338c37,SP,bauru,4,0,0.0,0.25,4.494866898148148,5.134091435185185,9.977416087962963,4.5,185.7,54.74,0.0,0.4898908364545973,False,False,0.06850149692735963
f2336e113377dd21c744d9c4fc8293a9,SP,sao paulo,4,0,0.0,0.5,6.334389467592593,13.624551504629629,20.24722511574074,4.25,3563.0,199.07999999999998,0.0,0.4898908364545973,False,False,0.06850149692735963
f4ce8ca9fa7157e3b33f536ac9a4487d,SP,penapolis,4,0,0.0,0.0,0.7030478395061728,5.423379629629629,6.975619212962963,4.75,409.6,97.53,0.0,0.4898908364545973,False,False,0.06850149692735963
f650a9708fa1bab22bdd8d3a818cc415,SC,ararangua,4,0,0.0,0.75,4.632523148148148,10.682850115740742,15.323486689814816,4.0,416.04,71.44,0.0,0.4898908364545973,False,False,0.06850149692735963
fc908879b9ca1bd65419e54e50432d38,SP,sao paulo,4,0,0.0,0.0,3.374557291666667,4.852381365740741,8.675014467592591,5.0,119.19999999999999,52.68,0.0,0.4898908364545973,False,False,0.06850149692735963
fec8cd45395b3cb0c2b173d7739706a1,SP,jambeiro,4,0,0.0,0.0,2.3748350694444444,8.057297453703704,10.44833912037037,3.75,1280.0,96.94,0.0,0.4898908364545973,False,False,0.06850149692735963
ff82e8873fba613f2261a9acc896fd84,MG,itabira,4,0,0.0,0.0,0.8737673611111112,8.23740451388889,9.54111400462963,3.5,124.6,58.93,0.0,0.4898908364545973,False,False,0.06850149692735963
0015a82c2db000af6aaaf3ae2ecb0532,SP,santo andre,3,0,0.0,0.0,2.8043518518518518,7.433294753086419,10.793885030864198,3.6666666666666665,2685.0,63.06,5.551115123125783e-17,0.5614970317550454,False,False,0.06850149692735963
01266d4c46afa519678d16a8b683d325,PR,curitiba,3,0,0.0,0.0,0.6334375,4.860243055555556,5.922897376543209,5.0,90.25,47.230000000000004,5.551115123125783e-17,0.5614970317550454,False,False,0.06850149692735963
044668ccd5316b12a7cf0d54a156e3e9,SP,osasco,3,0,0.0,0.0,1.2681057098765434,6.564128086419752,7.8470100308641975,5.0,137.8,53.55,5.551115123125783e-17,0.5614970317550454,False,False,0.06850149692735963
0761743cbffb25d7148189e9f1a5f03a,SP,ribeirao preto,3,0,0.0,0.0,2.71579475308642,9.835150462962963,13.137214506172839,4.666666666666667,241.2,86.2,5.551115123125783e-17,0.5614970317550454,False,False,0.06850149692735963
08f5819815f3d06545011850bd70f0a8,SP,santos,3,0,0.0,0.0,2.029008487654321,6.190756172839506,8.471766975308642,4.666666666666667,452.0,70.83,5.551115123125783e-17,0.5614970317550454,False,False,0.06850149692735963
0b0ddbc7b9d9584f442c7ac92b0ff6c9,SP,guarulhos,3,0,0.0,0.0,3.3394637345679015,8.257608024691358,11.944313271604939,4.666666666666667,1416.76,133.88,5.551115123125783e-17,0.5614970317550454,False,False,0.06850149692735963
0cab2da43793a6f3c5ed8514c5f54627,PR,curitiba,3,0,0.0,0.0,0.4263599537037037,4.393888888888889,5.005370370370371,5.0,309.70000000000005,57.2,5.551115123125783e-17,0.5614970317550454,False,False,0.06850149692735963
0d4c8269e7f0401201794deef160edd6,SP,ribeirao preto,3,0,0.0,0.0,2.7353819444444447,14.32846450617284,17.420385802469138,3.6666666666666665,792.64,99.39,5.551115123125783e-17,0.5614970317550454,False,False,0.06850149692735963
0e72c1a751b496722a6cb1f10653b62a,SP,sao paulo,3,0,0.0,0.0,0.9547067901234568,5.857337962962963,6.891940586419753,4.666666666666667,140.8,51.300000000000004,5.551115123125783e-17,0.5614970317550454,False,False,0.06850149692735963
0ec28cec4046a4a199b6de9b4c891d97,GO,goiania,3,0,0.0,0.0,2.9493981481481484,6.64005787037037,10.472314814814816,5.0,296.6,56.04,5.551115123125783e-17,0.5614970317550454,False,False,0.06850149692735963
0f7eea709efdf942b5f95c7516dbacd7,SP,pedrinhas paulista,3,0,0.0,0.0,2.1174614197530865,5.91375,8.043919753086419,4.0,195.74,44.32,5.551115123125783e-17,0.5614970317550454,False,False,0.06850149692735963
0fe2d9733ed841eb064503920015a8c0,SP,ourinhos,3,0,0.0,0.0,0.7359953703703703,8.175960648148148,8.665925925925926,4.666666666666667,389.64,108.71000000000001,5.551115123125783e-17,0.5614970317550454,False,False,0.06850149692735963
10089e9f2fd0c668a8fd4e52e1698888,SP,sao jose do rio preto,3,0,0.0,0.0,1.8580131172839505,5.770640432098766,7.632048611111112,4.333333333333333,1139.9,59.41,5.551115123125783e-17,0.5614970317550454,False,False,0.06850149692735963
10cdd491d1dbea8fb4ead97b19c334ce,MG,santa rita do sapucai,3,0,0.0,0.0,1.6257291666666667,5.453915895061729,7.089984567901234,5.0,208.9,78.86,5.551115123125783e-17,0.5614970317550454,False,False,0.06850149692735963
11d4c477d09821164bca4f70a2eae031,SP,ribeirao preto,3,0,0.0,0.0,1.175138888888889,5.800929783950617,6.984386574074073,5.0,83.04,57.81999999999999,5.551115123125783e-17,0.5614970317550454,False,False,0.06850149692735963
11fb6f6d341adbe19e81733701704635,SP,sao paulo,3,0,0.0,0.0,1.148900462962963,3.810625,5.362199074074074,5.0,1197.0,399.65999999999997,5.551115123125783e-17,0.5614970317550454,False,False,0.06850149692735963
1284de4ae8aa26997e748c851557cf0e,SP,laranjeiras do sul,3,0,0.0,0.0,0.7590856481481483,17.626095679012348,19.269425154320988,2.6666666666666665,1459.97,86.86999999999999,5.551115123125783e-17,0.5614970317550454,False,False,0.06850149692735963
134285d1f41da5c13a756ee8142c8a4e,SP,sao paulo,3,0,0.0,0.0,1.8100655864197532,6.194822530864197,8.01778163580247,3.3333333333333335,1572.6999999999998,80.93,5.551115123125783e-17,0.5614970317550454,False,False,0.06850149692735963
13dd308f81fea30cc670c656b2b46cc3,SP,santa barbara d'oeste,3,0,0.0,0.0,1.2150925925925926,2.409104938271605,3.6380208333333335,5.0,117.69999999999999,33.440000000000005,5.551115123125783e-17,0.5614970317550454,False,False,0.06850149692735963
1588ac4010787100dddef64568f0ae35,PR,maringa,3,0,0.0,0.0,2.947503858024691,14.218479938271605,19.871010802469137,3.0,599.97,46.0,5.551115123125783e-17,0.5614970317550454,False,False,0.06850149692735963
184725737946a1a938bbbd1a9e978103,SP,maua,3,0,0.0,0.0,1.158383487654321,7.408005401234568,8.57604938271605,4.666666666666667,359.70000000000005,43.870000000000005,5.551115123125783e-17,0.5614970317550454,False,False,0.06850149692735963
1bc2e21de46adfea6b98cc96b00f3b40,SC,joinville,3,0,0.0,0.6666666666666666,7.092797067901235,8.865347222222221,16.51103009259259,3.3333333333333335,1039.95,102.60000000000001,5.551115123125783e-17,0.5614970317550454,False,False,0.06850149692735963
1c56ffe0e9dea2657fc6e95b53f40b13,SP,sao carlos,3,0,0.0,0.0,0.5916975308641975,5.503140432098765,6.678163580246913,4.333333333333333,183.0,84.39,5.551115123125783e-17,0.5614970317550454,False,False,0.06850149692735963
1e47defeeadeca0e9a18fa5a9311e735,SP,catanduva,3,0,0.0,0.0,0.44182484567901237,11.563491512345678,12.017928240740739,5.0,234.12,57.5,5.551115123125783e-17,0.5614970317550454,False,False,0.06850149692735963
1f7fd2a6fcd5a6fa5d8a4dabc72aaae0,RS,venancio aires,3,0,0.0,0.0,0.8440007716049381,6.134706790123457,7.109780092592593,5.0,531.8,100.88,5.551115123125783e-17,0.5614970317550454,False,False,0.06850149692735963
2063dd1b9f568df1c16741ea7d3e6adb,PR,guarapuava,3,0,0.0,0.0,1.209621913580247,11.43158950617284,12.651215277777778,5.0,763.1,57.17,5.551115123125783e-17,0.5614970317550454,False,False,0.06850149692735963
2075d8cd4dd63ff12df0749a5866bb06,PR,curitiba,3,0,0.0,0.0,1.059704861111111,3.644031635802469,4.744471450617284,5.0,184.70000000000002,57.53,5.551115123125783e-17,0.5614970317550454,False,False,0.06850149692735963
20a7efa9721046319bdde5d60b6b5365,SP,laguna,3,0,0.0,0.0,0.7560686728395062,18.324375,19.369699074074074,5.0,501.20000000000005,95.39,5.551115123125783e-17,0.5614970317550454,False,False,0.06850149692735963
213fafb0ca06fb3d5886579c2565791b,MG,sete lagoas,3,0,0.0,0.0,0.09003472222222221,3.545891203703704,4.259791666666667,2.3333333333333335,189.70000000000002,27.16,5.551115123125783e-17,0.5614970317550454,False,False,0.06850149692735963
2305ab43e846518f58dd9d59f3f54e96,SP,sao paulo,3,0,0.0,0.3333333333333333,3.352476851851852,8.411427469135804,11.829328703703704,3.6666666666666665,788.89,42.370000000000005,5.551115123125783e-17,0.5614970317550454,False,False,0.06850149692735963
25be943a321c8938947bdaabca979a90,SP,sao bernardo do campo,3,0,0.0,0.0,1.8690702160493828,1.3223456790123456,3.203792438271605,4.333333333333333,479.0,95.63,5.551115123125783e-17,0.5614970317550454,False,False,0.06850149692735963
269c5fc9fcadee614364c3620c30a1f9,SP,guarulhos,3,0,0.0,0.0,2.6598611111111112,1.9108912037037038,4.606662808641976,5.0,209.6,45.12,5.551115123125783e-17,0.5614970317550454,False,False,0.06850149692735963
26b482dccfa29bd2e40703ba45523702,SP,santa barbara d´oeste,3,0,0.0,0.0,0.9095447530864198,2.5952199074074076,3.5925617283950615,5.0,344.78,67.63,5.551115123125783e-17,0.5614970317550454,False,False,0.06850149692735963
26e13b6ff5b641b329e5524241ee2c93,SP,franca,3,0,0.0,0.0,0.5697916666666667,6.386485339506173,6.965096450617284,5.0,89.8,44.05,5.551115123125783e-17,0.5614970317550454,False,False,0.06850149692735963
28c7d8743fbc8679f484868cc0fcaefb,SP,itaporanga,3,0,0.0,0.3333333333333333,2.7833449074074075,10.720910493827162,13.52462962962963,5.0,201.5,68.86,5.551115123125783e-17,0.5614970317550454,False,False,0.06850149692735963
2a7c6c0b0d5efde2bf75ec1e1cec2d41,PR,maringa,3,0,0.0,0.3333333333333333,2.675358796296296,7.180478395061729,10.607287808641976,3.3333333333333335,147.6,44.44,5.551115123125783e-17,0.5614970317550454,False,False,0.06850149692735963
2b2fed75b8e5ea3a052fc4c0825da485,MG,juiz de fora,3,0,0.0,0.0,0.8134992283950617,3.4037422839506175,5.570671296296297,5.0,510.9,59.93,5.551115123125783e-17,0.5614970317550454,False,False,0.06850149692735963
2b3b9ce054da76a7428df143a567b156,SP,sao paulo,3,0,0.0,0.0,2.6243287037037035,6.569648919753086,9.735235339506174,4.333333333333333,178.0,45.17,5.551115123125783e-17,0.5614970317550454,False,False,0.06850149692735963
2c43fb513632d29b3b58df74816f1b06,MG,belo horizonte,3,0,0.0,0.0,1.2924537037037036,3.098973765432099,4.594564043209877,3.6666666666666665,858.0,72.17,5.551115123125783e-17,0.5614970317550454,False,False,0.06850149692735963
2d22fc3089eb907b29ebff50581fb472,RJ,macae,3,0,0.0,0.0,0.704753086419753,8.887986111111111,9.620108024691358,3.6666666666666665,317.70000000000005,59.69,5.551115123125783e-17,0.5614970317550454,False,False,0.06850149692735963
2dd1fb6f0e42a2243b8a01e40cd41216,PR,curitiba,3,0,0.0,0.0,0.45494984567901237,12.243113425925927,13.608958333333334,3.6666666666666665,686.89,80.43,5.551115123125783e-17,0.5614970317550454,False,False,0.06850149692735963
2eeb6531ee027a48d401e72bebdd87d3,SP,sao jose dos campos,3,0,0.0,0.0,1.4515547839506173,10.077249228395063,12.211415895061728,4.333333333333333,38.7,40.0,5.551115123125783e-17,0.5614970317550454,False,False,0.06850149692735963
2f73e04d12cdf0c945ded66bb3fcf6c7,ES,cachoeiro de itapemirim,3,0,0.0,0.0,1.7616859567901235,11.453792438271606,13.595486111111109,3.3333333333333335,1359.0,101.85,5.551115123125783e-17,0.5614970317550454,False,False,0.06850149692735963
340636a908b13bbe0f4fb63fbe1d0c03,SP,sao jose dos campos,3,0,0.0,0.0,3.0778858024691362,3.9571720679012343,7.826103395061729,5.0,490.5,36.0,5.551115123125783e-17,0.5614970317550454,False,False,0.06850149692735963
353e21e8bf8de2722b4fae1636664b76,RS,canoas,3,0,0.0,0.0,2.3272145061728398,7.245532407407407,10.353244598765434,3.0,182.0,52.83,5.551115123125783e-17,0.5614970317550454,False,False,0.06850149692735963
35ef5aa32949680f627efec3c23e705c,SC,sombrio,3,0,0.0,0.0,1.3561805555555555,8.031859567901234,9.427731481481482,4.666666666666667,307.8,104.52999999999999,5.551115123125783e-17,0.5614970317550454,False,False,0.06850149692735963
39a5005f2605cbdb4f9ac14485cabfd1,SP,barretos,3,0,0.0,0.0,0.9882677469135803,7.708217592592592,9.623873456790124,5.0,501.07,232.58999999999997,5.551115123125783e-17,0.5614970317550454,False,False,0.06850149692735963
39f776d2974049026ff531fc42ef2a3e,GO,goiania,3,0,0.0,0.3333333333333333,9.281118827160492,6.986122685185186,16.382831790123458,3.6666666666666665,1084.04,90.37,5.551115123125783e-17,0.5614970317550454,False,False,0.06850149692735963
3d290fe363c60a77498c1126fd3fb8d3,SP,itapevi,3,0,0.0,0.3333333333333333,3.329170524691358,3.6338078703703705,7.46141975308642,4.333333333333333,198.98,35.06,5.551115123125783e-17,0.5614970317550454,False,False,0.06850149692735963
3d49bfdd1b43a7fe169b3740067acc61,MG,montes claros,3,0,0.0,0.0,0.6469039351851853,6.780686728395062,8.759347993827161,4.666666666666667,215.0,61.82,5.551115123125783e-17,0.5614970317550454,False,False,0.06850149692735963
3f84fefc07dc159b268d4a77d3e8c425,PR,fazenda rio grande,3,0,0.0,0.3333333333333333,2.7905131172839504,5.168869598765432,8.068271604938271,5.0,200.6,51.32,5.551115123125783e-17,0.5614970317550454,False,False,0.06850149692735963
3fadb4cba4c35bce6a7eaf9872d5623a,RS,caxias do sul,3,0,0.0,0.0,1.5603086419753087,5.562391975308642,9.260574845679013,3.3333333333333335,209.5,68.02000000000001,5.551115123125783e-17,0.5614970317550454,False,False,0.06850149692735963
41c9d3997dd3c072c31139dc5bb5761f,MG,araxa,3,0,0.0,0.6666666666666666,9.847750771604938,11.564116512345677,22.206986882716052,4.333333333333333,998.8,111.74000000000001,5.551115123125783e-17,0.5614970317550454,False,False,0.06850149692735963
4391ea5c5990502176a1dcda44a2373d,RS,porto alegre,3,0,0.0,0.0,1.0103819444444444,10.085570987654322,12.014274691358025,4.666666666666667,2349.0,135.3,5.551115123125783e-17,0.5614970317550454,False,False,0.06850149692735963
446cc09cdbb130904da114e807dbec40,SP,sao paulo,3,0,0.0,0.0,0.8150154320987655,2.918560956790124,4.268302469135803,4.666666666666667,252.8,54.17,5.551115123125783e-17,0.5614970317550454,False,False,0.06850149692735963
478bfe564db21eeb44386606aa30b650,MG,pedro leopoldo,3,0,0.0,0.3333333333333333,4.880895061728395,9.084471450617285,13.974162808641973,4.666666666666667,182.70000000000002,48.1,5.551115123125783e-17,0.5614970317550454,False,False,0.06850149692735963
485452467ff670447e84a8370c3fc898,SC,taio,3,0,0.0,0.0,2.387542438271605,11.81903935185185,14.225609567901236,4.666666666666667,175.7,139.74,5.551115123125783e-17,0.5614970317550454,False,False,0.06850149692735963
4a23adac87cf538689fa600d976f78b2,SP,sao paulo,3,0,0.0,0.3333333333333333,6.356921296296296,5.720459104938271,8.555979938271605,4.333333333333333,405.0,35.41,5.551115123125783e-17,0.5614970317550454,False,False,0.06850149692735963
4a82c4af97ffc0fb2dc26bfdc03b1842,MG,lagoa da prata,3,0,0.0,0.0,2.106539351851852,10.119594907407407,12.739297839506174,5.0,143.7,67.2,5.551115123125783e-17,0.5614970317550454,False,False,0.06850149692735963
4e326052e5dbba8adcd512f3450a307e,SP,sao paulo,3,0,0.0,0.0,2.775451388888889,14.35951774691358,17.967380401234568,2.3333333333333335,570.0,85.96,5.551115123125783e-17,0.5614970317550454,False,False,0.06850149692735963
4e6015589b781adaa5ce7f1892d06bb1,SP,guaruja,3,0,0.0,0.0,2.441763117283951,3.3777932098765433,5.894976851851851,3.6666666666666665,684.0,56.5,5.551115123125783e-17,0.5614970317550454,False,False,0.06850149692735963
519a7aa428f18d125a283cf8c014fdd6,SC,rio do oeste,3,0,0.0,0.0,1.7063966049382715,5.7651157407407405,7.4835262345679014,4.0,79.69999999999999,73.1,5.551115123125783e-17,0.5614970317550454,False,False,0.06850149692735963
51f108f62cb87d61918159902c8f8583,PR,cascavel,3,0,0.0,0.0,0.6611766975308643,4.917507716049383,5.971261574074074,4.333333333333333,303.73,75.03,5.551115123125783e-17,0.5614970317550454,False,False,0.06850149692735963
52454f90d4c30c016768db02f88c1a74,SP,campinas,3,0,0.0,1.0,6.052368827160493,5.829953703703704,12.69337577160494,3.6666666666666665,80.5,67.17,5.551115123125783e-17,0.5614970317550454,False,False,0.06850149692735963
53088c75f948b48a7ece173ac17f0c12,RS,triunfo,3,0,0.0,0.0,3.0183680555555554,7.935871913580248,10.963942901234567,5.0,261.70000000000005,54.53,5.551115123125783e-17,0.5614970317550454,False,False,0.06850149692735963
56f413900b5166ab4d730e9ac0b12cb0,SP,sorocaba,3,0,0.0,0.0,2.853695987654321,7.11755787037037,10.19193287037037,4.666666666666667,151.79,42.45,5.551115123125783e-17,0.5614970317550454,False,False,0.06850149692735963
5741dc2bf5044c34d0698681c5081bed,SP,sao jose dos campos,3,0,0.0,0.3333333333333333,3.7913966049382712,3.3860841049382717,7.190243055555555,5.0,89.69999999999999,34.05,5.551115123125783e-17,0.5614970317550454,False,False,0.06850149692735963
5bf397d04035b5f45cc41e82ec106803,SP,sao paulo,3,0,0.0,0.0,0.9821219135802469,3.022395833333333,4.018661265432098,4.333333333333333,1525.0,47.28,5.551115123125783e-17,0.5614970317550454,False,False,0.06850149692735963
5f06030071324cc52bf0304014ac7234,SP,marilia,3,0,0.0,0.0,3.113464506172839,8.021666666666667,11.1438387345679,4.666666666666667,587.97,66.21000000000001,5.551115123125783e-17,0.5614970317550454,False,False,0.06850149692735963
5f5a58930c3c35f3b5af264f34fb8c85,SP,ribeirao preto,3,0,0.0,0.0,3.0313811728395064,4.450659722222222,7.959606481481482,5.0,560.0,68.59,5.551115123125783e-17,0.5614970317550454,False,False,0.06850149692735963
626ab1cd96932367f0eeec2e47046c12,SP,sao paulo,3,0,0.0,0.0,0.8972608024691358,5.35096450617284,7.193283179012345,4.666666666666667,1310.0,80.47,5.551115123125783e-17,0.5614970317550454,False,False,0.06850149692735963
6548c2550b6e2d8f18053216e1c7b6f3,SP,diadema,3,0,0.0,0.3333333333333333,3.8696875000000004,3.6053009259259263,6.486157407407408,5.0,217.7,69.85000000000001,5.551115123125783e-17,0.5614970317550454,False,False,0.06850149692735963
657969cca82e884d272385ec0ef06edd,RS,estancia velha,3,0,0.0,0.0,1.2858912037037038,5.076145833333334,8.105501543209877,4.666666666666667,139.70000000000002,51.86,5.551115123125783e-17,0.5614970317550454,False,False,0.06850149692735963
65a7c0788e4d632ccb5e1b594b87f0bb,SP,sao paulo,3,0,0.0,0.0,5.681327160493827,5.25136188271605,11.02778549382716,4.333333333333333,266.7,117.42,5.551115123125783e-17,0.5614970317550454,False,False,0.06850149692735963
68ca56ce86830f3d31b1b7ec6a54da3e,PR,guaratuba,3,0,0.0,0.0,1.4095524691358026,4.644448302469136,6.0620987654321,5.0,302.8,85.36999999999999,5.551115123125783e-17,0.5614970317550454,False,False,0.06850149692735963
6ba4733aa33f6386e9fb0c0fd3993b38,RS,torres,3,0,0.0,0.0,1.855949074074074,10.512067901234568,12.429888117283951,4.666666666666667,149.79,60.09,5.551115123125783e-17,0.5614970317550454,False,False,0.06850149692735963
6bb62a4912377c7bfe7cb17b406bc7e6,SP,jundiai,3,0,0.0,0.3333333333333333,2.2839699074074074,2.679355709876543,5.368032407407408,5.0,722.63,94.03,5.551115123125783e-17,0.5614970317550454,False,False,0.06850149692735963
6bb66d9870c2e01c05655c7ed0e7ee13,SP,sao paulo,3,0,0.0,0.0,0.5999884259259259,7.294548611111111,8.319984567901235,3.6666666666666665,269.0,52.02,5.551115123125783e-17,0.5614970317550454,False,False,0.06850149692735963
6d2f2e3b539480db1e0842b3a4e32e6e,SP,guarulhos,3,0,0.0,0.0,4.588869598765432,1.6592438271604937,6.255354938271605,3.6666666666666665,305.96,168.3,5.551115123125783e-17,0.5614970317550454,False,False,0.06850149692735963
6d7f8d9d594e28796b6b3205b00f459c,PR,curitiba,3,0,0.0,0.3333333333333333,5.908140432098765,9.372191358024692,15.28804012345679,3.6666666666666665,417.9,59.11,5.551115123125783e-17,0.5614970317550454,False,False,0.06850149692735963
6fa9202c10491e472dffd59a3e82b2a3,SP,sorocaba,3,0,0.0,0.0,0.6523804012345679,6.703510802469136,8.464201388888888,4.333333333333333,7014.24,925.01,5.551115123125783e-17,0.5614970317550454,False,False,0.06850149692735963
70126eecc6aa1274392a1743866e9678,SP,barueri,3,0,0.0,0.0,0.7292361111111111,4.279363425925926,5.5894405864197525,5.0,97.39999999999999,47.34,5.551115123125783e-17,0.5614970317550454,False,False,0.06850149692735963
7238f877570096ae403c51898fa64566,SP,santana de parnaiba,3,0,0.0,0.0,0.8404012345679012,8.065451388888889,8.923016975308643,5.0,1200.0,49.519999999999996,5.551115123125783e-17,0.5614970317550454,False,False,0.06850149692735963
7402d13c03a7e91366337cd1de471144,PR,cambe,3,0,0.0,0.0,2.7365702160493828,5.719791666666667,9.903695987654322,4.333333333333333,473.89,110.9,5.551115123125783e-17,0.5614970317550454,False,False,0.06850149692735963
747e73c01a4593d4cf60dcf970fd2689,PE,vitoria de santo antao,3,0,0.0,0.0,2.5820949074074075,7.794421296296297,10.688094135802467,4.333333333333333,2217.99,123.77000000000001,5.551115123125783e-17,0.5614970317550454,False,False,0.06850149692735963
74bafed391319577bce6f4d2acc0589a,SP,sao paulo,3,0,0.0,0.0,1.1653587962962961,5.606122685185185,7.031435185185185,2.6666666666666665,1847.0,237.73,5.551115123125783e-17,0.5614970317550454,False,False,0.06850149692735963
75745ef7bc7d4f3ea3380f6f5303f514,DF,brasilia,3,0,0.0,0.0,2.8449614197530866,2.302021604938272,5.69443287037037,5.0,228.4,48.92,5.551115123125783e-17,0.5614970317550454,False,False,0.06850149692735963
761681a821d8275bc79f552116d06869,SP,sao paulo,3,0,0.0,0.0,1.1572800925925926,6.879386574074075,8.154621913580247,5.0,354.92,159.98000000000002,5.551115123125783e-17,0.5614970317550454,False,False,0.06850149692735963
762ed976527cddf02787edba70fffa2a,PR,londrina,3,0,0.0,0.0,1.9203780864197533,5.894452160493827,7.851986882716051,2.3333333333333335,179.8,60.31999999999999,5.551115123125783e-17,0.5614970317550454,False,False,0.06850149692735963
76623fde66e6b63b59440fd34160512d,SP,guarulhos,3,0,0.0,0.0,2.09016975308642,1.2932407407407407,3.3888425925925922,4.0,65.4,23.34,5.551115123125783e-17,0.5614970317550454,False,False,0.06850149692735963
778323240ce2830d68aab11794e00bfb,SP,sao paulo,3,0,0.0,0.3333333333333333,2.514266975308642,8.020181327160493,10.546203703703704,4.333333333333333,189.98000000000002,52.45,5.551115123125783e-17,0.5614970317550454,False,False,0.06850149692735963
78ef7e885d17f35e2382a47aae8b8cce,RS,santa cruz do sul,3,0,0.0,0.3333333333333333,4.362064043209877,4.293344907407407,8.66204861111111,4.666666666666667,388.0,65.44,5.551115123125783e-17,0.5614970317550454,False,False,0.06850149692735963
7adbd3210a7b3cc2235e225eef33574d,SP,sao paulo,3,0,0.0,0.0,1.5991319444444443,7.523503086419754,10.077029320987654,4.666666666666667,131.9,72.96,5.551115123125783e-17,0.5614970317550454,False,False,0.06850149692735963
7c9130f5f3729edd32aa059141d92484,SP,garca,3,0,0.0,0.3333333333333333,2.7746682098765434,4.666412037037037,7.452966820987655,3.3333333333333335,126.0,67.15,5.551115123125783e-17,0.5614970317550454,False,False,0.06850149692735963
7f5e4d5efad7e44b91115dd1decb65f3,SP,jacarei / sao paulo,3,0,0.0,0.0,0.9362461419753086,5.90786651234568,7.696072530864197,5.0,179.9,77.42,5.551115123125783e-17,0.5614970317550454,False,False,0.06850149692735963
800214c63934acd05d47e84214db8ba8,SC,jaragua do sul,3,0,0.0,0.3333333333333333,4.85212962962963,6.925868055555555,11.791327160493827,5.0,199.70000000000002,50.71,5.551115123125783e-17,0.5614970317550454,False,False,0.06850149692735963
809413606dbfe5deefd2db646693ef67,SP,sao paulo,3,0,0.0,0.3333333333333333,3.812445987654321,2.859116512345679,7.579143518518518,4.333333333333333,196.68,50.37,5.551115123125783e-17,0.5614970317550454,False,False,0.06850149692735963
83a75eea11694e36e56dd0cb2240229a,SP,amparo,3,0,0.0,0.0,2.0393364197530865,1.7105015432098767,4.093989197530864,5.0,487.0,42.47,5.551115123125783e-17,0.5614970317550454,False,False,0.06850149692735963
83c465a786b06574376909b35ef6752a,SP,sao carlos,3,0,0.0,0.0,2.4403395061728395,2.7060416666666662,5.269764660493827,5.0,281.4,49.06,5.551115123125783e-17,0.5614970317550454,False,False,0.06850149692735963
83f2b4881141ce3fcd4e985125d3279e,SP,ribeirao preto,3,0,0.0,0.0,4.0784567901234565,13.699432870370371,18.191948302469136,5.0,60.7,40.68,5.551115123125783e-17,0.5614970317550454,False,False,0.06850149692735963
876182d1918783bbe15233febfbd4926,SP,sao paulo,3,0,0.0,0.0,5.971875,2.508537808641975,9.279259259259259,4.0,120.27,34.730000000000004,5.551115123125783e-17,0.5614970317550454,False,False,0.06850149692735963
8a43128d7f9a3db592b866e6861a6cce,SP,sao paulo,3,0,0.0,0.0,0.3323533950617284,5.572893518518518,6.244818672839506,2.3333333333333335,990.5999999999999,67.89,5.551115123125783e-17,0.5614970317550454,False,False,0.06850149692735963
8ca5b19e0263150d2c57afdde2b3d011,SP,maua,3,0,0.0,0.0,0.8552700617283951,3.7722260802469134,4.8608217592592595,4.666666666666667,180.60000000000002,44.08,5.551115123125783e-17,0.5614970317550454,False,False,0.06850149692735963
902c99f1ac505c0d18778b61bcd636f7,SP,mogi guacu,3,0,0.0,0.0,1.911442901234568,2.9268248456790125,4.851431327160494,5.0,123.47,81.82,5.551115123125783e-17,0.5614970317550454,False,False,0.06850149692735963
939f6e231201f26803cb5c3a3d2940b3,SP,bauru,3,0,0.0,0.0,7.6035609567901234,3.0,10.861435185185185,4.666666666666667,130.6,95.02000000000001,5.551115123125783e-17,0.5614970317550454,False,False,0.06850149692735963
941554c5757b73ba0e50aa7732310afc,SP,sao paulo,3,0,0.0,0.0,1.8614506172839507,6.244672067901234,8.114648919753087,4.666666666666667,107.69,58.66,5.551115123125783e-17,0.5614970317550454,False,False,0.06850149692735963
94231344608e603693b0a8891143f65d,SP,porto alegre,3,0,0.0,0.0,0.5839969135802469,10.601801697530865,12.531454475308642,4.0,722.0,102.17999999999999,5.551115123125783e-17,0.5614970317550454,False,False,0.06850149692735963
94c49f20a123aeb9360dbf80ff912bf6,SP,sorocaba,3,0,0.0,0.0,2.529216820987654,10.678356481481481,14.152438271604938,3.6666666666666665,277.75,61.540000000000006,5.551115123125783e-17,0.5614970317550454,False,False,0.06850149692735963
954e95f20808d7e5d11f0de292d078e0,MG,joao monlevade,3,0,0.0,0.0,2.16712962962963,6.960196759259259,9.138657407407408,4.666666666666667,158.78,119.17999999999999,5.551115123125783e-17,0.5614970317550454,False,False,0.06850149692735963
961dff0a659b4561334372337dd897d9,RJ,rio de janeiro,3,0,0.0,0.6666666666666666,17.25894675925926,2.58383487654321,20.515949074074076,4.666666666666667,7297.0,92.74,5.551115123125783e-17,0.5614970317550454,False,False,0.06850149692735963
979e9f8b5b39dd243a2550c8b05aecf0,SP,sao paulo,3,0,0.0,0.0,2.4899652777777774,6.4938464506172835,9.339444444444444,5.0,525.0,46.88,5.551115123125783e-17,0.5614970317550454,False,False,0.06850149692735963
9b1585752613ec342d03bbab9997ec48,RJ,rio de janeiro,3,0,0.0,0.0,0.8031095679012346,5.656003086419754,8.091628086419753,3.6666666666666665,4248.98,100.06,5.551115123125783e-17,0.5614970317550454,False,False,0.06850149692735963
9c54608f0996c32ae4743089d915f845,PR,loanda,3,0,0.0,0.0,1.4470871913580245,10.445721450617285,12.21988811728395,4.0,194.8,109.92,5.551115123125783e-17,0.5614970317550454,False,False,0.06850149692735963
a00824eb9093d40e589b940ec45c4eb0,SP,bofete,3,0,0.0,0.0,1.10758487654321,6.597712191358024,8.007125771604938,4.666666666666667,9399.97,379.49,5.551115123125783e-17,0.5614970317550454,False,False,0.06850149692735963
a218df5c097b0ca409cfaac1488cc7f6,SP,araraquara,3,0,0.0,0.3333333333333333,4.776230709876543,7.771635802469137,12.796010802469135,2.3333333333333335,108.79,85.44,5.551115123125783e-17,0.5614970317550454,False,False,0.06850149692735963
a21c11ec5c3f03e7cc9f9203bff9e1c6,SP,santana de parnaiba,3,0,0.0,0.0,2.7094907407407405,6.812827932098766,9.542469135802468,3.6666666666666665,385.0,90.88,5.551115123125783e-17,0.5614970317550454,False,False,0.06850149692735963
a3082f442524a1be452e3189e003b361,SP,curitiba,3,0,0.0,0.0,3.9872569444444443,7.317148919753087,11.537480709876542,4.333333333333333,301.6,97.65,5.551115123125783e-17,0.5614970317550454,False,False,0.06850149692735963
a35ef466c6fd6d052f5d241240d3c5e2,RS,novo hamburgo,3,0,0.0,0.0,1.1995640432098764,10.608217592592593,11.831080246913581,4.666666666666667,569.9,79.65,5.551115123125783e-17,0.5614970317550454,False,False,0.06850149692735963
a56e351445e5863fc8960640ba9190c7,SC,itajai,3,0,0.0,0.0,1.956550925925926,9.577912808641974,11.723136574074074,4.333333333333333,760.9200000000001,65.06,5.551115123125783e-17,0.5614970317550454,False,False,0.06850149692735963
a69aa24cec11168e7e39a3fbc727e925,SP,carapicuiba,3,0,0.0,0.0,3.2721604938271605,4.838402777777778,8.651388888888889,5.0,105.97,34.32,5.551115123125783e-17,0.5614970317550454,False,False,0.06850149692735963
a7a9b880c49781da66651ccf4ba9ac38,SP,itirapina,3,0,0.0,0.0,0.7825578703703704,8.687029320987653,9.482303240740741,3.6666666666666665,307.6,65.47,5.551115123125783e-17,0.5614970317550454,False,False,0.06850149692735963
a90a5da8b09e44264a177c0374a5ac87,PR,ponta grossa,3,0,0.0,0.0,0.786261574074074,8.192831790123456,9.380806327160494,4.333333333333333,74.69999999999999,72.6,5.551115123125783e-17,0.5614970317550454,False,False,0.06850149692735963
aa1eb17b9fdf6dfd546e25c45c7b9235,SP,sao paulo,3,0,0.0,0.0,0.5542438271604938,6.3373225308641965,7.751797839506172,4.666666666666667,117.99,36.269999999999996,5.551115123125783e-17,0.5614970317550454,False,False,0.06850149692735963
ab27bbbad5239bc31a34709275a70db4,SP,tatui,3,0,0.0,0.0,3.273047839506173,4.425694444444445,8.455354938271606,5.0,382.9,102.15,5.551115123125783e-17,0.5614970317550454,False,False,0.06850149692735963
ac51cac5e20d69ff485a54746488ef48,SP,ribeirao preto,3,0,0.0,0.3333333333333333,4.043962191358024,12.258572530864198,16.31224922839506,3.6666666666666665,700.0,58.7,5.551115123125783e-17,0.5614970317550454,False,False,0.06850149692735963
ad75519a07f039025e83795a4418470f,GO,santa terezinha de goias,3,0,0.0,0.0,1.8680362654320988,7.663587962962963,9.542349537037039,3.6666666666666665,302.1,115.82,5.551115123125783e-17,0.5614970317550454,False,False,0.06850149692735963
aded58c8142dedc5494a81f948431fab,RJ,rio de janeiro,3,0,0.0,0.3333333333333333,3.1378395061728397,5.904606481481481,9.976574074074074,4.666666666666667,149.7,45.9,5.551115123125783e-17,0.5614970317550454,False,False,0.06850149692735963
b0398568231ba5e6734af1881671a317,ES,colatina,3,0,0.0,0.0,0.6616512345679012,12.265555555555556,13.26869212962963,5.0,626.78,84.04,5.551115123125783e-17,0.5614970317550454,False,False,0.06850149692735963
b3e2faf2c1004d674f16a3aa3197f0e1,SP,ribeirao preto,3,0,0.0,0.0,1.9692206790123457,4.57298225308642,6.792133487654321,5.0,61.47,33.77,5.551115123125783e-17,0.5614970317550454,False,False,0.06850149692735963
b45d7ebfb7378630f1bcd74b6ff86ff7,MG,belo horizonte,3,0,0.0,0.3333333333333333,22.420447530864195,7.27170524691358,29.70025077160494,4.333333333333333,899.6999999999999,68.44,5.551115123125783e-17,0.5614970317550454,False,False,0.06850149692735963
b7e1750c1157341d2abd0251e07c186b,SP,sao paulo,3,0,0.0,0.0,3.058668981481482,7.278016975308642,10.344594907407407,4.333333333333333,159.6,60.96,5.551115123125783e-17,0.5614970317550454,False,False,0.06850149692735963
b9c0ffa92f3ff9a5a3d45ef7213c0842,SP,sao paulo,3,0,0.0,0.0,2.584837962962963,18.048645833333335,21.183537808641976,5.0,490.0,82.17,5.551115123125783e-17,0.5614970317550454,False,False,0.06850149692735963
bc30de0d71bd6260b936a026b5cf7200,SP,pedreira,3,0,0.0,0.0,5.376481481481481,6.619355709876544,12.237530864197531,4.666666666666667,392.37,90.47999999999999,5.551115123125783e-17,0.5614970317550454,False,False,0.06850149692735963
bd0a1b0aadca9a83d9304f7e8ff5fbd5,SP,sao paulo,3,0,0.0,0.0,1.4396296296296296,5.657866512345678,7.110713734567902,5.0,121.69999999999999,46.71,5.551115123125783e-17,0.5614970317550454,False,False,0.06850149692735963
be3b4b0f050a6aa1b2d901c4b77e979f,PR,imbituva,3,0,0.0,0.0,1.1019251543209876,6.847777777777778,8.301018518518518,4.0,578.1999999999999,155.52,5.551115123125783e-17,0.5614970317550454,False,False,0.06850149692735963
c04d70d515d15a7e3db3a73320598566,RJ,niteroi,3,0,0.0,0.0,1.5236381172839506,4.763074845679012,6.294768518518519,5.0,158.2,56.62,5.551115123125783e-17,0.5614970317550454,False,False,0.06850149692735963
c113b8df1fc375bc3d73d29c1b1144d1,SP,sao paulo,3,0,0.0,0.0,1.1277314814814814,5.611327160493826,6.7548109567901236,4.333333333333333,333.0,67.87,5.551115123125783e-17,0.5614970317550454,False,False,0.06850149692735963
c1849d4d32d7a6cecd5aa471809d3135,SP,santo andre,3,0,0.0,0.3333333333333333,2.469679783950617,2.942662037037037,5.419305555555556,4.333333333333333,388.98,41.730000000000004,5.551115123125783e-17,0.5614970317550454,False,False,0.06850149692735963
c26ba52cf8d2f34915f2f6b7ffa0a3f3,RJ,rio de janeiro,3,0,0.0,0.0,2.5561304012345683,4.814880401234568,7.716890432098765,5.0,107.47,38.75,5.551115123125783e-17,0.5614970317550454,False,False,0.06850149692735963
c3f5668699a1b04c0fa61ecea1e2bff6,PR,apucarana,3,0,0.0,0.0,1.1052430555555557,10.713881172839507,12.12863811728395,5.0,407.81,107.12,5.551115123125783e-17,0.5614970317550454,False,False,0.06850149692735963
c53bcd3be457a342a97e39e5a9f0be22,SE,neopolis,3,0,0.0,0.0,2.771358024691358,9.614031635802469,12.948846450617284,3.3333333333333335,299.70000000000005,107.09,5.551115123125783e-17,0.5614970317550454,False,False,0.06850149692735963
c5ebe6598748b0aeaa61cfb820478b92,RS,lajeado,3,0,0.0,0.0,1.6727970679012347,2.9755246913580247,4.9036535493827165,4.666666666666667,297.0,40.17,5.551115123125783e-17,0.5614970317550454,False,False,0.06850149692735963
c714262700f93defc16bf17a51a4cb23,SP,sao paulo,3,0,0.0,0.3333333333333333,2.966381172839506,7.057472993827161,10.03570987654321,4.666666666666667,337.81,58.57,5.551115123125783e-17,0.5614970317550454,False,False,0.06850149692735963
c79151301b9d90985d1fa52879213105,PR,maringa,3,0,0.0,0.0,0.48455246913580247,6.9674459876543215,9.062461419753086,4.666666666666667,267.1,116.34,5.551115123125783e-17,0.5614970317550454,False,False,0.06850149692735963
c7dcd301ecfe5ab7f778ac172cf74be7,MG,belo horizonte,3,0,0.0,1.0,22.88538966049383,1.2756442901234568,25.347723765432097,3.0,407.79,50.400000000000006,5.551115123125783e-17,0.5614970317550454,False,False,0.06850149692735963
ccada0ef508e698917a6eab263375905,PR,pato bragado,3,0,0.0,0.0,1.0233449074074075,8.526111111111112,9.912824074074074,3.6666666666666665,172.8,59.160000000000004,5.551115123125783e-17,0.5614970317550454,False,False,0.06850149692735963
cf654707ed6a99f112c7ec3d6f314b8b,SP,sao paulo,3,0,0.0,0.3333333333333333,3.6948225308641973,1.2148649691358024,5.250501543209876,4.666666666666667,756.0,33.54,5.551115123125783e-17,0.5614970317550454,False,False,0.06850149692735963
d149de2f383552baea37a7198c2296ce,SP,sao paulo,3,0,0.0,0.3333333333333333,1.638005401234568,2.914151234567901,4.890138888888889,5.0,320.70000000000005,33.67,5.551115123125783e-17,0.5614970317550454,False,False,0.06850149692735963
d558ebe531605a1285ab2b1bc3256dfb,MG,divinopolis,3,0,0.0,0.3333333333333333,2.1050694444444447,7.072426697530864,9.418445216049383,4.666666666666667,709.0,73.23,5.551115123125783e-17,0.5614970317550454,False,False,0.06850149692735963
d73cbd89533ce8b041a9190241453ac8,MG,guiricema,3,0,0.0,0.0,1.4112962962962963,10.794749228395062,12.21965663580247,4.333333333333333,268.7,50.59,5.551115123125783e-17,0.5614970317550454,False,False,0.06850149692735963
d90fe2229fee1a5da999ccd0c06c1667,SP,sao paulo,3,0,0.0,0.0,0.2958757716049383,9.03897762345679,9.816265432098765,4.666666666666667,450.0,66.91,5.551115123125783e-17,0.5614970317550454,False,False,0.06850149692735963
d9cd369bffa979d1634f8e1318bf2f1b,SP,bady bassitt,3,0,0.0,0.0,0.7752314814814815,9.920733024691357,11.24925925925926,5.0,678.0,66.81,5.551115123125783e-17,0.5614970317550454,False,False,0.06850149692735963
db1f0f7c7e5e87f40b62226f020bb297,PR,pinhais,3,0,0.0,0.0,1.5041473765432098,7.866670524691358,9.605447530864199,4.666666666666667,59.01,64.72,5.551115123125783e-17,0.5614970317550454,False,False,0.06850149692735963
dbec9a0a7efeff029d4d9dce7dc4cc95,MG,belo horizonte,3,0,0.0,0.0,2.5300810185185187,9.375829475308642,11.927997685185185,4.0,1170.0,118.59,5.551115123125783e-17,0.5614970317550454,False,False,0.06850149692735963
dcf3755cefcdc158ad0b7bdde51e871b,RS,cachoeira do sul,3,0,0.0,0.3333333333333333,2.934158950617284,10.30644675925926,13.252658179012348,4.0,269.70000000000005,89.33,5.551115123125783e-17,0.5614970317550454,False,False,0.06850149692735963
de09d00cfc265b8804c7df34075a68fa,SP,sao paulo,3,0,0.0,0.0,1.318479938271605,4.803680555555556,6.152604166666666,3.3333333333333335,784.0,43.97,5.551115123125783e-17,0.5614970317550454,False,False,0.06850149692735963
e1643dff33666ca629e3644c02738179,SP,sao paulo,3,0,0.0,0.0,0.804309413580247,2.468371913580247,4.555775462962963,4.333333333333333,170.0,29.31,5.551115123125783e-17,0.5614970317550454,False,False,0.06850149692735963
e3d3b3efac954a60d61be70b7e05b49b,SP,sao paulo,3,0,0.0,0.0,3.4379938271604935,7.316566358024692,11.115142746913582,4.333333333333333,1282.05,123.78,5.551115123125783e-17,0.5614970317550454,False,False,0.06850149692735963
e5899683388855d3dabe8913bbe365de,SP,sao carlos,3,0,0.0,0.0,1.2986381172839507,6.410979938271605,7.7213618827160495,4.0,452.88,80.98,5.551115123125783e-17,0.5614970317550454,False,False,0.06850149692735963
e73bf2cea7fe4b0b4d287a7568ed1099,SC,chapeco,3,0,0.0,0.0,0.8871412037037038,5.391898148148148,6.606458333333333,5.0,677.9,95.93,5.551115123125783e-17,0.5614970317550454,False,False,0.06850149692735963
e9c2dc0dd4ac38448289be644ac94f42,SC,joinville,3,0,0.0,0.0,0.539050925925926,4.877511574074075,5.392226080246914,5.0,118.39,56.22,5.551115123125783e-17,0.5614970317550454,False,False,0.06850149692735963
e9e446d01bd10a97a8ffcfc4a3a20cb2,SP,sao paulo,3,0,0.0,0.0,1.3719521604938272,2.8178125,5.304830246913579,4.333333333333333,51.15,22.169999999999998,5.551115123125783e-17,0.5614970317550454,False,False,0.06850149692735963
ea3ebea5317b0efbc663ecc8ce5e9bc2,SC,florianopolis,3,0,0.0,0.0,1.1165586419753086,8.261574074074074,9.390617283950617,4.0,299.70000000000005,57.65,5.551115123125783e-17,0.5614970317550454,False,False,0.06850149692735963
ea4e9ce63a2134743b4a92777437fcdd,SC,palhoca,3,0,0.0,0.0,2.1342939814814814,6.052380401234568,10.11315200617284,4.666666666666667,316.6,65.7,5.551115123125783e-17,0.5614970317550454,False,False,0.06850149692735963
eaf6d55068dea77334e8477d3878d89e,SP,sao paulo,3,0,0.0,0.0,2.115806327160494,3.191566358024691,6.129313271604938,5.0,51.0,33.01,5.551115123125783e-17,0.5614970317550454,False,False,0.06850149692735963
ed9eef5be0992d413d251fadba1a410d,SP,mogi guacu,3,0,0.0,0.0,1.8420640432098765,8.681871141975309,10.529228395061729,4.666666666666667,404.09999999999997,143.24,5.551115123125783e-17,0.5614970317550454,False,False,0.06850149692735963
ef728fa1f17436c91ed1ccd03dcf9631,SP,jau,3,0,0.0,0.0,0.504320987654321,3.5167862654320987,4.7905594135802465,4.333333333333333,128.7,58.12,5.551115123125783e-17,0.5614970317550454,False,False,0.06850149692735963
f1b854361f4e15d5851b494df66f22b2,RJ,rio de janeiro,3,0,0.0,0.0,1.0371585648148147,6.4519521604938275,7.4041396604938265,3.3333333333333335,1168.8,306.44,5.551115123125783e-17,0.5614970317550454,False,False,0.06850149692735963
f1c1ac3f3efc07e659c035008e615e66,SP,sao paulo,3,0,0.0,0.0,3.283179012345679,7.665972222222223,10.968858024691357,3.3333333333333335,2294.96,214.72,5.551115123125783e-17,0.5614970317550454,False,False,0.06850149692735963
f88adb15807168d3c43d71021090ce4a,SP,porto ferreira,3,0,0.0,0.0,0.9579706790123456,5.113915895061729,6.365833333333334,3.3333333333333335,488.8,52.26,5.551115123125783e-17,0.5614970317550454,False,False,0.06850149692735963
fcba71d4d5db057f43249145e4eb1e27,SP,limeira,3,0,0.0,0.0,1.4445023148148148,17.137773919753087,18.62317901234568,4.666666666666667,494.55,53.72,5.551115123125783e-17,0.5614970317550454,False,False,0.06850149692735963
fe4cd9461203cee790d36792420b310f,MG,caratinga,3,0,0.0,0.0,1.3984645061728394,12.399413580246915,14.347658179012347,4.0,391.15,54.379999999999995,5.551115123125783e-17,0.5614970317550454,False,False,0.06850149692735963
fe8055980a4ff7f64ed889c2b5926929,PR,curitiba,3,0,0.0,0.0,0.9771450617283951,5.4863387345679016,6.485983796296296,4.666666666666667,196.70000000000002,53.28,5.551115123125783e-17,0.5614970317550454,False,False,0.06850149692735963
010543a62bd80aa422851e79a3bc7540,SP,sao paulo,2,0,0.0,0.0,2.8833506944444443,5.701012731481482,9.085081018518519,4.5,1416.0,31.950000000000003,0.0,0.6576197724933469,False,False,0.06850149692735963
024b564ae893ce8e9bfa02c10a401ece,SP,sao paulo,2,0,0.0,0.0,7.591273148148148,6.948171296296296,15.339438657407406,4.5,706.4000000000001,212.0,0.0,0.6576197724933469,False,False,0.06850149692735963
03bd479e1d9484cdb14104d3023f7321,MG,uberlandia,2,0,0.0,0.0,6.526666666666666,12.169699074074074,19.19975115740741,5.0,239.8,36.730000000000004,0.0,0.6576197724933469,False,False,0.06850149692735963
05aebce0b5c8f0d41b29b686f2d05fd3,SP,sao paulo,2,0,0.0,0.0,1.4832118055555557,2.5327777777777776,6.0006712962962965,5.0,74.99000000000001,45.89,0.0,0.6576197724933469,False,False,0.06850149692735963
062c325cd6a2b87845fab56b4ec2eeae,SP,sao paulo,2,0,0.0,0.0,1.6719212962962962,3.6803877314814817,5.495763888888889,5.0,133.22,23.86,0.0,0.6576197724933469,False,False,0.06850149692735963
07d75e33f2750d97d467fb57e4dfdd8a,SP,sao paulo,2,0,0.0,0.0,4.983449074074074,5.904357638888889,11.796643518518518,2.5,722.4,37.19,0.0,0.6576197724933469,False,False,0.06850149692735963
07e8e8fc5222bb358e6f259da3197074,SP,sao paulo,2,0,0.0,0.5,4.0343634259259264,4.579450231481482,8.63806712962963,4.0,51.8,23.06,0.0,0.6576197724933469,False,False,0.06850149692735963
091065b789659bc3cd9af9cb3a6253ff,RS,canoas,2,0,0.0,0.0,0.9467534722222222,9.502094907407407,11.264837962962964,3.5,1359.0,85.37,0.0,0.6576197724933469,False,False,0.06850149692735963
0a82f5fb06a4fe4ac2cf7cb412ec71b8,SP,sao paulo,2,0,0.0,0.0,3.756707175925926,1.504982638888889,5.281736111111111,5.0,462.0,22.799999999999997,0.0,0.6576197724933469,False,False,0.06850149692735963
0ade5cc4a305ed7093a23f68ca47519c,PR,curitiba,2,0,0.0,0.0,1.3139699074074074,5.05087962962963,6.875769675925927,5.0,158.88,42.39,0.0,0.6576197724933469,False,False,0.06850149692735963
0af977692321d895349eded183341d28,SP,santos,2,0,0.0,0.0,1.342170138888889,1.1763078703703704,2.5402256944444446,4.5,257.75,19.47,0.0,0.6576197724933469,False,False,0.06850149692735963
0b3f27369a4d8df98f7eb91077e438ac,SP,aruja,2,0,0.0,0.0,1.1539351851851851,5.99984375,7.161655092592593,4.0,146.51,24.88,0.0,0.6576197724933469,False,False,0.06850149692735963
0daf5180aa44356f60f8effa533b55a2,GO,goiania,2,0,0.0,0.0,0.5175173611111111,6.570671296296297,8.025891203703704,5.0,144.8,38.83,0.0,0.6576197724933469,False,False,0.06850149692735963
11742f81550ac064cc9a40f67151d9ad,SP,catanduva,2,0,0.0,0.0,3.1003587962962964,5.49308449074074,9.095063657407408,5.0,781.9,49.11,0.0,0.6576197724933469,False,False,0.06850149692735963
11938fcc75f6902fea1d0a6f72b54a57,SC,sao miguel d'oeste,2,0,0.0,0.0,1.3327025462962963,21.01946759259259,22.36358796296296,3.0,594.98,142.16,0.0,0.6576197724933469,False,False,0.06850149692735963
119c7f1a00ef43fad0e57604e76a747c,SP,sao paulo,2,0,0.0,0.0,1.3297743055555555,4.632644675925926,5.977835648148148,4.5,189.8,17.02,0.0,0.6576197724933469,False,False,0.06850149692735963
12a8eb0f8d1cd3270695bf2a99f55966,SP,sao paulo,2,0,0.0,0.5,8.93316550925926,12.035509259259259,20.976712962962964,3.5,397.0,39.67,0.0,0.6576197724933469,False,False,0.06850149692735963
14f2b3587172b9db894c9bad8dab520b,RS,ipe,2,0,0.0,0.5,9.612204861111111,4.409091435185185,14.027887731481481,2.5,244.0,86.06,0.0,0.6576197724933469,False,False,0.06850149692735963
160851d3ece7aa1a510f8d1a4bb8a8af,SP,garca,2,0,0.0,0.0,0.30395833333333333,4.008373842592593,5.577158564814814,5.0,102.05,39.099999999999994,0.0,0.6576197724933469,False,False,0.06850149692735963
166e8f1381e09651983c38b1f6f91c11,SC,imbituba,2,0,0.0,0.5,5.229444444444445,8.982262731481482,14.728483796296295,5.0,78.8,30.2,0.0,0.6576197724933469,False,False,0.06850149692735963
1710c3aaa9c6b44ec3883ee0fe300e21,SP,sao caetano do sul,2,0,0.0,0.0,0.7487615740740741,5.297355324074074,6.127557870370371,5.0,1188.9,37.650000000000006,0.0,0.6576197724933469,False,False,0.06850149692735963
173d56ffbd4c56cb80fc3615487d712b,SP,sao vicente,2,0,0.0,0.0,1.5953298611111113,5.155891203703703,6.838940972222222,5.0,358.0,39.61,0.0,0.6576197724933469,False,False,0.06850149692735963
1961c3e1272bfeceb05d0b78b5bbfdaf,SP,guarulhos,2,0,0.0,0.0,1.318483796296296,4.281336805555555,6.7361921296296305,4.5,657.0,39.01,0.0,0.6576197724933469,False,False,0.06850149692735963
1b0b0f4f95e962d6f32fe90c759d0479,SP,sao paulo,2,0,0.0,0.0,5.5901851851851845,3.856539351851852,9.46238425925926,5.0,139.8,23.37,0.0,0.6576197724933469,False,False,0.06850149692735963
1cbdc7cf130a41fd13a3c2a7d2fcfda7,MG,lambari,2,0,0.0,0.0,1.701863425925926,6.7615335648148145,8.690578703703704,5.0,165.8,59.81,0.0,0.6576197724933469,False,False,0.06850149692735963
1d0646a72178a6fb37ee8082140e06ec,SC,joinville,2,0,0.0,0.0,1.2209432870370371,6.421250000000001,7.651782407407408,5.0,61.0,36.62,0.0,0.6576197724933469,False,False,0.06850149692735963
1d139e3a3b14025640d8df1b230aace0,SP,barrinha,2,0,0.0,0.0,1.2003703703703703,6.4455381944444445,7.653206018518519,3.5,36.49,34.69,0.0,0.6576197724933469,False,False,0.06850149692735963
1e26c56af8d48424e1df0140a2401f83,SP,jaguariuna,2,0,0.0,0.0,0.8836747685185186,4.351655092592592,5.251145833333333,5.0,258.9,33.49,0.0,0.6576197724933469,False,False,0.06850149692735963
1e9d5a33694bddb76316fd1f54734d20,MT,jaciara,2,0,0.0,0.0,4.511244212962963,7.732413194444444,12.253842592592592,4.5,318.0,150.94,0.0,0.6576197724933469,False,False,0.06850149692735963
1fbe10c70e30765ed1de86d9f7e98409,SP,maua,2,0,0.0,0.0,2.4807060185185184,10.826221064814815,13.666018518518518,2.5,98.75,59.36,0.0,0.6576197724933469,False,False,0.06850149692735963
20611af7866c6068fd5ae1f9dbe15c92,SP,porto ferreira,2,0,0.0,0.0,3.5790219907407406,4.550185185185185,8.539311342592592,4.5,219.8,114.5,0.0,0.6576197724933469,False,False,0.06850149692735963
217f005bb37ff3aeef5b2ae1788e75ba,SP,osasco,2,0,0.0,0.5,5.896012731481482,8.551898148148148,14.454687499999999,4.5,49.98,30.15,0.0,0.6576197724933469,False,False,0.06850149692735963
23ff42c4bf1f8f16cddb19d8b972974a,MG,itau de minas,2,0,0.0,0.0,2.764809027777778,9.066805555555556,11.843969907407407,4.0,174.70000000000002,52.97,0.0,0.6576197724933469,False,False,0.06850149692735963
249f0e9905a6e06ad6c6bea7547ab9f6,RJ,rio de janeiro,2,0,0.0,0.0,2.6392650462962965,3.3164699074074075,5.973292824074074,5.0,208.95,27.82,0.0,0.6576197724933469,False,False,0.06850149692735963
24a6daf925d9d591870a66660416de31,SP,robeirao preto,2,0,0.0,0.0,0.8674537037037038,12.461626157407409,13.617193287037036,4.5,60.0,30.08,0.0,0.6576197724933469,False,False,0.06850149692735963
252e76235acb79183cfca6e34f13337d,SP,campinas,2,0,0.0,0.0,3.8737905092592593,8.665399305555555,12.808576388888888,2.5,125.2,29.89,0.0,0.6576197724933469,False,False,0.06850149692735963
26562f211dd1364af2a8596dc945e8ae,SP,sao bernardo do campo,2,0,0.0,0.0,1.1253703703703704,1.1147685185185185,2.2555555555555555,5.0,99.0,16.11,0.0,0.6576197724933469,False,False,0.06850149692735963
28fb0829fd777877cdc350d25cb5bd5b,SP,sao jose do rio pret,2,0,0.0,0.0,0.8213020833333333,13.251608796296296,14.081875,5.0,279.8,42.08,0.0,0.6576197724933469,False,False,0.06850149692735963
296729ffb9b684050dd24836dac4494a,SP,curitiba,2,0,0.0,0.0,1.2900578703703705,5.29556712962963,7.2698784722222225,5.0,114.0,35.61,0.0,0.6576197724933469,False,False,0.06850149692735963
2a167ca73899c85001a837d8fb4962f6,SP,sao paulo,2,0,0.0,0.0,1.3194849537037037,5.1797511574074075,6.509230324074074,4.5,4097.0,100.62,0.0,0.6576197724933469,False,False,0.06850149692735963
2c54051840f19eca309a5423cf22df36,PR,curitiba,2,0,0.0,0.5,5.669149305555556,3.250630787037037,8.931585648148149,4.5,23.7,28.57,0.0,0.6576197724933469,False,False,0.06850149692735963
2cb4700db635baa1c0d4f90ed27b6669,PR,curitiba,2,0,0.0,0.0,13.55625,2.9271354166666668,16.483385416666668,2.0,199.8,28.92,0.0,0.6576197724933469,False,False,0.06850149692735963
2d378dbb39815785238c0139c7647fb7,SC,sao francisco do sul,2,0,0.0,0.0,3.552986111111111,13.318460648148148,19.639346064814816,5.0,1154.0,300.44,0.0,0.6576197724933469,False,False,0.06850149692735963
2d9e8987a2ea5cf88dce330249043ff1,SP,jaci,2,0,0.0,0.0,1.49953125,7.37984375,8.896828703703704,4.5,239.8,104.37,0.0,0.6576197724933469,False,False,0.06850149692735963
2f9b7ce230a057a98a9f5df5893ee36c,SP,barueri,2,0,0.0,0.0,3.725746527777778,5.898686342592592,10.458252314814814,4.5,141.82,30.03,0.0,0.6576197724933469,False,False,0.06850149692735963
2fa13c8bd5705d279f7ed5cc9ec61c68,SP,sao paulo,2,0,0.0,0.0,1.039369212962963,3.456788194444444,4.554305555555556,5.0,87.4,61.3,0.0,0.6576197724933469,False,False,0.06850149692735963
328acb143b4a73aad6bee8e734f5d20d,PR,foz do iguacu,2,0,0.0,0.0,2.4696180555555554,9.555011574074076,12.058634259259259,4.0,699.98,34.769999999999996,0.0,0.6576197724933469,False,False,0.06850149692735963
333c4210e76a1aa2ab817b99437e3ff1,SP,vargem grande do sul,2,0,0.0,0.0,0.4028819444444445,6.748715277777778,7.161348379629629,5.0,335.0,67.43,0.0,0.6576197724933469,False,False,0.06850149692735963
35b96509602ec4b7da831b5cd73ff2c2,RS,sao leopoldo,2,0,0.0,0.0,1.499565972222222,7.122442129629629,9.125092592592592,4.5,558.9,47.55,0.0,0.6576197724933469,False,False,0.06850149692735963
36f98ad67cc981f50ce8aed093d5783c,PR,toledo,2,0,0.0,0.0,0.37389467592592596,5.386452546296296,6.10787037037037,4.0,119.4,39.22,0.0,0.6576197724933469,False,False,0.06850149692735963
392f7f2c797e4dc077e4311bde2ab8ce,RN,rio de janeiro,2,0,0.0,0.0,0.15191550925925926,4.509855324074074,5.309016203703703,5.0,52.0,36.56,0.0,0.6576197724933469,False,False,0.06850149692735963
3a3e46d10f74d8a6ca76e2b538f106a0,SP,sao paulo,2,0,0.0,0.0,2.410885416666667,16.632158564814816,19.48721064814815,4.5,299.9,66.67,0.0,0.6576197724933469,False,False,0.06850149692735963
3bb32fedaa74e4ad20f4ce067733bd31,SC,porto belo,2,0,0.0,0.0,1.526568287037037,5.296701388888889,7.152453703703704,4.5,103.69999999999999,58.86,0.0,0.6576197724933469,False,False,0.06850149692735963
3d62f86afa7c73be2628a3be1423f5a0,SP,jacarei,2,0,0.0,0.5,3.9866319444444445,12.475428240740742,16.73105902777778,4.0,12.0,42.42,0.0,0.6576197724933469,False,False,0.06850149692735963
3d68c634a99a1ba46dbca3967a69c623,SC,nova trento,2,0,0.0,0.0,0.518900462962963,8.21828125,9.19443287037037,5.0,594.0,263.7,0.0,0.6576197724933469,False,False,0.06850149692735963
3ef37b7ca6dd2b80bd8af81a62504996,SP,sao paulo,2,0,0.0,0.0,6.202274305555555,6.396556712962964,14.346006944444444,4.5,700.0,40.97,0.0,0.6576197724933469,False,False,0.06850149692735963
3fe7120d6257285ac6a3ce7cb071ccec,MG,governador valadares,2,0,0.0,0.5,3.4066724537037034,6.15666087962963,9.570578703703703,3.5,199.98,28.28,0.0,0.6576197724933469,False,False,0.06850149692735963
40ec8ab6cdafbcc4f544da38c67da39a,PR,francisco beltrao,2,0,0.0,0.0,1.858449074074074,4.711643518518518,6.5789583333333335,5.0,117.8,39.2,0.0,0.6576197724933469,False,False,0.06850149692735963
42b6488f5b8246d9141712abd4b1b693,PR,maringa,2,0,0.0,0.0,1.4713541666666667,6.41427662037037,7.897939814814816,4.0,247.99,41.81,0.0,0.6576197724933469,False,False,0.06850149692735963
42fb44130ac3134cde8e35cf8ec7df25,SP,pinhalzinho,2,0,0.0,0.0,0.9355034722222222,4.964479166666667,5.903657407407408,5.0,43.8,25.48,0.0,0.6576197724933469,False,False,0.06850149692735963
43b2c864251aa0ce4030c746984e088a,DF,brasilia,2,0,0.0,0.0,1.8554513888888888,4.679334490740741,5.6157812499999995,3.0,94.8,34.52,0.0,0.6576197724933469,False,False,0.06850149692735963
44717f64ec2a457979cf83c429077666,RS,santa rosa,2,0,0.0,0.0,0.7463946759259259,3.707563657407407,5.8075115740740735,5.0,107.0,63.91,0.0,0.6576197724933469,False,False,0.06850149692735963
44ed138eca6214d572ce1d813fb0049b,RS,canoas,2,0,0.0,0.0,2.9185995370370375,5.583773148148148,8.518258101851853,4.5,129.79,56.01,0.0,0.6576197724933469,False,False,0.06850149692735963
458c6fa920810ce2492da71bc26d9eec,SP,catanduva,2,0,0.0,0.0,4.838269675925925,20.54865162037037,25.40222800925926,2.5,756.76,105.61,0.0,0.6576197724933469,False,False,0.06850149692735963
458d868c9642f55f18f04e951a3fdde6,RS,porto alegre,2,0,0.0,0.0,6.036197916666667,11.564230324074074,17.610983796296296,5.0,2718.0,104.75,0.0,0.6576197724933469,False,False,0.06850149692735963
461ff5303b6c9c1a4a07f40c5aece516,PR,pinhais,2,0,0.0,0.0,2.038119212962963,5.7345601851851855,8.276487268518519,5.0,67.8,36.26,0.0,0.6576197724933469,False,False,0.06850149692735963
48b6c3f4c6a93171da04b75313f2130f,SP,osvaldo cruz,2,0,0.0,0.0,2.3955266203703705,21.72171875,24.125260416666666,5.0,290.26,37.8,0.0,0.6576197724933469,False,False,0.06850149692735963
48e954b2da4f6a750c844173b347ed40,RS,porto alegre,2,0,0.0,0.0,0.7140104166666666,7.308217592592593,8.116221064814816,4.5,397.8,159.01,0.0,0.6576197724933469,False,False,0.06850149692735963
4a1917ef994878940e1fb03eeb787ad7,DF,brasilia,2,0,0.0,0.0,1.7692650462962962,7.69109375,10.306412037037036,3.0,768.0,78.62,0.0,0.6576197724933469,False,False,0.06850149692735963
4bde6149c15cf7e177b36fa060dd6de8,RS,carazinho,2,0,0.0,0.0,7.594484953703704,3.0,10.623096064814815,5.0,159.8,32.66,0.0,0.6576197724933469,False,False,0.06850149692735963
4bf658053d453036c70976bccb2c31b2,SP,sao jose do rio preto,2,0,0.0,1.0,13.570596064814815,10.71072337962963,24.678402777777777,4.5,1742.99,81.57,0.0,0.6576197724933469,False,False,0.06850149692735963
4c4d546adf3c3868fe19c9ec6e9ffda9,PR,maringa,2,0,0.0,0.0,2.402482638888889,4.45734375,6.870364583333333,4.0,111.69999999999999,45.39,0.0,0.6576197724933469,False,False,0.06850149692735963
4c60877808f4318ef1107fbeb8f89afa,SP,atibaia,2,0,0.0,1.0,9.464600694444444,5.552598379629629,15.193721064814815,4.0,118.0,32.63,0.0,0.6576197724933469,False,False,0.06850149692735963
4d9fea3499bdc22aa4da4e339365f215,SP,sao paulo,2,0,0.0,0.0,2.2856134259259258,11.197372685185185,12.668061342592592,5.0,192.54000000000002,30.2,0.0,0.6576197724933469,False,False,0.06850149692735963
4e0d109ccfba9a1151c103049880c857,RJ,sao joao de meriti,2,0,0.0,0.0,5.062899305555556,14.153628472222223,19.22804398148148,3.0,279.89,67.84,0.0,0.6576197724933469,False,False,0.06850149692735963
4eeb99008a0f59d2c7759c59f9a346eb,SP,embu das artes,2,0,0.0,0.0,1.9174652777777779,6.113009259259259,7.6647337962962965,4.5,1282.0,38.95,0.0,0.6576197724933469,False,False,0.06850149692735963
4f0d637c1197fd65405ebd755ac9f86b,SP,taboao da serra,2,0,0.0,0.0,0.5364699074074074,4.167887731481482,7.353680555555556,5.0,199.8,32.67,0.0,0.6576197724933469,False,False,0.06850149692735963
4f1f1c8666cdb6442f775c4e8caed465,MG,belo horizonte,2,0,0.0,0.5,8.656782407407407,11.296788194444444,19.96107060185185,5.0,944.98,125.41,0.0,0.6576197724933469,False,False,0.06850149692735963
4fe2f67634d00c021aa01f96b6f2d68e,PR,maringa,2,0,0.0,0.0,2.8133854166666667,7.668605324074074,10.984953703703702,5.0,86.8,32.04,0.0,0.6576197724933469,False,False,0.06850149692735963
51209b446b2073894bdc0face6c73ffc,ES,vila velha,2,0,0.0,0.0,0.851736111111111,9.093553240740741,9.960538194444446,4.0,359.6,79.28,0.0,0.6576197724933469,False,False,0.06850149692735963
513a54369b6a8a6602fcb0e129c6d78d,SP,sao bernardo do campo,2,0,0.0,0.0,2.293605324074074,1.2598553240740742,3.5719097222222222,4.5,47.8,14.86,0.0,0.6576197724933469,False,False,0.06850149692735963
52bb00821bcdd358a5a5a27e1f6be5a1,SP,osasco,2,0,0.0,0.0,2.6802256944444443,12.318842592592592,15.994728009259259,4.5,349.8,38.629999999999995,0.0,0.6576197724933469,False,False,0.06850149692735963
533d46c1b06970e99f09523a61df4972,SP,itapetininga,2,0,0.0,0.5,6.6815798611111115,9.062899305555556,16.602592592592593,4.5,159.98,32.64,0.0,0.6576197724933469,False,False,0.06850149692735963
5563732abe64c3036cb97ad924128dd1,SP,guarulhos,2,0,0.0,1.0,5.841267361111111,6.308200231481481,12.159421296296296,4.5,404.0,37.6,0.0,0.6576197724933469,False,False,0.06850149692735963
5587130f9850696ed7fafbc91c2cee44,SP,sao paulo,2,0,0.0,0.0,1.1308738425925926,3.684074074074074,6.5392013888888885,5.0,69.8,33.69,0.0,0.6576197724933469,False,False,0.06850149692735963
56db5c0782e8f7ddc9343f9576ff6d16,SC,palhoca,2,0,0.0,0.0,0.6603530092592593,7.1210300925925925,9.917291666666667,3.0,734.8,57.15,0.0,0.6576197724933469,False,False,0.06850149692735963
570d4583587a5fe2d47c7be89b91ad27,SP,sao paulo,2,0,0.0,0.0,2.1690335648148147,3.5711458333333335,5.748657407407407,5.0,125.25,23.67,0.0,0.6576197724933469,False,False,0.06850149692735963
5733d806668f8712c24b9abaefbfa642,SP,chapeco,2,0,0.0,0.0,1.844982638888889,12.652320601851851,15.00157986111111,5.0,243.8,85.88,0.0,0.6576197724933469,False,False,0.06850149692735963
57d2ba47f7a3209aa347532ae75c1165,SC,sao bento do sul,2,0,0.0,0.0,4.911203703703704,10.270260416666666,15.687424768518518,4.0,318.0,140.24,0.0,0.6576197724933469,False,False,0.06850149692735963
58c851d1a3c7cd3da329eb59453fed44,SP,rio claro,2,0,0.0,0.0,0.49493055555555554,2.3674594907407407,4.611643518518519,5.0,268.99,24.270000000000003,0.0,0.6576197724933469,False,False,0.06850149692735963
59bbc819b99a733f02f0d6b49d1c253d,SP,campinas,2,0,0.0,0.0,0.36234374999999996,4.3828298611111105,5.458657407407408,5.0,139.8,22.950000000000003,0.0,0.6576197724933469,False,False,0.06850149692735963
5a9c0859cb00fd8aa4db443837f0a700,SC,treze tilias,2,0,0.0,0.0,2.6418981481481483,6.3540219907407405,9.005376157407408,4.5,208.0,47.59,0.0,0.6576197724933469,False,False,0.06850149692735963
5bc237df65098fe211bb4818f4d26d78,MG,uberlandia,2,0,0.0,0.0,0.7597164351851852,10.035300925925926,12.479837962962963,4.5,126.80000000000001,57.09,0.0,0.6576197724933469,False,False,0.06850149692735963
5cf1ec37aea089f45110c70653a166ab,SP,sao paulo,2,0,0.0,0.0,2.710063657407407,17.357181712962962,21.465109953703703,5.0,35.0,28.580000000000002,0.0,0.6576197724933469,False,False,0.06850149692735963
5d505d2298ad549e4e4e835562fa0c1e,SP,birigui,2,0,0.0,0.0,1.350954861111111,4.545804398148148,5.899982638888889,5.0,249.8,28.339999999999996,0.0,0.6576197724933469,False,False,0.06850149692735963
5de1c80811ce7007f62f00d971236c09,SC,florianopolis,2,0,0.0,0.0,2.379722222222222,6.393906250000001,8.073929398148149,5.0,76.8,30.950000000000003,0.0,0.6576197724933469,False,False,0.06850149692735963
5e9f5bd34e0830569f05c9d4f56e04a8,RS,porto alegre,2,0,0.0,0.0,4.806869212962963,5.209357638888889,10.026510416666667,4.5,239.98,34.88,0.0,0.6576197724933469,False,False,0.06850149692735963
6025c79c035c3d772133b8b8238463b2,PR,pinhais/pr,2,0,0.0,0.0,0.8184780092592593,7.622343750000001,8.44961226851852,5.0,989.74,108.59,0.0,0.6576197724933469,False,False,0.06850149692735963
612a743d294c27884fb7b80d2b19ba35,PR,curitiba,2,0,0.0,0.5,4.4655150462962965,4.826550925925925,9.794849537037036,4.5,3057.7000000000003,104.45,0.0,0.6576197724933469,False,False,0.06850149692735963
615c3462099ffa940d37b17dfda19594,RJ,rio de janeiro,2,0,0.0,0.0,0.8361284722222222,6.79480324074074,7.6487442129629635,5.0,229.0,32.05,0.0,0.6576197724933469,False,False,0.06850149692735963
6187a137b2af59dfdbad8d9f8c373c14,SP,osasco,2,0,0.0,0.5,4.676487268518518,7.8753819444444435,13.861290509259259,3.0,74.8,30.22,0.0,0.6576197724933469,False,False,0.06850149692735963
63272377184e969942f7fff221be858d,SP,sao paulo,2,0,0.0,0.0,3.8310648148148148,8.460520833333334,12.299733796296296,5.0,149.7,66.53,0.0,0.6576197724933469,False,False,0.06850149692735963
643c01d7c56a724bec0454f4780e8a3e,SC,joinville,2,0,0.0,0.0,3.5654918981481485,6.137042824074074,9.720231481481482,4.5,205.55,41.1,0.0,0.6576197724933469,False,False,0.06850149692735963
65c255b299faf2d12050937cc219c46c,SP,sao paulo,2,0,0.0,0.0,2.4344560185185187,3.9496354166666667,7.089606481481482,4.5,88.2,21.88,0.0,0.6576197724933469,False,False,0.06850149692735963
6601ee6383e7f452be71929f8de48bbb,SP,ribeirao pretp,2,0,0.0,0.0,5.033090277777777,9.349184027777778,14.825185185185186,4.0,153.6,28.34,0.0,0.6576197724933469,False,False,0.06850149692735963
6902157ee16728322d61a1321fa79e58,SP,sao paulo,2,0,0.0,0.0,2.845752314814815,7.027569444444444,10.457511574074074,3.0,159.8,31.630000000000003,0.0,0.6576197724933469,False,False,0.06850149692735963
693660429f9dc4ff704eb3d88dad54d7,SP,santo andre,2,0,0.0,0.0,0.7713310185185185,2.5033333333333334,3.5799305555555554,4.0,124.0,24.119999999999997,0.0,0.6576197724933469,False,False,0.06850149692735963
69a43819c758c65a5befb0b471c954d7,PR,apucarana,2,0,0.0,0.0,2.0526157407407406,10.925584490740741,12.98847800925926,4.0,299.85,100.91,0.0,0.6576197724933469,False,False,0.06850149692735963
69b5eaa096c3f9d1e5c398c597f567d6,SP,birigui,2,0,0.0,0.0,1.2575173611111112,4.8107291666666665,6.57519675925926,5.0,938.0,49.02,0.0,0.6576197724933469,False,False,0.06850149692735963
6a53b90c3ad9e0b56d9fe5c69165fff5,PR,curitiba,2,0,0.0,0.0,1.1114756944444444,10.748721064814815,11.870266203703704,3.5,139.78,55.0,0.0,0.6576197724933469,False,False,0.06850149692735963
6bef34c5be6f2bbd70aa5165f6df94b1,SC,timbo,2,0,0.0,0.0,1.1224826388888889,14.434658564814814,16.186406249999997,2.0,1198.0,132.88,0.0,0.6576197724933469,False,False,0.06850149692735963
6eeed17989b0ae47c9f11ece6f38ea90,SP,sao paulo,2,0,0.0,0.0,0.6756655092592592,3.3937037037037037,5.025509259259259,5.0,278.0,24.5,0.0,0.6576197724933469,False,False,0.06850149692735963
6f835fd4be26989b1b064399da346143,PR,curitiba,2,0,0.0,0.0,1.3976909722222224,4.970306712962962,6.953078703703703,5.0,197.8,31.450000000000003,0.0,0.6576197724933469,False,False,0.06850149692735963
71593c7413973a1e160057b80d4958f6,SP,sao paulo / sao paulo,2,0,0.0,0.5,7.623483796296297,1.1746122685185185,9.129704861111112,3.0,299.5,45.849999999999994,0.0,0.6576197724933469,False,False,0.06850149692735963
7315baebc0572ff220d226283dc66728,SP,sao carlos,2,0,0.0,0.0,0.5328587962962963,6.587928240740741,8.092291666666668,4.0,49.849999999999994,26.369999999999997,0.0,0.6576197724933469,False,False,0.06850149692735963
731ef20c231d9a7103a425e83fd91271,SC,lages - sc,2,0,0.0,0.0,2.0126736111111114,10.938408564814814,12.976006944444446,3.5,1692.0,505.6,0.0,0.6576197724933469,False,False,0.06850149692735963
734def04b237117a09321dd6d8f3f2a2,SP,araras,2,0,0.0,0.0,1.1013831018518518,1.169699074074074,2.288153935185185,5.0,1252.43,28.8,0.0,0.6576197724933469,False,False,0.06850149692735963
739c7d7be81f63812dea0d1b1451c651,PB,campina grande,2,0,0.0,0.0,6.3853124999999995,10.727025462962963,17.126261574074075,4.0,77.5,71.8,0.0,0.6576197724933469,False,False,0.06850149692735963
73da1880b39c71de2b262bc7720c1494,SP,sao carlos,2,0,0.0,0.0,1.1507407407407408,5.330983796296296,8.223836805555555,5.0,398.0,46.99,0.0,0.6576197724933469,False,False,0.06850149692735963
76833248bbc0e65a0293ec62023e4396,SP,birigui,2,0,0.0,0.5,7.812609953703704,9.86083912037037,18.68045138888889,5.0,2399.98,230.7,0.0,0.6576197724933469,False,False,0.06850149692735963
76de363de16dacc923eec8daf91df504,SC,xaxim,2,0,0.0,0.0,2.075954861111111,10.949733796296297,13.318443287037038,2.5,360.0,50.42,0.0,0.6576197724933469,False,False,0.06850149692735963
788f22bafdd7ab0e1e79f19db72f16a4,SP,sao paulo,2,0,0.0,0.0,0.6636921296296296,3.236915509259259,3.541741898148148,4.5,125.80000000000001,26.240000000000002,0.0,0.6576197724933469,False,False,0.06850149692735963
78ba5933c21686d1c2f64669c8c459e7,SP,mogi das cruzes,2,0,0.0,0.0,1.984971064814815,4.538686342592593,6.5282175925925925,4.25,191.8,20.770000000000003,0.0,0.6576197724933469,False,False,0.06850149692735963
7ad41305e96a6cab8294cd65891e9a86,SP,rio bonito,2,0,0.0,0.0,2.4781192129629632,9.059467592592593,11.66113425925926,5.0,180.0,57.6,0.0,0.6576197724933469,False,False,0.06850149692735963
7d484ca289afaac6bf5fc6a1e96d2226,MS,campo grande,2,0,0.0,0.0,2.042181712962963,9.290983796296295,12.156967592592594,4.0,183.2,65.22,0.0,0.6576197724933469,False,False,0.06850149692735963
7dea6f73af847b42cc3985bd620f994d,PR,cascavel,2,0,0.0,0.0,1.8912268518518518,3.3831481481481482,5.594658564814814,4.0,324.0,56.17,0.0,0.6576197724933469,False,False,0.06850149692735963
7fe21dd00d2f4943ae09525efa2fd674,RJ,rio de janeiro,2,0,0.0,0.5,3.2961631944444445,2.641915509259259,7.602222222222222,5.0,169.8,19.21,0.0,0.6576197724933469,False,False,0.06850149692735963
81ed90f07c0bacb7594940ba2ef676aa,MG,divinopolis,2,0,0.0,0.5,7.3852314814814815,8.130347222222222,16.095561342592593,4.5,223.9,33.56,0.0,0.6576197724933469,False,False,0.06850149692735963
830379336fad8c6f3b15a4a3ddb5c66e,SP,sao paulo,2,0,0.0,0.0,2.0002199074074074,4.084548611111111,6.126064814814815,4.5,268.0,170.38,0.0,0.6576197724933469,False,False,0.06850149692735963
83c8aafbefb034674a70de0eac5b8954,PR,francisco beltrao,2,0,0.0,0.0,0.3184837962962963,4.418663194444445,5.073425925925926,5.0,134.9,50.97,0.0,0.6576197724933469,False,False,0.06850149692735963
84c945f15571830c1a91a33978e94009,SP,sao paulo,2,0,0.0,0.0,3.3041666666666667,6.132934027777778,9.44066550925926,4.5,51.98,26.060000000000002,0.0,0.6576197724933469,False,False,0.06850149692735963
84deb808079d1be601c209c1e771b1cc,PR,curitiba,2,0,0.0,0.0,0.869386574074074,4.925277777777778,7.539299768518519,5.0,34.93,23.21,0.0,0.6576197724933469,False,False,0.06850149692735963
85e7c62c1d6ea078c3897424f867a7c8,SC,itapema,2,0,0.0,0.0,3.1461863425925927,3.995162037037037,7.850451388888889,4.5,60.0,27.7,0.0,0.6576197724933469,False,False,0.06850149692735963
88ef59b51bdaa941d10a853429f2b6ce,PR,guaratuba,2,0,0.0,0.0,1.0105671296296297,4.410978009259259,6.199189814814815,2.0,252.9,41.8,0.0,0.6576197724933469,False,False,0.06850149692735963
89757206b887aed36f3e18d858460fea,SP,sao paulo,2,0,0.0,0.0,0.12109953703703703,9.17646412037037,9.605752314814815,5.0,120.5,55.64,0.0,0.6576197724933469,False,False,0.06850149692735963
89d9a386b0b6e5fc8403071b03f7206a,SP,sao paulo,2,0,0.0,0.0,5.062679398148148,8.415109953703704,13.494710648148148,4.0,167.0,68.25,0.0,0.6576197724933469,False,False,0.06850149692735963
8a1ff5c35f6595a73fef4c7b96e4908a,PR,sao  jose dos pinhais,2,0,0.0,0.0,3.3314409722222225,6.197528935185185,10.34066550925926,5.0,1598.0,284.79999999999995,0.0,0.6576197724933469,False,False,0.06850149692735963
8a8835a43bda99fd37310ad76c457510,SP,sao caetano do sul,2,0,0.0,0.0,2.712355324074074,3.5589062499999997,7.462633101851852,4.5,224.34,34.2,0.0,0.6576197724933469,False,False,0.06850149692735963
8b87cd0d43d49b9bdf40f56229364d59,SP,sao paulo,2,0,0.0,0.0,4.126701388888889,10.566684027777779,15.342019675925926,5.0,729.0,135.88,0.0,0.6576197724933469,False,False,0.06850149692735963
8c351ed7c326c62123318f4f3246e906,SP,praia grande,2,0,0.0,0.0,0.4627662037037037,8.527106481481482,10.105011574074075,5.0,114.9,35.76,0.0,0.6576197724933469,False,False,0.06850149692735963
8c91bfea4263b8fba54081460693e2a1,RS,horizontina,2,0,0.0,1.0,7.049236111111111,5.073263888888889,12.129247685185184,5.0,739.0,46.75,0.0,0.6576197724933469,False,False,0.06850149692735963
8c9348f33ae3dada25c99c99ade2af78,SP,carapicuiba,2,0,0.0,0.0,1.700150462962963,8.210127314814814,10.17058449074074,5.0,312.99,51.94,0.0,0.6576197724933469,False,False,0.06850149692735963
8def3db7f272735afb2ecd03aeca09a7,RJ,rio de janeiro,2,0,0.0,0.0,0.37473958333333335,2.2770486111111112,2.659195601851852,5.0,196.0,33.64,0.0,0.6576197724933469,False,False,0.06850149692735963
8ea394aed8138685abe1eb9f25e1021d,SP,sorocaba,2,0,0.0,0.0,4.661273148148148,6.61646412037037,11.29025462962963,4.0,1340.0,77.6,0.0,0.6576197724933469,False,False,0.06850149692735963
8eb88b0acb3f90a717ad659221471fa7,SC,cacador,2,0,0.0,0.0,0.7614583333333333,10.628709490740741,12.252141203703705,4.5,119.8,40.87,0.0,0.6576197724933469,False,False,0.06850149692735963
8ff38bc3969e67c36c48343a07090f66,SP,sao paulo,2,0,0.0,0.5,7.246290509259259,9.493298611111111,16.915497685185183,2.5,3472.0,387.56,0.0,0.6576197724933469,False,False,0.06850149692735963
8fff28c4263ddec387f28d237fb42773,SP,sao paulo,2,0,0.0,0.0,0.3188599537037037,5.212934027777778,5.756741898148148,5.0,58.6,54.03,0.0,0.6576197724933469,False,False,0.06850149692735963
90b57083da5d803237da74daec6dcb2b,PR,curitiba,2,0,0.0,0.0,1.8390451388888889,4.992991898148148,7.904450231481482,5.0,206.9,34.31,0.0,0.6576197724933469,False,False,0.06850149692735963
910a922b426b7ff95eaee129ad6c0e1f,SP,sao jose do rio preto,2,0,0.0,0.0,1.7850405092592592,11.57595486111111,14.63134837962963,5.0,119.8,31.16,0.0,0.6576197724933469,False,False,0.06850149692735963
918f6fbcf3ab724d805867303e593a1b,SP,valinhos,2,0,0.0,0.0,1.2909143518518518,3.575017361111111,4.872783564814815,4.0,79.69999999999999,32.88,0.0,0.6576197724933469,False,False,0.06850149692735963
9535a841eecebed61a9fb1ac1cbb5597,SP,sao paulo,2,0,0.0,0.0,0.9347280092592593,7.566070601851852,9.502650462962963,3.0,784.9,33.43,0.0,0.6576197724933469,False,False,0.06850149692735963
968ee78631915a63fef426d6733d7422,RS,erechim,2,0,0.0,0.0,8.01837962962963,6.544166666666667,15.264716435185186,3.0,450.0,71.67,0.0,0.6576197724933469,False,False,0.06850149692735963
96e5dc09087bad639b4ee193104ec2e5,RJ,bom jardim,2,0,0.0,0.0,0.17238425925925926,6.755509259259259,7.808726851851851,4.5,101.9,52.54,0.0,0.6576197724933469,False,False,0.06850149692735963
98dddbc4601dd4443ca174359b237166,PR,sarandi,2,0,0.0,0.0,2.6488310185185187,5.265659722222223,8.23082175925926,5.0,158.0,53.67,0.0,0.6576197724933469,False,False,0.06850149692735963
98e164d549402270247f3c96a1a158ef,SP,sao paulo,2,0,0.0,0.0,3.8607812500000005,4.363402777777778,8.833802083333333,2.5,162.7,24.72,0.0,0.6576197724933469,False,False,0.06850149692735963
999f6d9a1c7c81f43be44c6b7d076210,SP,sao paulo,2,0,0.0,0.0,2.2635590277777777,2.421244212962963,4.6904918981481485,4.5,28.0,22.83,0.0,0.6576197724933469,False,False,0.06850149692735963
99cd94252748d2bdde08e17858233602,SP,sao paulo,2,0,0.0,0.0,0.4470138888888889,2.544548611111111,3.0130844907407406,4.5,159.8,21.520000000000003,0.0,0.6576197724933469,False,False,0.06850149692735963
9b1ab052f5fca308ba743ac789ebb2e1,PR,pitanga,2,0,0.0,0.0,3.099126157407407,7.106626157407407,10.214050925925925,4.0,294.09000000000003,31.99,0.0,0.6576197724933469,False,False,0.06850149692735963
9b76ad3d04236f76bc71c59470305e13,SP,boituva,2,0,0.0,0.0,0.5756712962962963,4.455254629629629,5.747731481481482,5.0,394.70000000000005,61.93,0.0,0.6576197724933469,False,False,0.06850149692735963
9bade61a92bed55a25d2b67b9f4ed739,PR,sao jose dos pinhais,2,0,0.0,0.0,4.768431712962963,4.766967592592593,9.656429398148148,3.0,117.68,57.12,0.0,0.6576197724933469,False,False,0.06850149692735963
9c4d31c7e46ab03a43fc06e3142afd4e,RJ,rio de janeiro,2,0,0.0,0.0,2.5191724537037037,4.343304398148148,6.894334490740741,4.5,1218.9,43.82000000000001,0.0,0.6576197724933469,False,False,0.06850149692735963
9e7c5f4d7770eab65738cca38f9efccf,SP,sao paulo,2,0,0.0,0.0,0.2711284722222222,7.152494212962963,7.437210648148148,3.5,184.8,38.08,0.0,0.6576197724933469,False,False,0.06850149692735963
a0d7fbb07bb5ebc3b05980e750db56f3,SP,ferraz de vasconcelos,2,0,0.0,0.0,0.7811516203703703,13.71695601851852,16.931869212962965,3.0,749.0,193.48,0.0,0.6576197724933469,False,False,0.06850149692735963
a11a0e0ca67423425691db355cff69b0,SP,indaiatuba,2,0,0.0,0.0,1.5622800925925926,4.427939814814815,5.527760416666666,5.0,448.9,28.080000000000002,0.0,0.6576197724933469,False,False,0.06850149692735963
a20d8058c866dbaeca014d2cd20ac62e,SP,sao jose dos campos,2,0,0.0,0.0,1.8280497685185184,21.203344907407406,23.55626736111111,5.0,1194.0,44.9,0.0,0.6576197724933469,False,False,0.06850149692735963
a2a41aedb70551d4a85aa04dc2fced48,SP,sao paulo,2,0,0.0,0.0,2.683576388888889,4.989120370370371,8.864953703703703,4.0,52.79,26.94,0.0,0.6576197724933469,False,False,0.06850149692735963
a3b0df0065e264a91b7bbf5f844af5cd,SP,sao bernardo do capo,2,0,0.0,0.5,3.905792824074074,9.45546875,13.619450231481482,5.0,186.69,32.06,0.0,0.6576197724933469,False,False,0.06850149692735963
a45314082d50d578a4721c9787ce09ab,SP,mirassol,2,0,0.0,0.0,1.5227256944444445,3.7063368055555554,5.23833912037037,5.0,424.9,29.020000000000003,0.0,0.6576197724933469,False,False,0.06850149692735963
a513150f33f99a06569e9cd5c4bb889b,SP,sao paulo,2,0,0.0,0.0,0.9516550925925926,6.938015046296297,9.656533564814815,4.5,677.0,34.25,0.0,0.6576197724933469,False,False,0.06850149692735963
a70e9066dbfd10b6b97a3f54a1356762,PR,mandaguari,2,0,0.0,0.0,9.455891203703704,8.3284375,18.28829861111111,5.0,1716.0,311.4,0.0,0.6576197724933469,False,False,0.06850149692735963
a7b7354cc588f7566a848bcbb1ce3d96,SP,sao paulo,2,0,0.0,1.0,7.149346064814814,4.488483796296296,11.876527777777778,4.0,79.8,25.07,0.0,0.6576197724933469,False,False,0.06850149692735963
a7d0f8dd44f57ef6de7f7f02e3d82630,SP,sao paulo,2,0,0.0,0.0,1.7106828703703705,3.752783564814815,6.127939814814814,4.5,73.78999999999999,25.88,0.0,0.6576197724933469,False,False,0.06850149692735963
a7dc4098e4da6e41b426269d12ae7e91,SP,sao paulo,2,0,0.0,0.0,2.0532002314814815,2.412002314814815,6.348055555555556,3.0,518.0,36.45,0.0,0.6576197724933469,False,False,0.06850149692735963
a81466620e46a6970b22ef40379fdfc9,SC,sao ludgero,2,0,0.0,0.0,0.34029513888888885,6.827262731481481,7.190133101851853,5.0,321.8,32.98,0.0,0.6576197724933469,False,False,0.06850149692735963
aa17b35ce4de7b565be3249ba838944f,SP,jundiai,2,0,0.0,0.5,5.466927083333333,10.799317129629628,16.367667824074076,4.5,79.8,34.2,0.0,0.6576197724933469,False,False,0.06850149692735963
aae5953b9edddf14749c0d65d60eb4b9,MG,belo horizonte,2,0,0.0,0.0,4.814560185185185,7.973026620370371,12.825434027777778,5.0,173.0,29.9,0.0,0.6576197724933469,False,False,0.06850149692735963
abe021b01ba992245271b9aa422032df,PR,curitiba,2,0,0.0,0.0,11.062714120370371,6.528402777777778,17.93034722222222,3.5,6720.0,117.24000000000001,0.0,0.6576197724933469,False,False,0.06850149692735963
ad8b531ae67582f096925cff5630d0d1,PR,castro,2,0,0.0,0.5,8.351875,12.065046296296295,20.48488425925926,4.0,198.45000000000002,53.04,0.0,0.6576197724933469,False,False,0.06850149692735963
b05b432bf68945d4d9783f9e3ca29ee8,SP,birigui,2,0,0.0,0.0,1.0182523148148148,3.8892245370370375,5.414924768518519,4.5,224.8,26.09,0.0,0.6576197724933469,False,False,0.06850149692735963
b12cfd255810394b60caef18ae163547,PR,cascavel,2,0,0.0,0.0,2.414045138888889,12.91314814814815,15.839143518518519,4.5,560.0,166.14999999999998,0.0,0.6576197724933469,False,False,0.06850149692735963
b26741d31a563d769b4af0465ab20c56,SC,florianopolis,2,0,0.0,0.0,1.6852430555555555,10.990416666666667,12.684010416666666,4.0,648.0,47.03,0.0,0.6576197724933469,False,False,0.06850149692735963
b416191c9813d821a295cfabafff4161,SP,franca,2,0,0.0,0.0,1.2282523148148148,16.691064814814816,19.298738425925926,2.5,117.8,32.34,0.0,0.6576197724933469,False,False,0.06850149692735963
b452cb0ae35044c4a53179c39f49fb06,SP,sorocaba,2,0,0.0,1.0,11.49105324074074,5.2199479166666665,16.722858796296297,4.0,63.699999999999996,38.29,0.0,0.6576197724933469,False,False,0.06850149692735963
b5bb2b985208834bd5bd86c7a402bbad,RS,venancio aires,2,0,0.0,0.0,1.1869675925925927,9.803414351851853,11.335590277777778,5.0,621.06,38.66,0.0,0.6576197724933469,False,False,0.06850149692735963
b8d890108a7a80e4f5d59eea9f362438,PR,curitiba,2,0,0.0,1.0,9.039126157407408,3.9928182870370375,13.931145833333334,3.5,89.69999999999999,34.59,0.0,0.6576197724933469,False,False,0.06850149692735963
b9ec22de23f18567de0e09d776ca0309,DF,brasilia,2,0,0.0,0.0,1.7697164351851853,4.751383101851852,6.534861111111111,5.0,341.98,40.49,0.0,0.6576197724933469,False,False,0.06850149692735963
ba89796db68db180bd389de96b2ff3b6,SP,sao paulo,2,0,0.0,0.0,2.0786805555555556,6.494184027777778,8.601232638888888,5.0,309.8,43.46,0.0,0.6576197724933469,False,False,0.06850149692735963
bb3dca718920a4d7ec3cc9ffb025108b,SP,sao paulo,2,0,0.0,0.5,4.011440972222222,7.644554398148148,11.942725694444444,3.0,108.0,93.7,0.0,0.6576197724933469,False,False,0.06850149692735963
bb5d956dece964a06c12bceb66b923ae,RJ,rio de janeiro,2,0,0.0,0.0,1.451568287037037,8.469704861111111,10.383778935185186,5.0,1278.36,50.14,0.0,0.6576197724933469,False,False,0.06850149692735963
bb7ad8a45c027be8ab075b8e465f8ca0,SC,floranopolis,2,0,0.0,0.0,1.5883854166666667,3.788130787037037,5.669924768518518,5.0,19.98,32.64,0.0,0.6576197724933469,False,False,0.06850149692735963
bbe87dce25ba8b38bb61cc7210a3f10b,SP,sao joao da boa vista,2,0,0.0,0.0,1.3305092592592591,4.556788194444445,6.258229166666666,5.0,287.0,68.39,0.0,0.6576197724933469,False,False,0.06850149692735963
bc39d8938f90a3a2b98193723ed59774,SP,cajamar,2,0,0.0,0.0,2.2965856481481484,2.2414525462962964,4.553125,4.0,306.8,22.31,0.0,0.6576197724933469,False,False,0.06850149692735963
bede56095ba33c42038fb85f707b8a42,SP,valinhos,2,0,0.0,0.0,2.640630787037037,9.924484953703704,12.575914351851853,4.5,3973.9,210.87,0.0,0.6576197724933469,False,False,0.06850149692735963
bf0045791395e66460eb04749c68672a,SP,sao paulo,2,0,0.0,0.0,3.570341435185185,10.671261574074073,14.245839120370372,4.0,119.8,35.45,0.0,0.6576197724933469,False,False,0.06850149692735963
c13fb473e7cb8b83ccd543c094df0608,SP,sao paulo,2,0,0.0,0.0,2.7988946759259257,9.958443287037037,12.762152777777779,3.5,54.8,28.72,0.0,0.6576197724933469,False,False,0.06850149692735963
c1552b1dab6e6f760950368ae61fb600,SP,sao jose dos campos,2,0,0.0,0.0,1.611244212962963,3.4463425925925923,5.066215277777777,2.5,53.8,14.89,0.0,0.6576197724933469,False,False,0.06850149692735963
c161d1327ebc3a156c09582ab2f59f6c,SP,sao paulo,2,0,0.0,0.0,2.5554050925925926,0.9250925925925926,3.5126793981481486,4.0,35.99,15.56,0.0,0.6576197724933469,False,False,0.06850149692735963
c3251e13f1bbda6c74e37c160f991e19,SP,porto ferreira,2,0,0.0,0.0,3.375075231481482,9.882777777777777,13.26116898148148,5.0,437.79999999999995,75.28,0.0,0.6576197724933469,False,False,0.06850149692735963
c353f8fc0ce8344999f17d578eb69a5e,RS,porto alegre,2,0,0.0,0.0,0.5682002314814815,8.556880787037038,9.96112847222222,5.0,175.98,36.59,0.0,0.6576197724933469,False,False,0.06850149692735963
c394e193cda3b4225ff2094d32184849,SP,sao paulo,2,0,0.0,0.5,5.445995370370371,5.061076388888889,11.452471064814816,5.0,3134.8900000000003,177.56,0.0,0.6576197724933469,False,False,0.06850149692735963
c398bc00a606d33758afd91f4e64fd15,RJ,rio de janeiro,2,0,0.0,0.0,1.2180092592592593,2.4033391203703705,3.7029050925925926,4.5,150.0,15.5,0.0,0.6576197724933469,False,False,0.06850149692735963
c3ee2331a724e6fc02c4b698b57a73f3,SP,sao paulo,2,0,0.0,0.0,1.8605092592592591,4.396712962962963,6.262175925925925,3.0,1347.0,140.88,0.0,0.6576197724933469,False,False,0.06850149692735963
c6381b1321d7d97717a5bb4ed5b77882,SP,sao paulo,2,0,0.0,0.0,1.6264641203703705,2.6047974537037035,4.809027777777778,3.0,66.0,34.01,0.0,0.6576197724933469,False,False,0.06850149692735963
c76d418370990614e89e956c7a7567d9,SP,taboao da serra,2,0,0.0,0.0,0.8812905092592592,7.90495949074074,10.554403935185185,3.5,305.24,64.53,0.0,0.6576197724933469,False,False,0.06850149692735963
c7c7b2682c648339a0e9846bb1023a39,SP,braganca paulista,2,0,0.0,0.0,4.8344907407407405,5.434652777777778,10.275578703703705,4.5,168.0,31.68,0.0,0.6576197724933469,False,False,0.06850149692735963
c8025364abeecb115431bf95c11a747f,RS,porto alegre,2,0,0.0,0.0,2.455908564814815,4.748940972222222,7.962546296296296,4.5,928.0,43.28,0.0,0.6576197724933469,False,False,0.06850149692735963
cac4e0bc1a3269fa2b6ea5e763f6115b,SC,brusque,2,0,0.0,0.0,3.1808391203703703,6.576348379629629,11.330792824074074,5.0,57.88,50.14,0.0,0.6576197724933469,False,False,0.06850149692735963
cb0b3bcf14e0a709df412a99424a59d7,SP,sao paulo,2,0,0.0,0.5,5.271307870370371,16.66314236111111,22.21970486111111,4.5,460.0,47.43,0.0,0.6576197724933469,False,False,0.06850149692735963
cb32766839f443db85c82a43c4a6c19e,SP,rio claro,2,0,0.0,0.5,3.9274305555555555,15.53597800925926,19.473778935185187,3.0,234.0,31.51,0.0,0.6576197724933469,False,False,0.06850149692735963
cc80e2f693fa6e2408f47ccf62413fc1,PR,curitiba,2,0,0.0,0.0,3.2045659722222224,10.938206018518517,14.152598379629628,4.0,420.0,88.63,0.0,0.6576197724933469,False,False,0.06850149692735963
d26aa40b90272d4843d63be7c1462c8d,SP,sao paulo,2,0,0.0,0.0,0.5248032407407408,3.272806712962963,4.590243055555556,4.5,152.9,24.52,0.0,0.6576197724933469,False,False,0.06850149692735963
d2df77822373f19934e87694d8640767,PR,arapongas,2,0,0.0,0.0,12.689363425925926,8.705480324074074,22.154542824074074,3.0,155.9,40.5,0.0,0.6576197724933469,False,False,0.06850149692735963
d3891911c2feae53c52fea2bd14054e5,SP,sao paulo,2,0,0.0,0.0,0.38905092592592594,3.2797685185185186,4.062760416666666,5.0,141.0,25.990000000000002,0.0,0.6576197724933469,False,False,0.06850149692735963
d4a5e99e0dd915df64ba55a7fbd583fd,SP,sao paulo,2,0,0.0,0.0,4.981290509259259,7.593715277777777,12.585381944444444,3.0,65.15,84.6,0.0,0.6576197724933469,False,False,0.06850149692735963
d52cbce9845184537284a23c3bc3da0e,SC,garopaba,2,0,0.0,0.0,3.0661400462962964,6.951712962962963,10.566354166666667,5.0,75.0,63.78,0.0,0.6576197724933469,False,False,0.06850149692735963
d58d521f3789def2e7a22715e0badd93,SP,sao paulo,2,0,0.0,0.0,2.0961747685185186,2.410520833333333,4.854195601851852,3.5,65.98,18.22,0.0,0.6576197724933469,False,False,0.06850149692735963
d63c73efd41eb002280e7ec831424edb,SP,piracicaba,2,0,0.0,0.0,0.6708912037037037,5.615283564814815,6.290329861111111,4.0,5598.0,168.58999999999997,0.0,0.6576197724933469,False,False,0.06850149692735963
d7ab82074b5f1dfba46db123df101bff,SP,atibaia,2,0,0.0,0.0,1.3828530092592592,4.523894675925925,5.941001157407407,4.5,38.67,45.3,0.0,0.6576197724933469,False,False,0.06850149692735963
d9cb0052a666de5308b32f32ad5f1b1c,SP,olimpia,2,0,0.0,0.0,2.0053645833333333,11.499710648148149,13.51877314814815,5.0,132.6,30.82,0.0,0.6576197724933469,False,False,0.06850149692735963
da20530872245d6cd9d2f5725613c430,RS,igrejinha,2,0,0.0,0.0,2.7387152777777777,7.5077893518518515,10.269930555555556,4.5,314.96000000000004,79.25999999999999,0.0,0.6576197724933469,False,False,0.06850149692735963
dd39ad39b5d3df33037e141c72497ba6,SP,sao paulo,2,0,0.0,0.0,1.4411284722222222,7.209461805555556,8.673096064814814,5.0,135.8,29.049999999999997,0.0,0.6576197724933469,False,False,0.06850149692735963
dd58ee93286b0821565574c570e9e1dc,PR,curitiba,2,0,0.0,0.5,7.0671990740740736,4.147002314814815,12.036979166666667,5.0,2948.0,75.31,0.0,0.6576197724933469,False,False,0.06850149692735963
dd8a29ce82d5c705ba932d81494600a5,SP,sao paulo,2,0,0.0,0.0,3.5967708333333337,3.56921875,8.930642361111111,3.5,205.75,27.5,0.0,0.6576197724933469,False,False,0.06850149692735963
dedcab67899479e4ea5dcc4eba47f587,SC,jaragua do sul,2,0,0.0,0.0,2.0830208333333333,2.8333622685185187,5.555057870370371,4.5,84.0,21.64,0.0,0.6576197724933469,False,False,0.06850149692735963
e0487761face83d64fcada2408959a36,SP,sao paulo,2,0,0.0,0.0,1.8166898148148147,1.7119444444444443,3.5394791666666667,4.5,49.25,14.870000000000001,0.0,0.6576197724933469,False,False,0.06850149692735963
e0a3c37054ade6478d923a6efc10f308,SC,camboriu,2,0,0.0,0.0,1.692824074074074,6.649461805555555,7.835486111111111,5.0,219.8,35.18,0.0,0.6576197724933469,False,False,0.06850149692735963
e503f22be6a4f456d9851920a5d9c670,SP,sao paulo,2,0,0.0,0.0,2.46796875,3.1916666666666664,5.669965277777777,4.0,198.9,32.44,0.0,0.6576197724933469,False,False,0.06850149692735963
e53d5b9b29d1218281f4a907ada18626,PR,toledo,2,0,0.0,0.0,1.9787905092592593,5.089004629629629,7.199259259259259,4.5,96.36,64.89,0.0,0.6576197724933469,False,False,0.06850149692735963
e546117ed9cafbc40239c0c78635c584,SP,sao paulo,2,0,0.0,0.0,2.480277777777778,3.356527777777778,6.369074074074074,4.5,456.0,28.34,0.0,0.6576197724933469,False,False,0.06850149692735963
e560e4022d8f7aebf155db95946c5c0f,MG,belo horizonte,2,0,0.0,0.0,1.6389988425925925,8.16795138888889,10.134334490740741,5.0,780.0,90.21000000000001,0.0,0.6576197724933469,False,False,0.06850149692735963
e59e489e2ea74bd409b798b5daf49de3,PR,maringa,2,0,0.0,0.5,6.822777777777778,6.59578125,14.101707175925926,2.0,396.0,64.75,0.0,0.6576197724933469,False,False,0.06850149692735963
e5cbe890e679490127e9a390b46bbd20,SP,sao paulo,2,0,0.0,0.0,0.6531712962962963,4.869178240740741,5.923854166666667,4.5,908.99,28.72,0.0,0.6576197724933469,False,False,0.06850149692735963
e83e93b71371817b11d78a63ff156aee,SP,barueri,2,0,0.0,0.5,8.084565972222222,7.714918981481482,15.808663194444446,4.5,286.0,87.38000000000001,0.0,0.6576197724933469,False,False,0.06850149692735963
e88f7a2995ba184710d339c5c4bf2e30,SP,votuporanga,2,0,0.0,0.0,0.6808217592592593,10.03336226851852,10.833229166666667,5.0,251.6,35.91,0.0,0.6576197724933469,False,False,0.06850149692735963
e94b64dc6979b302a5a5be1662c83bb6,SP,itapecerica da serra,2,0,0.0,0.0,1.7794791666666665,6.285549768518519,9.009612268518518,5.0,306.89,31.740000000000002,0.0,0.6576197724933469,False,False,0.06850149692735963
ea1776927851da2532aa70d6a32c095a,SP,sao paulo,2,0,0.0,0.0,2.706255787037037,5.9397164351851846,8.655138888888889,3.5,283.9,38.18,0.0,0.6576197724933469,False,False,0.06850149692735963
ea846a0e7ad98a741783e886d89dfa44,SP,aracatuba,2,0,0.0,0.0,0.4484837962962963,7.709039351851851,10.279629629629628,5.0,137.0,55.26,0.0,0.6576197724933469,False,False,0.06850149692735963
eb9cd5b35d95206585e2185318cb5c61,SP,sao paulo,2,0,0.0,1.0,5.138136574074075,10.824137731481482,16.270862268518517,3.0,550.0,61.55,0.0,0.6576197724933469,False,False,0.06850149692735963
ec5c1d94df153d473b37f880977ae58e,SP,rio de janeiro,2,0,0.0,0.0,0.8975289351851852,9.409461805555555,10.320208333333333,2.0,199.67000000000002,84.07,0.0,0.6576197724933469,False,False,0.06850149692735963
eddd1991bd6d9309995a480c39b95137,PR,ponta grossa,2,0,0.0,0.0,2.050619212962963,11.698697916666667,14.754149305555556,3.5,601.0,71.55000000000001,0.0,0.6576197724933469,False,False,0.06850149692735963
ee2fbacc2fc3794e656cc4d933d59ce7,SP,sao paulo,2,0,0.0,0.0,0.6234259259259259,6.786226851851852,7.072615740740741,4.0,464.97,53.73,0.0,0.6576197724933469,False,False,0.06850149692735963
f049a72cf58fd31b11f8919cade515e7,SP,sao paulo,2,0,0.0,0.0,0.8046296296296296,2.6400983796296296,3.4543113425925926,4.5,76.25,27.75,0.0,0.6576197724933469,False,False,0.06850149692735963
f0ec78809fe0bc3edb11c9fe5b97b059,SP,sao paulo,2,0,0.0,0.0,5.508622685185186,3.826059027777778,9.34699074074074,4.0,62.599999999999994,23.659999999999997,0.0,0.6576197724933469,False,False,0.06850149692735963
f1198c871e0171278b63f40d112caeec,SP,sao paulo,2,0,0.0,0.0,5.6134375,4.414589120370371,11.401388888888889,4.5,475.8,82.27,0.0,0.6576197724933469,False,False,0.06850149692735963
f18112da765e0971ca5d510dec322bdd,SC,brusque,2,0,0.0,0.0,1.289670138888889,16.598877314814814,17.898136574074073,4.0,327.8,82.95,0.0,0.6576197724933469,False,False,0.06850149692735963
f19516b9ff26bfeb091b30108db4ddbd,SP,artur nogueira,2,0,0.0,0.0,3.439039351851852,7.581516203703703,11.050306712962964,5.0,112.8,49.480000000000004,0.0,0.6576197724933469,False,False,0.06850149692735963
f1ce5fdecd64935c28b9ff932751d0dc,SP,santana de parnaiba,2,0,0.0,0.0,4.369866898148148,5.658738425925926,10.23626736111111,4.5,158.0,22.53,0.0,0.6576197724933469,False,False,0.06850149692735963
f235413f677777a0738ff215d0184901,SP,bariri,2,0,0.0,0.0,1.2375925925925926,5.031730324074074,6.278344907407408,5.0,1191.98,55.83,0.0,0.6576197724933469,False,False,0.06850149692735963
f266295f49a28eee21f413e0cbb0521d,PR,ponta grossa,2,0,0.0,0.0,4.7929108796296305,6.449322916666667,12.08870949074074,4.5,149.8,28.14,0.0,0.6576197724933469,False,False,0.06850149692735963
f3975e8a41157005d4bcbb358678cd9b,SC,pinhalzinho,2,0,0.0,0.0,1.1323784722222223,6.5522280092592595,8.65745949074074,5.0,178.8,83.97999999999999,0.0,0.6576197724933469,False,False,0.06850149692735963
f410c8873029fcc3809b9df6d0b28914,SP,caxias do sul,2,0,0.0,0.0,0.8746064814814816,6.708275462962963,7.698258101851852,5.0,289.8,37.3,0.0,0.6576197724933469,False,False,0.06850149692735963
f7315bb81aea4ddca2d39e249a801c98,SP,guarulhos,2,0,0.0,0.0,0.9244386574074074,9.263975694444445,10.214172453703704,4.5,379.8,50.28,0.0,0.6576197724933469,False,False,0.06850149692735963
f8e2c1b59cd4225a3e4fd0d013a76b93,SP,ribeirao preto,2,0,0.0,0.0,3.997939814814815,6.004236111111111,10.010943287037037,5.0,219.8,44.63,0.0,0.6576197724933469,False,False,0.06850149692735963
f9eedec3129e8cc6b6429c42d0808c5b,RJ,"rio de janeiro, rio de janeiro, brasil",2,0,0.0,0.0,0.6838368055555556,6.063148148148148,6.757737268518518,4.5,789.8,43.35,0.0,0.6576197724933469,False,False,0.06850149692735963
fb8904a8ea99f8831b64ce27db2c1765,SP,sao caetano do sul,2,0,0.0,0.0,1.3541666666666667,8.802291666666667,11.159346064814816,4.5,278.0,24.36,0.0,0.6576197724933469,False,False,0.06850149692735963
fd312b6bf05efac6c3772d5b52205d8a,SP,votorantim,2,0,0.0,0.0,2.125960648148148,4.244513888888889,6.378287037037037,5.0,118.69999999999999,45.620000000000005,0.0,0.6576197724933469,False,False,0.06850149692735963
fedf2c1386e137f296b3bbf3b635e69d,SP,sao paulo,2,0,0.0,0.5,6.077013888888889,3.4372627314814816,10.332349537037038,3.5,131.74,79.16,0.0,0.6576197724933469,False,False,0.06850149692735963
ff314fa6033cc68ec451c47aee2d6ba4,SP,sao paulo,2,0,0.0,0.5,6.472042824074074,4.206209490740741,10.687337962962962,5.0,537.9,32.44,0.0,0.6576197724933469,False,False,0.06850149692735963
003554e2dce176b5555353e4f3555ac8,GO,goiania,1,0,0.0,0.0,0.5236226851851852,4.110243055555555,4.646805555555556,5.0,120.0,19.38,0.0,0.7934506856227626,False,False,0.06850149692735963
00ab3eff1b5192e5f1a63bcecfee11c8,SP,sao paulo,1,0,0.0,0.0,3.898761574074074,5.153726851851852,9.052488425925926,5.0,98.0,12.08,0.0,0.7934506856227626,False,False,0.06850149692735963
00d8b143d12632bad99c0ad66ad52825,MG,belo horizonte,1,0,0.0,0.0,1.6170833333333334,5.6074421296296295,7.233344907407408,5.0,86.0,51.1,0.0,0.7934506856227626,False,False,0.06850149692735963
010da0602d7774602cd1b3f5fb7b709e,SP,sao bernardo do campo,1,0,0.0,1.0,20.720659722222223,4.394710648148148,26.1146875,1.0,849.5,230.25,0.0,0.7934506856227626,False,False,0.06850149692735963
011b0eaba87386a2ae96a7d32bb531d1,SP,pompeia,1,0,0.0,0.0,14.547708333333333,9.798483796296296,25.1803125,4.0,99.98,29.18,0.0,0.7934506856227626,False,False,0.06850149692735963
028872bfa080090a9d0abd4f1af168f8,MG,ribeirao das neves,1,0,0.0,0.0,4.328159722222222,12.143090277777778,16.481273148148148,5.0,70.5,47.37,0.0,0.7934506856227626,False,False,0.06850149692735963
04843805947f0fc584fc1969b6e50fe7,RS,ivoti,1,0,0.0,1.0,8.85806712962963,6.168483796296297,15.037071759259259,5.0,1400.0,74.76,0.0,0.7934506856227626,False,False,0.06850149692735963
04ee0ec01589969663ba5967c0e0bdc0,RS,lajeado,1,0,0.0,0.0,0.15709490740740742,2.8954282407407406,3.0675925925925926,5.0,289.49,24.83,0.0,0.7934506856227626,False,False,0.06850149692735963
052577151711aec5c744fe12e66db3e1,SC,rodeio,1,0,0.0,1.0,6.088206018518519,7.923703703703704,14.03383101851852,5.0,687.0,42.65,0.0,0.7934506856227626,False,False,0.06850149692735963
05a48cc8859962767935ab9087417fbb,SP,sao paulo,1,0,0.0,0.0,5.7977083333333335,5.43806712962963,11.276516203703704,5.0,42.9,16.49,0.0,0.7934506856227626,False,False,0.06850149692735963
05ca864204d09595ae591b93ea9cf93d,SP,barueri,1,0,0.0,0.0,3.3971064814814813,1.0097337962962962,5.168472222222222,5.0,179.9,8.52,0.0,0.7934506856227626,False,False,0.06850149692735963
07a9bc7f61396b658ddf3ac534efe44c,SP,sao paulo,1,0,0.0,0.0,1.1167013888888888,4.870763888888889,5.995138888888889,3.5,119.9,15.59,0.0,0.7934506856227626,False,False,0.06850149692735963
08d1c9478fb0d7d7fcac9c0da4e82fc7,MG,belo horizonte,1,0,0.0,0.0,5.774502314814815,4.1478472222222225,10.392372685185185,5.0,538.0,67.57,0.0,0.7934506856227626,False,False,0.06850149692735963
0936e1837d0c79253456bbb2ffaaef10,SP,sao paulo,1,0,0.0,0.0,4.886597222222222,12.854675925925926,18.366805555555555,5.0,38.9,31.12,0.0,0.7934506856227626,False,False,0.06850149692735963
0a198e95d32b1be2da9424c962a6ebfa,MG,contagem,1,0,0.0,1.0,12.068622685185185,3.960150462962963,16.04769675925926,5.0,69.99,16.68,0.0,0.7934506856227626,False,False,0.06850149692735963
0af2ab31141893d26aca5a404a537dab,SP,sao paulo,1,0,0.0,0.0,0.5304050925925926,5.197523148148148,5.809513888888889,5.0,59.0,15.51,0.0,0.7934506856227626,False,False,0.06850149692735963
0b1ca3ef18a63d7eb0c8897fa0849c08,SP,sao roque,1,0,0.0,0.0,3.917048611111111,1.7089699074074074,6.710289351851852,5.0,55.0,7.87,0.0,0.7934506856227626,False,False,0.06850149692735963
0b36063d5818f81ccb94b54adfaebbf5,SC,jaragua do sul,1,0,0.0,0.0,1.6669560185185186,12.843055555555555,14.543993055555555,5.0,765.0,18.0,0.0,0.7934506856227626,False,False,0.06850149692735963
0b46f784306be7200ca1700aa55d819f,MG,belo horizonte,1,0,0.0,0.0,1.0639583333333333,2.1796990740740743,3.2436574074074076,5.0,19.9,10.96,0.0,0.7934506856227626,False,False,0.06850149692735963
0bb27263628258b8111a0262769fa9db,SP,sao paulo,1,0,0.0,1.0,40.62107638888889,1.0522337962962962,41.68077546296296,5.0,22.2,10.96,0.0,0.7934506856227626,False,False,0.06850149692735963
0ee4fb99ac55ffbbc98795aa01b7f8fa,SP,santana de parnaiba,1,0,0.0,0.0,3.048761574074074,3.825787037037037,6.882916666666667,5.0,59.9,11.03,0.0,0.7934506856227626,False,False,0.06850149692735963
0f519b0d2e5eb2227c93dd25038bfc01,SP,ibitinga,1,0,0.0,0.0,2.913032407407407,9.344502314814815,12.271921296296297,5.0,79.9,23.0,0.0,0.7934506856227626,False,False,0.06850149692735963
0f80a40c312b2472dca482cf50f5186f,SP,lencois paulista,1,0,0.0,0.0,0.11152777777777778,5.2041203703703705,5.3246064814814815,3.0,129.9,20.1,0.0,0.7934506856227626,False,False,0.06850149692735963
0f94588695d71662beec8d883ffacf09,SC,florianopolis,1,0,0.0,0.0,0.047002314814814816,14.834224537037038,14.887152777777779,5.0,9.0,18.59,0.0,0.7934506856227626,False,False,0.06850149692735963
134b867a0f7f8bbe6abf10f91874891e,SP,valinhos,1,0,0.0,0.0,3.4886689814814815,9.020671296296296,12.933530092592592,4.0,789.89,132.95,0.0,0.7934506856227626,False,False,0.06850149692735963
139157dd4daa45c25b0807ffff348363,SP,sao paulo,1,0,0.0,0.0,0.35226851851851854,0.8511458333333334,1.2141782407407407,4.0,29.9,7.78,0.0,0.7934506856227626,False,False,0.06850149692735963
13e85aac53340018b40c2af68001b7e0,SP,pedreira,1,0,0.0,1.0,10.122430555555555,5.081296296296296,17.718125,5.0,17.8,14.12,0.0,0.7934506856227626,False,False,0.06850149692735963
1444c08e64d55fb3c25f0f09c07ffcf2,BA,lauro de freitas,1,0,0.0,0.0,3.0025810185185184,6.398020833333334,10.39494212962963,1.0,2749.0,69.74,0.0,0.7934506856227626,False,False,0.06850149692735963
15b3b1b81484422eb41df68ac87f1f50,SP,bauru,1,0,0.0,1.0,5.980277777777777,8.516111111111112,14.629606481481481,1.0,43.35,12.69,0.0,0.7934506856227626,False,False,0.06850149692735963
164a5a8794e6d42e14f55e447b12a3bc,PR,guaira,1,0,0.0,0.0,0.026956018518518518,13.35329861111111,13.407523148148147,5.0,73.99,62.77,0.0,0.7934506856227626,False,False,0.06850149692735963
16bdc8cefd0e32a6f0824d296c5ad14a,SP,sp,1,0,0.0,0.0,2.3107291666666665,6.913587962962963,9.316840277777779,5.0,41.76,19.32,0.0,0.7934506856227626,False,False,0.06850149692735963
1703bc09972dab9782e7a9194943b69f,MG,minas gerais,1,0,0.0,0.0,2.5184837962962963,9.590636574074074,12.12505787037037,5.0,249.9,106.21,0.0,0.7934506856227626,False,False,0.06850149692735963
1746c1ae87ac63d530c7c943d0ac42e2,SP,santana de parnaiba,1,0,0.0,1.0,7.882280092592593,15.134074074074075,23.021400462962962,5.0,229.9,22.45,0.0,0.7934506856227626,False,False,0.06850149692735963
17998cf586426bf0f2c3726cb0a4b211,MG,belo horizonte,1,0,0.0,0.0,0.565300925925926,6.137361111111111,6.714837962962963,5.0,19.9,21.15,0.0,0.7934506856227626,False,False,0.06850149692735963
1927cdb9fa74f5270097f6250e8e8f34,SP,marilia,1,0,0.0,0.0,,8.157916666666667,8.128900462962964,5.0,120.0,58.92,0.0,0.7934506856227626,False,False,0.06850149692735963
19a7c9f66ffa6452ff4b4c0cca71da27,PR,itaipulandia,1,0,0.0,0.0,4.018738425925926,21.158032407407408,25.18634259259259,5.0,279.0,59.74,0.0,0.7934506856227626,False,False,0.06850149692735963
19d62d484cba71963c93f0f00ab42013,SC,gaspar,1,0,0.0,0.0,6.954675925925926,6.948391203703704,13.946666666666667,4.0,139.9,22.69,0.0,0.7934506856227626,False,False,0.06850149692735963
1a8e2d9c38b84a9702ac7922924b0573,SC,araquari,1,0,0.0,0.0,0.34578703703703706,15.237592592592593,15.598125,5.0,80.0,17.0,0.0,0.7934506856227626,False,False,0.06850149692735963
1b61fb1f0f2185d89e9a126c498e9cc7,PR,maringa,1,0,0.0,0.0,4.401944444444444,6.949953703703704,11.358564814814814,5.0,49.7,16.11,0.0,0.7934506856227626,False,False,0.06850149692735963
1c742ac33582852aaf3bcfbf5893abcf,MG,belo horizonte,1,0,0.0,0.0,2.695775462962963,2.8963194444444444,6.017256944444444,5.0,97.9,15.79,0.0,0.7934506856227626,False,False,0.06850149692735963
1c83418358f249c9d6affa52d579db0e,SP,sao paulo,1,0,0.0,0.0,3.169212962962963,7.012557870370371,10.189027777777778,5.0,24.9,14.52,0.0,0.7934506856227626,False,False,0.06850149692735963
1cbcd2ee0afb3fc09963b87eb65e7e4f,PR,curitiba,1,0,0.0,0.0,1.3771527777777777,2.2595717592592592,4.318333333333333,5.0,90.0,40.650000000000006,0.0,0.7934506856227626,False,False,0.06850149692735963
1d953075c2f0dd990bacf27b83b330f1,MG,belo horizonte,1,0,0.0,0.0,1.0428240740740742,6.22974537037037,7.282638888888889,5.0,59.0,19.32,0.0,0.7934506856227626,False,False,0.06850149692735963
1de62b6f2fd96227629786db492433db,SP,sp,1,0,0.0,0.0,0.14103009259259258,4.3718055555555555,4.52806712962963,5.0,149.9,21.69,0.0,0.7934506856227626,False,False,0.06850149692735963
1e47d8b6546eb3a77b1acddcc9406242,SP,campinas,1,0,0.0,0.0,16.20380787037037,19.283032407407408,35.493993055555556,1.0,149.9,16.81,0.0,0.7934506856227626,False,False,0.06850149692735963
1f7dfad2cb384ea4d2d7e1ffbd78c407,SP,sao paulo,1,0,0.0,0.0,4.96,1.389849537037037,6.361909722222222,1.0,49.0,8.29,0.0,0.7934506856227626,False,False,0.06850149692735963
1fe61aa5494bd3ae92a2c13e067c810f,SC,santa cecilia,1,0,0.0,0.0,0.33672453703703703,7.639189814814815,7.990543981481482,4.0,537.76,100.82,0.0,0.7934506856227626,False,False,0.06850149692735963
2039c5e51785b5dde7cf93ccb3b7be2c,SP,guaira,1,0,0.0,0.0,0.9303587962962963,7.328888888888889,8.269247685185185,5.0,159.9,13.78,0.0,0.7934506856227626,False,False,0.06850149692735963
21d59342ba150175ca2aa4f8faddeca6,SP,itaquaquecetuba,1,0,0.0,0.0,0.6636342592592592,10.359467592592592,11.202060185185186,4.0,159.9,53.47,0.0,0.7934506856227626,False,False,0.06850149692735963
2235cf78d3e2073a88146a9cb60f0dd0,SP,sao paulo,1,0,0.0,0.0,4.410625,9.208275462962963,14.215081018518518,5.0,178.99,25.77,0.0,0.7934506856227626,False,False,0.06850149692735963
22a23e5ac7061fc538cc2a019afaaf16,MG,belo horizonte,1,0,0.0,0.0,7.852511574074074,3.16974537037037,11.029351851851851,3.0,95.0,14.42,0.0,0.7934506856227626,False,False,0.06850149692735963
247587846358bb1d2e4c6522020b36fe,SP,sao jose do rio preto,1,0,0.0,0.0,1.6357638888888888,3.155902777777778,4.81011574074074,5.0,99.0,22.51,0.0,0.7934506856227626,False,False,0.06850149692735963
24c1de8d9551c0b4fbc53317d53efda8,PB,serra redonda,1,0,0.0,1.0,3.1554166666666665,8.248773148148148,12.779282407407408,5.0,355.0,57.12,0.0,0.7934506856227626,False,False,0.06850149692735963
258447aad3f7b01e2643c89f64dc5647,PR,cianorte,1,0,0.0,0.0,0.6908333333333333,7.247951388888889,7.945914351851852,5.0,51.9,19.55,0.0,0.7934506856227626,False,False,0.06850149692735963
265fdc289dffa9f1ad801c74f7d0de47,SP,jaci,1,0,0.0,0.0,1.0678125,6.283113425925926,7.357453703703704,5.0,495.0,51.55,0.0,0.7934506856227626,False,False,0.06850149692735963
26e2e5033827d2ba53929f43e03d8ffe,SP,sao paulo,1,0,0.0,0.0,2.0544675925925926,3.2051736111111113,5.269074074074074,5.0,139.49,15.29,0.0,0.7934506856227626,False,False,0.06850149692735963
270572bb714b00531be85e16e1550f26,SP,maua,1,0,0.0,0.0,1.4786342592592592,9.572303240740741,11.073055555555555,5.0,96.99,14.77,0.0,0.7934506856227626,False,False,0.06850149692735963
28872dc528e978a639754bc8c2ce5a4c,RS,caxias do sul,1,0,0.0,0.0,0.5316087962962963,3.4916898148148148,4.039108796296296,5.0,1009.9,29.0,0.0,0.7934506856227626,False,False,0.06850149692735963
28a26ebce31d5918b181ede016fd693b,MG,belo horizonte,1,0,0.0,0.0,2.8936574074074075,8.167233796296296,11.071064814814815,5.0,29.9,17.14,0.0,0.7934506856227626,False,False,0.06850149692735963
28d162ab86bb49d719c32f0ee6186eaa,SP,ribeirao preto,1,0,0.0,0.0,0.39046296296296296,15.987962962962962,16.388842592592592,4.0,109.99,17.21,0.0,0.7934506856227626,False,False,0.06850149692735963
299c89a525fee36c567f4fe72f038100,CE,varzea alegre,1,0,0.0,0.0,0.8170717592592592,8.496203703703705,9.31943287037037,3.0,189.0,53.67,0.0,0.7934506856227626,False,False,0.06850149692735963
2a73cba571d90c694b7caca072ccf6ce,SP,sao caetano do sul,1,0,0.0,1.0,11.294270833333334,9.322650462962963,21.333020833333332,5.0,342.78,38.7,0.0,0.7934506856227626,False,False,0.06850149692735963
2aafae69bf4c41fbd94053d9413e87ee,RS,porto alegre,1,0,0.0,0.0,3.8312037037037037,7.989467592592592,11.832766203703704,5.0,59.0,18.34,0.0,0.7934506856227626,False,False,0.06850149692735963
2b402d5dc42554061f8ea98d1916f148,BA,irece,1,0,0.0,0.0,1.8363194444444444,4.154861111111111,6.000300925925926,5.0,299.89,63.9,0.0,0.7934506856227626,False,False,0.06850149692735963
2bdb95a56a36ebbc6640337ac5eac174,SP,sao paulo,1,0,0.0,0.0,0.3076388888888889,2.271145833333333,5.851944444444444,5.0,89.9,18.0,0.0,0.7934506856227626,False,False,0.06850149692735963
2c00c85d30361cd2ced2969cffbbffa3,MG,belo horizonte,1,0,0.0,0.0,0.8641087962962963,0.9934953703703704,1.8740625,5.0,49.8,7.71,0.0,0.7934506856227626,False,False,0.06850149692735963
2c2c9832d1bb38c5b0034a3b47d313ee,RS,santa maria,1,0,0.0,0.0,5.195625,6.890162037037037,12.09361111111111,3.0,49.9,18.45,0.0,0.7934506856227626,False,False,0.06850149692735963
2c538755f1ca9540af144f266e70df6c,MG,castro pires,1,0,0.0,0.0,2.307847222222222,4.23994212962963,6.557847222222223,5.0,334.99,24.92,0.0,0.7934506856227626,False,False,0.06850149692735963
2c9005d8043aff18b8557ffb7b13cda4,ES,cachoeiro de itapemirim,1,0,0.0,0.0,1.8529282407407408,5.130462962962963,7.852303240740741,5.0,109.9,19.74,0.0,0.7934506856227626,False,False,0.06850149692735963
2cb98e27ce1c18abdb42209b34c382a7,SP,ribeirao preto,1,0,0.0,0.0,1.0185416666666667,18.027511574074072,19.064525462962962,4.0,62.49,57.21,0.0,0.7934506856227626,False,False,0.06850149692735963
2d20f1cd18725c91147da0791d498022,PR,londrina,1,0,0.0,0.0,1.8684837962962964,8.072696759259259,9.953344907407407,5.0,99.8,19.89,0.0,0.7934506856227626,False,False,0.06850149692735963
2d34636518ba88f5349b732fcf8ba2e4,SP,sao paulo,1,0,0.0,0.0,1.3949537037037036,9.153113425925927,10.83261574074074,5.0,150.0,18.63,0.0,0.7934506856227626,False,False,0.06850149692735963
2d8cfba3fcd3170555941605edaa196a,SP,osasco,1,0,0.0,0.0,0.6925578703703704,4.2610069444444445,4.953564814814815,5.0,45.0,10.96,0.0,0.7934506856227626,False,False,0.06850149692735963
2e2f44824ab87a0cb961f68bf4073e7f,PR,curitiba,1,0,0.0,1.0,6.974814814814815,2.731886574074074,10.955590277777778,2.0,48.0,17.93,0.0,0.7934506856227626,False,False,0.06850149692735963
2ec6e37d992a95eaddb3369dcbcc76d9,RS,porto alegre,1,0,0.0,0.0,2.6992939814814814,8.898587962962964,12.038020833333333,1.0,79.9,17.13,0.0,0.7934506856227626,False,False,0.06850149692735963
2ef086a599b597572aca4433b7ed6b3d,SC,jaragua do sul,1,0,0.0,0.0,1.2727777777777778,9.951909722222222,11.24431712962963,5.0,49.0,15.1,0.0,0.7934506856227626,False,False,0.06850149692735963
2f1e7b90e01d9f086cbcb301c0c3d406,SC,blumenau,1,0,0.0,0.0,0.8508796296296296,6.253923611111111,7.110335648148149,5.0,59.0,12.66,0.0,0.7934506856227626,False,False,0.06850149692735963
2f3d8b4c9e2ee165075331fea3f3095a,SC,sao jose,1,0,0.0,0.0,5.076203703703704,7.242962962962963,12.331180555555555,5.0,130.0,17.35,0.0,0.7934506856227626,False,False,0.06850149692735963
31e60bf8d103ce47932a85f5562deb16,GO,goiania,1,0,0.0,0.0,0.8071990740740741,13.64079861111111,14.461574074074074,5.0,181.0,58.04,0.0,0.7934506856227626,False,False,0.06850149692735963
3289d8c3eef4873f91ce0b1343c0dd58,SP,praia grande,1,0,0.0,0.0,2.8398958333333333,10.9684375,13.827824074074075,5.0,199.99,19.28,0.0,0.7934506856227626,False,False,0.06850149692735963
3296662b1331dea51e744505065ae889,SP,catanduva,1,0,0.0,0.0,1.077199074074074,2.3040046296296297,3.404826388888889,5.0,517.8,27.71,0.0,0.7934506856227626,False,False,0.06850149692735963
32e5635e63cb374eb63afdd242fb6134,RJ,rio de janeiro,1,0,0.0,0.0,3.056574074074074,1.5855208333333333,7.309675925925926,5.0,910.0,17.82,0.0,0.7934506856227626,False,False,0.06850149692735963
32f83ffe11cd40f7adcf4eef171f52d9,RS,uruguaiana,1,0,0.0,0.0,2.5712152777777777,6.402939814814815,10.574085648148149,5.0,29.99,15.1,0.0,0.7934506856227626,False,False,0.06850149692735963
33fd411ed63a7c2f9005e3f065d9f85d,RS,condor,1,0,0.0,0.0,0.6314467592592593,5.892337962962963,8.134837962962964,4.0,24.9,18.23,0.0,0.7934506856227626,False,False,0.06850149692735963
3442033154be05bac582e173ef54fd12,SP,sao paulo,1,0,0.0,0.0,0.5914814814814815,3.3046296296296296,3.9064699074074074,5.0,161.0,8.39,0.0,0.7934506856227626,False,False,0.06850149692735963
344223b2a90784f64136a8a5da012e7f,SC,gaspar,1,0,0.0,0.0,5.513310185185185,27.104525462962965,32.62399305555556,2.0,10.9,16.79,0.0,0.7934506856227626,False,False,0.06850149692735963
34675b28b826facfde119785bf287dc1,PR,cascavael,1,0,0.0,0.0,0.8228009259259259,5.101851851851852,5.948611111111111,4.0,21.99,15.1,0.0,0.7934506856227626,False,False,0.06850149692735963
35281d148dcf7134bae913c57db4e6da,SP,sao paulo,1,0,0.0,0.0,3.4644675925925927,1.802511574074074,5.274907407407407,5.0,119.99,17.03,0.0,0.7934506856227626,False,False,0.06850149692735963
3606774ec64634822d78dc2db6d37045,SP,sao caetano do sul,1,0,0.0,1.0,8.870358796296296,5.274398148148149,15.816574074074074,5.0,179.9,16.37,0.0,0.7934506856227626,False,False,0.06850149692735963
37303482a42fb700d8d127e70a9cd6c8,SP,campinas,1,0,0.0,0.0,1.1299768518518518,0.9093287037037037,2.051712962962963,5.0,58.9,8.11,0.0,0.7934506856227626,False,False,0.06850149692735963
376d67b61dce0c990155286e7ae486a4,SP,sao paulo,1,0,0.0,0.0,1.1620833333333334,13.166400462962963,14.346273148148148,4.0,94.0,17.91,0.0,0.7934506856227626,False,False,0.06850149692735963
377bc18334c78dd2f1535ef22a3ad225,PR,sao jose dos pinhais,1,0,0.0,0.0,1.8185995370370371,8.060925925925925,9.886643518518518,5.0,135.98,88.46,0.0,0.7934506856227626,False,False,0.06850149692735963
389e45560e33d2d0747f949dcddbc08e,SP,sao jose dos campos,1,0,0.0,0.0,0.6811111111111111,3.2602546296296295,3.949548611111111,5.0,39.0,8.43,0.0,0.7934506856227626,False,False,0.06850149692735963
38f276ca6e7cc95a6d1bb55ac9e5550f,SP,marilia,1,0,0.0,0.0,1.9232523148148148,3.270046296296296,5.200891203703704,5.0,24.99,11.85,0.0,0.7934506856227626,False,False,0.06850149692735963
3986c0b54f6b748b75e7bd4e092aa3e5,PR,curitiba,1,0,0.0,0.0,2.738865740740741,3.374016203703704,6.12349537037037,5.0,24.99,15.28,0.0,0.7934506856227626,False,False,0.06850149692735963
398cb257329ef7af7f1943a8974a3cbc,BA,salvador,1,0,0.0,0.0,2.866412037037037,4.000868055555555,7.091377314814815,5.0,145.9,15.47,0.0,0.7934506856227626,False,False,0.06850149692735963
3a3c180dd702a725bd0ba4117689239e,PR,uniao da vitoria,1,0,0.0,0.0,2.7511111111111113,11.063275462962963,13.821863425925926,4.0,41.9,35.48,0.0,0.7934506856227626,False,False,0.06850149692735963
3a52d63a8f9daf5a28f3626d7eb9bd28,SP,aguas claras df,1,0,0.0,0.0,1.9740162037037037,4.356886574074074,6.339652777777777,1.0,35.0,17.78,0.0,0.7934506856227626,False,False,0.06850149692735963
3aa3c89ae3cd482385568be76120f63c,GO,goiania,1,0,0.0,1.0,5.459247685185185,4.1908564814814815,10.831493055555555,4.0,29.9,19.04,0.0,0.7934506856227626,False,False,0.06850149692735963
3ac588cd562971392504a9e17130c40b,SP,limeira,1,0,0.0,0.0,5.758831018518518,1.3150694444444444,7.089305555555556,5.0,11.9,7.39,0.0,0.7934506856227626,False,False,0.06850149692735963
3b18f9856c6eb2413eafedb58e9eecd9,SP,santo andre,1,0,0.0,0.0,3.2371296296296297,4.060196759259259,9.18412037037037,5.0,315.0,20.09,0.0,0.7934506856227626,False,False,0.06850149692735963
3c88ed2e76a2247933a15daa7161eb1c,SP,cosmopolis,1,0,0.0,0.0,4.907222222222222,14.98224537037037,19.908125,5.0,155.0,151.2,0.0,0.7934506856227626,False,False,0.06850149692735963
3d2400ac620cffa23ac81bd192f7f555,SP,sao bernardo do campo,1,0,0.0,0.0,3.0608449074074073,4.281979166666667,7.352754629629629,5.0,105.0,8.9,0.0,0.7934506856227626,False,False,0.06850149692735963
3dc69bf2c42f0568a5c4791ec3fd3745,SP,sao paulo,1,0,0.0,0.0,0.3635763888888889,25.898506944444446,26.271979166666668,3.0,150.0,17.62,0.0,0.7934506856227626,False,False,0.06850149692735963
3ded4e2d5f135cb103e5949d7263d2dd,MG,pouso alegre,1,0,0.0,0.0,0.7108796296296296,3.7589814814814817,5.149016203703703,5.0,49.9,12.48,0.0,0.7934506856227626,False,False,0.06850149692735963
3e35a8bb43569389d3cebef0ce820f69,SP,sao paulo,1,0,0.0,0.0,5.188148148148148,2.7133101851851853,7.917349537037037,5.0,55.8,28.88,0.0,0.7934506856227626,False,False,0.06850149692735963
3e46a38ee171c503c3b4a3f23fe3bf0c,SP,sorocaba,1,0,0.0,0.0,2.969236111111111,1.2017824074074075,4.184652777777778,5.0,59.9,9.11,0.0,0.7934506856227626,False,False,0.06850149692735963
3e51f9cbe317bc3a88f2c76583811ee4,SP,sao paulo,1,0,0.0,0.0,3.629699074074074,5.236018518518518,8.87136574074074,5.0,76.09,8.69,0.0,0.7934506856227626,False,False,0.06850149692735963
3ea08c48e851106d2f584349daba335f,MG,barbacena,1,0,0.0,0.0,4.696099537037037,1.295474537037037,6.003807870370371,4.0,170.0,22.94,0.0,0.7934506856227626,False,False,0.06850149692735963
3fefda3299e6dfaea3466ef346a3571a,PR,curitiba,1,0,0.0,0.0,2.7971296296296297,2.8226388888888887,6.3142708333333335,4.0,209.0,16.21,0.0,0.7934506856227626,False,False,0.06850149692735963
4003520d80d0bad1d5623f7aa3c63cda,RJ,rio de janeiro,1,0,0.0,0.0,1.8075578703703703,15.261747685185185,17.079074074074075,1.0,70.0,16.74,0.0,0.7934506856227626,False,False,0.06850149692735963
4125d9385a25e82d2f72d3a0fd55bc3f,SP,santos,1,0,0.0,0.0,4.812407407407408,4.166990740740741,8.990208333333333,5.0,42.9,18.4,0.0,0.7934506856227626,False,False,0.06850149692735963
417a1e6c7321084d2a0ae0d023cfad93,RS,imigrante,1,0,0.0,0.0,2.112060185185185,3.877083333333333,6.072372685185186,5.0,48.9,12.48,0.0,0.7934506856227626,False,False,0.06850149692735963
41958cbd3335433c8740300e8cd600d5,SP,sao paulo,1,0,0.0,0.0,3.9720601851851853,0.8492592592592593,4.842789351851851,5.0,32.99,7.39,0.0,0.7934506856227626,False,False,0.06850149692735963
422be4cc81a457fdb46f47edeb968ae5,SP,ibitinga,1,0,0.0,1.0,7.644722222222223,10.48193287037037,18.136979166666666,5.0,239.9,77.47,0.0,0.7934506856227626,False,False,0.06850149692735963
42d4b7e70819438f5ada61c965e92d7e,GO,goiania,1,0,0.0,1.0,9.130636574074074,12.793043981481482,21.939131944444444,1.0,49.6,51.18,0.0,0.7934506856227626,False,False,0.06850149692735963
432c67955c0acd1fd6b0b5d678766a71,SP,sao paulo,1,0,0.0,0.0,3.2900347222222224,0.71,6.682824074074074,5.0,389.0,60.65,0.0,0.7934506856227626,False,False,0.06850149692735963
436bf27f2f18474fc6047702e9f8a866,SP,campinas,1,0,0.0,1.0,4.998796296296296,14.162002314814815,19.17042824074074,5.0,29.9,14.52,0.0,0.7934506856227626,False,False,0.06850149692735963
43753b27d77860f1654aa72e251a7878,BA,barro alto,1,0,0.0,0.0,3.5200694444444443,21.02721064814815,27.33425925925926,5.0,23.9,42.38,0.0,0.7934506856227626,False,False,0.06850149692735963
43a1d4bab73b816e44ef4e4facd9f9b5,PR,maringa,1,0,0.0,0.0,1.8347569444444445,7.981331018518518,9.82519675925926,4.0,189.9,15.5,0.0,0.7934506856227626,False,False,0.06850149692735963
443d880f15cbd3572885e1d44bf2c478,SP,marilia,1,0,0.0,0.0,5.064444444444445,7.329166666666667,12.403761574074075,2.0,94.8,30.2,0.0,0.7934506856227626,False,False,0.06850149692735963
4450bd8327d471c4a11a83d1445b1b62,SP,cotia,1,0,0.0,0.0,1.423125,5.874479166666666,7.305891203703704,5.0,199.0,15.56,0.0,0.7934506856227626,False,False,0.06850149692735963
447d377bdb757058acb569025ee18a93,RS,carazinho,1,0,0.0,0.0,3.219224537037037,14.746435185185184,18.0040625,5.0,64.99,18.02,0.0,0.7934506856227626,False,False,0.06850149692735963
455befea1bb853c75ccbca94cff26e5c,RJ,resende,1,0,0.0,0.0,3.45525462962963,7.210613425925926,12.441516203703705,3.0,19.99,22.06,0.0,0.7934506856227626,False,False,0.06850149692735963
455f46ef09a9e45667e2981df84b5cc2,SP,sorocaba,1,0,0.0,1.0,8.667164351851852,4.308078703703703,13.019328703703703,4.0,29.9,18.31,0.0,0.7934506856227626,False,False,0.06850149692735963
45a3d05fb00435e52a28859dd03703b3,SP,guarulhos,1,0,0.0,1.0,16.158310185185186,9.024212962962963,25.719780092592593,5.0,1299.0,24.79,0.0,0.7934506856227626,False,False,0.06850149692735963
466222e777149751370e7e98fb623b0c,RJ,rio de janeiro,1,0,0.0,0.0,0.6185300925925926,6.203240740740741,6.829317129629629,5.0,87.9,17.55,0.0,0.7934506856227626,False,False,0.06850149692735963
47f55702f598c7c6cc8458b0fbc1c49a,MG,dores de campos,1,0,0.0,1.0,6.158900462962963,11.120833333333334,17.29196759259259,5.0,75.0,19.77,0.0,0.7934506856227626,False,False,0.06850149692735963
48328ec9a579151d9cc6a86d4a59336c,RS,canoas,1,0,0.0,0.0,2.1684722222222224,19.04945601851852,21.226134259259258,2.0,1099.0,97.78,0.0,0.7934506856227626,False,False,0.06850149692735963
483ca627d131e18f988349b1655c0acd,SP,mogi mirim,1,0,0.0,0.0,4.260370370370371,9.157199074074073,15.342986111111111,5.0,264.0,19.73,0.0,0.7934506856227626,False,False,0.06850149692735963
4867209cb29b56b92893d7bde3ce8012,SP,jau,1,0,0.0,0.0,3.9239236111111113,6.295451388888889,10.228275462962962,4.0,150.0,19.15,0.0,0.7934506856227626,False,False,0.06850149692735963
48e5ee06fb2dc74df1c711a9b6dfac2a,MG,oliveira,1,0,0.0,0.0,3.1123148148148148,8.115844907407407,11.242453703703704,5.0,57.0,45.3,0.0,0.7934506856227626,False,False,0.06850149692735963
491a5ada3aa1678414e990262c4bbdc1,SP,sao paulo,1,0,0.0,0.0,1.6285532407407408,4.877349537037037,6.891527777777778,5.0,1420.0,15.58,0.0,0.7934506856227626,False,False,0.06850149692735963
4965a7002cca77301c82d3f91b82e1a9,SP,sorocaba,1,0,0.0,0.0,1.0098726851851851,1.8757407407407407,6.269537037037037,5.0,8.49,7.87,0.0,0.7934506856227626,False,False,0.06850149692735963
497709c2976a8fa308730a2dec5b0726,SP,diadema,1,0,0.0,0.0,3.835821759259259,2.102951388888889,5.948032407407408,5.0,76.0,18.04,0.0,0.7934506856227626,False,False,0.06850149692735963
499185655c29ecfdbfe776ef7cf875b5,RS,porto alegre,1,0,0.0,0.0,4.897881944444444,6.212314814814815,11.124560185185185,4.0,89.0,17.33,0.0,0.7934506856227626,False,False,0.06850149692735963
49f8d2ea7b718d0ce587d34207caf2b4,SP,sao bernardo do campo,1,0,0.0,0.0,3.698240740740741,3.1267824074074073,6.839895833333333,5.0,149.9,15.36,0.0,0.7934506856227626,False,False,0.06850149692735963
4a5b36211b1f51bf7eaa5c10a57fa483,RJ,sao goncalo,1,0,0.0,0.0,0.6546527777777778,3.3739583333333334,4.035162037037037,5.0,139.19,16.07,0.0,0.7934506856227626,False,False,0.06850149692735963
4aba6a02a788d3ec81c03137144d9a80,SC,canoinhas,1,0,0.0,0.0,1.2074421296296296,11.999895833333333,13.221458333333333,5.0,89.9,15.38,0.0,0.7934506856227626,False,False,0.06850149692735963
4b90495391ac0bd181a80a459df1e718,RS,bage,1,0,0.0,1.0,8.100902777777778,3.0416666666666665,11.879664351851853,4.0,248.0,18.11,0.0,0.7934506856227626,False,False,0.06850149692735963
4be9ae93c4fc0f41713d71a4194ee1b3,MG,divinopolis,1,0,0.0,1.0,4.874826388888889,6.207893518518518,11.089050925925926,5.0,109.9,27.07,0.0,0.7934506856227626,False,False,0.06850149692735963
4cc43a222a0f94910728b62b97a8c5f8,SP,ribeirao preto,1,0,0.0,0.0,2.205150462962963,11.926539351851853,14.14508101851852,3.0,108.5,12.26,0.0,0.7934506856227626,False,False,0.06850149692735963
4cc4fd4fdd406a85bbdc1f824b731bd7,PR,toledo,1,0,0.0,0.0,2.527662037037037,5.762939814814815,8.304594907407408,5.0,539.98,31.24,0.0,0.7934506856227626,False,False,0.06850149692735963
4ce8b55b4bfa4659184e7becc1fba3f2,PR,fazenda rio grande,1,0,0.0,0.0,0.15416666666666667,7.658078703703704,9.002662037037037,5.0,119.0,27.56,0.0,0.7934506856227626,False,False,0.06850149692735963
4dab98ca6cd6d3df586203cefd28a042,RS,porto alegre,1,0,0.0,1.0,9.130428240740741,18.776469907407407,28.008784722222224,5.0,154.9,18.33,0.0,0.7934506856227626,False,False,0.06850149692735963
4dc2e811a1760953cb7c6a590b498943,SP,itapui,1,0,0.0,0.0,0.5973495370370371,6.062291666666667,6.671539351851852,5.0,175.0,24.84,0.0,0.7934506856227626,False,False,0.06850149692735963
4ddeb3e828550cddc8d45c8bc36ab2d1,SP,sao paulo,1,0,0.0,0.0,1.7835185185185185,6.086412037037037,7.869930555555555,5.0,152.0,12.45,0.0,0.7934506856227626,False,False,0.06850149692735963
4e480be820e37de1444325ff358c9296,MG,tres coracoes,1,0,0.0,0.0,0.7345486111111111,11.367314814814815,12.108287037037037,5.0,430.3,143.44,0.0,0.7934506856227626,False,False,0.06850149692735963
4e92348462c75b6c842b994ce84a0ed4,RS,cachoeirinha,1,0,0.0,0.0,4.859050925925926,3.218310185185185,9.837280092592593,5.0,69.9,15.59,0.0,0.7934506856227626,False,False,0.06850149692735963
4fae87d32467e18eb46e4a76a0a0b9ce,RS,ronda alta,1,0,0.0,0.0,2.3939120370370373,4.396273148148148,6.806759259259259,5.0,100.9,19.9,0.0,0.7934506856227626,False,False,0.06850149692735963
50a7e551a7b3f8d37cd6e32d8bfbe5ea,SP,sao caetano do sul,1,0,0.0,1.0,6.590162037037037,5.986076388888889,12.586157407407407,5.0,140.0,27.96,0.0,0.7934506856227626,False,False,0.06850149692735963
50bf89f1349bc0409a268c3a49678009,SP,jaci,1,0,0.0,0.0,0.544537037037037,8.044490740740741,9.616319444444445,5.0,179.9,102.57,0.0,0.7934506856227626,False,False,0.06850149692735963
51e0557bc7b86de13e946c60ee91ce39,MG,belo horizonte,1,0,0.0,0.0,2.3316319444444447,8.09738425925926,10.434085648148148,5.0,45.8,17.6,0.0,0.7934506856227626,False,False,0.06850149692735963
52831e5990d0771cb4951d6f12928167,SP,tupa,1,0,0.0,0.0,1.3122685185185186,3.291608796296296,5.106226851851852,3.0,65.0,13.12,0.0,0.7934506856227626,False,False,0.06850149692735963
528ce32f560edd11add4169f6a5b65be,SP,sao roque,1,0,0.0,0.0,0.28171296296296294,1.7699421296296296,2.0966203703703705,5.0,29.9,9.27,0.0,0.7934506856227626,False,False,0.06850149692735963
52b53f7061969fe471d119b6195da864,SP,itajai,1,0,0.0,0.0,0.7143055555555555,1.0771875,3.333136574074074,5.0,90.0,8.37,0.0,0.7934506856227626,False,False,0.06850149692735963
52f6f9f13ba19504c02781132a049e75,PR,curitiba,1,0,0.0,1.0,7.459201388888889,6.050983796296296,16.289837962962963,2.0,199.0,23.13,0.0,0.7934506856227626,False,False,0.06850149692735963
5305693ffae2d3463377b1f6fe67b15a,SP,penapolis,1,0,0.0,0.0,0.43984953703703705,12.923159722222222,13.373368055555556,5.0,93.56,12.99,0.0,0.7934506856227626,False,False,0.06850149692735963
53336f97ddbe53e2a617d07b17447b95,SP,sao paulo,1,0,0.0,0.0,0.46403935185185186,17.95980324074074,19.431122685185183,5.0,599.5,75.33,0.0,0.7934506856227626,False,False,0.06850149692735963
535bf14f36346c7f59d87cece104d70c,RJ,rio de janeiro,1,0,0.0,0.0,1.8601736111111111,1.3541666666666667,4.217708333333333,4.0,50.0,7.77,0.0,0.7934506856227626,False,False,0.06850149692735963
539ed9e19811677513447759be5eccfc,MG,belo horizonte,1,0,0.0,0.0,2.802071759259259,3.066423611111111,5.886180555555556,5.0,14.2,15.23,0.0,0.7934506856227626,False,False,0.06850149692735963
544863df86ed3b78a04e0820d41430ee,ES,serra,1,0,0.0,0.0,,3.5079398148148146,5.5005902777777775,5.0,23.9,15.27,0.0,0.7934506856227626,False,False,0.06850149692735963
57a834594e1e9e9219603bfec184eadc,RS,santa rosa,1,0,0.0,0.0,0.9122337962962963,5.187881944444444,6.109594907407407,5.0,139.0,27.05,0.0,0.7934506856227626,False,False,0.06850149692735963
585175ec331ea177fa47199e39a6170a,MG,montes claros,1,0,0.0,0.0,1.9132175925925925,5.361643518518519,7.919513888888889,5.0,3549.0,53.47,0.0,0.7934506856227626,False,False,0.06850149692735963
58e4b302b54937e55a678c4d15111da4,PR,colombo,1,0,0.0,1.0,2.9964583333333334,3.133912037037037,7.158981481481481,5.0,49.9,14.52,0.0,0.7934506856227626,False,False,0.06850149692735963
5996cddab893a4652a15592fb58ab8db,SP,presidente prudente,1,0,0.0,0.0,,4.075775462962963,5.080324074074074,5.0,810.0,70.75,0.0,0.7934506856227626,False,False,0.06850149692735963
59de1d4c8c057c2a53acd4ca66531af2,PR,curitiba,1,0,0.0,1.0,7.401435185185186,11.270497685185186,18.68167824074074,5.0,135.0,21.75,0.0,0.7934506856227626,False,False,0.06850149692735963
5a32c398a06c345440bf2a683b017ad3,RJ,rio de janeiro,1,0,0.0,0.0,5.130706018518518,5.963900462962963,11.96880787037037,5.0,34.9,15.23,0.0,0.7934506856227626,False,False,0.06850149692735963
5a4236931428800e9d9cc04af0987118,SP,sao paulo,1,0,0.0,0.0,0.997037037037037,2.9761458333333333,3.981076388888889,5.0,44.97,45.69,0.0,0.7934506856227626,False,False,0.06850149692735963
5a9b3bcab695173c820e53934574ae80,SP,salto,1,0,0.0,0.0,2.7292708333333335,3.4598032407407406,7.143958333333333,5.0,139.0,64.77,0.0,0.7934506856227626,False,False,0.06850149692735963
5b92bfa4120daa27c574daa2e386c693,SP,sorocaba,1,0,0.0,1.0,9.8425,6.235590277777778,16.086435185185184,3.0,14.0,10.96,0.0,0.7934506856227626,False,False,0.06850149692735963
5bba18b40e8c973b0f32e748004775b0,SP,itajobi,1,0,0.0,0.0,4.0,3.0416666666666665,7.072442129629629,5.0,739.98,44.82,0.0,0.7934506856227626,False,False,0.06850149692735963
5d043cd5512d4bd2f88e5ccdd5736c38,SP,sao paulo,1,0,0.0,0.0,3.7925810185185185,5.780868055555556,9.573449074074073,2.0,650.0,64.91,0.0,0.7934506856227626,False,False,0.06850149692735963
5d9f3746e112e696f98ea22c56b3e912,SP,sao paulo,1,0,0.0,0.0,0.7116898148148149,6.34837962962963,7.0696875,5.0,1322.64,47.77,0.0,0.7934506856227626,False,False,0.06850149692735963
5db42a6cd9bf1bf0d3aab9582767f168,ES,vitoria,1,0,0.0,0.0,2.694652777777778,14.164479166666666,16.873449074074074,5.0,200.0,19.33,0.0,0.7934506856227626,False,False,0.06850149692735963
5e063e85d44b0f5c3e6ec3131103a57e,SP,sao paulo,1,0,0.0,0.0,0.20416666666666666,1.0755671296296296,1.2883333333333333,5.0,22.9,7.42,0.0,0.7934506856227626,False,False,0.06850149692735963
5e106d93b717c2682b9383da480364a1,PR,santa terezinha de itaipu,1,0,0.0,0.0,3.8907986111111112,3.360196759259259,7.260185185185185,5.0,445.9,21.71,0.0,0.7934506856227626,False,False,0.06850149692735963
5e25c632f9db6cfb8bc100421c2737b6,SC,chapeco,1,0,0.0,0.0,0.7015740740740741,5.328321759259259,6.050219907407407,5.0,259.0,19.91,0.0,0.7934506856227626,False,False,0.06850149692735963
5f57db27027655e6c6a391601daa0258,ES,viana,1,0,0.0,1.0,7.881759259259259,6.485844907407407,14.373472222222222,5.0,98.0,53.04,0.0,0.7934506856227626,False,False,0.06850149692735963
6179a28a13a726c29b3bf54c070dccab,MG,varginha,1,0,0.0,0.0,1.0324189814814815,24.187858796296297,25.23008101851852,5.0,300.0,61.27,0.0,0.7934506856227626,False,False,0.06850149692735963
61c36f0fc4a47f9532e5512b66668e62,SP,guarulhos,1,0,0.0,0.0,3.4089583333333335,8.875590277777778,12.314270833333333,1.0,750.0,17.69,0.0,0.7934506856227626,False,False,0.06850149692735963
6235903333ba7de1928c869e268e5964,SC,treze tilias,1,0,0.0,0.0,1.494849537037037,3.470625,4.974247685185185,5.0,94.06,41.42,0.0,0.7934506856227626,False,False,0.06850149692735963
623ad9d0c1e14bb5464a8c72bff7b4af,MG,claudio,1,0,0.0,0.0,2.940659722222222,21.13303240740741,24.09232638888889,4.0,95.0,38.96,0.0,0.7934506856227626,False,False,0.06850149692735963
62de60d81c55c29d76a6bce418b31cef,SP,ibitinga,1,0,0.0,0.0,0.49569444444444444,14.340057870370371,16.171631944444446,4.0,103.0,23.87,0.0,0.7934506856227626,False,False,0.06850149692735963
630008e0f062605a415d694489f6f82e,SP,sao paulo,1,0,0.0,0.0,10.721712962962963,6.250092592592592,17.05988425925926,5.0,35.35,15.35,0.0,0.7934506856227626,False,False,0.06850149692735963
63191ead8d3b2f937cd1996fdcbbad20,SP,jundiai,1,0,0.0,0.0,2.966574074074074,8.943587962962964,11.917349537037037,5.0,367.0,53.29,0.0,0.7934506856227626,False,False,0.06850149692735963
64c9a1db4e73e19aaafd3286dc448c96,PR,curitiba,1,0,0.0,0.0,3.9227083333333335,5.538055555555555,9.469189814814815,5.0,439.0,43.6,0.0,0.7934506856227626,False,False,0.06850149692735963
64cc804291f90c81f02bfc2bb58ff55a,PR,curitiba,1,0,0.0,0.0,4.9060648148148145,3.0957060185185186,9.00074074074074,5.0,448.7,23.09,0.0,0.7934506856227626,False,False,0.06850149692735963
651530bf5c607240ccdd89a30c9c9712,BA,ipira,1,0,0.0,0.0,0.7776504629629629,10.976921296296297,11.76519675925926,4.0,199.9,24.55,0.0,0.7934506856227626,False,False,0.06850149692735963
6561d6bf844e464b4019442692b40e02,SP,franco da rocha,1,0,0.0,0.0,0.20400462962962962,1.2180324074074074,1.434201388888889,5.0,41.9,7.55,0.0,0.7934506856227626,False,False,0.06850149692735963
6614814a00d344b846ae209f95ee7e3f,SP,macatuba,1,0,0.0,0.0,3.6579050925925927,1.1248148148148147,4.7878125,1.0,13.0,12.69,0.0,0.7934506856227626,False,False,0.06850149692735963
6624bc09786f0e41ae48dfc5eeb1a9e2,MG,belo horizonte,1,0,0.0,0.0,11.363668981481482,4.423414351851852,15.795405092592592,5.0,89.54,17.47,0.0,0.7934506856227626,False,False,0.06850149692735963
6650fcccd8cd2f7e55ffa524f30c4c59,SP,sao paulo,1,0,0.0,0.0,3.06818287037037,2.899988425925926,5.980324074074074,5.0,149.9,12.25,0.0,0.7934506856227626,False,False,0.06850149692735963
668bf321538e5072858eaef6087ce027,PR,pinhais,1,0,0.0,0.0,2.4609722222222223,1.0122222222222221,4.473495370370371,5.0,19.9,8.11,0.0,0.7934506856227626,False,False,0.06850149692735963
674207551483fec113276b67b0d871ff,SP,sorocaba,1,0,0.0,0.0,0.7013773148148148,1.1581712962962962,1.869537037037037,5.0,119.9,13.94,0.0,0.7934506856227626,False,False,0.06850149692735963
686886775c8f6b1191c7b953fb52708c,SP,pedreira,1,0,0.0,0.0,1.2189699074074074,2.306712962962963,3.546076388888889,5.0,189.0,13.62,0.0,0.7934506856227626,False,False,0.06850149692735963
695051e2981c8b19e77cafe450d5bdf3,SP,osasco,1,0,0.0,0.0,4.278009259259259,15.903518518518519,20.190590277777776,5.0,169.76,12.69,0.0,0.7934506856227626,False,False,0.06850149692735963
698624c6632eeba1774924dbea24c700,SP,sao paulo,1,0,0.0,0.0,0.6196064814814815,5.747314814814815,6.968645833333333,5.0,19.9,15.23,0.0,0.7934506856227626,False,False,0.06850149692735963
6a3139c7bf09ece22a4713d956acbe5e,SP,sao sebastiao da grama/sp,1,0,0.0,0.0,0.10613425925925926,3.236412037037037,3.8735185185185186,5.0,61.9,14.74,0.0,0.7934506856227626,False,False,0.06850149692735963
6b1c4d4d9ccf0be3d8544eb0e71e5318,RS,porto alegre,1,0,0.0,0.0,1.2194560185185186,9.873009259259259,12.218310185185185,5.0,1699.0,60.04,0.0,0.7934506856227626,False,False,0.06850149692735963
6b2612338467c08c9b25f0cc55b1578d,PR,marialva,1,0,0.0,0.0,0.5053125,16.04684027777778,16.55759259259259,4.0,92.9,20.97,0.0,0.7934506856227626,False,False,0.06850149692735963
6bcb2352a2a0c38b845f598298ab9d26,PR,maringa,1,0,0.0,0.0,2.890740740740741,8.13599537037037,11.037233796296297,5.0,15.9,15.1,0.0,0.7934506856227626,False,False,0.06850149692735963
6c6cc59a5c00cacc5054ca06d65cc282,RS,santa maria,1,0,0.0,0.0,2.094351851851852,7.151168981481481,9.252847222222222,5.0,1107.0,148.71,0.0,0.7934506856227626,False,False,0.06850149692735963
6c77cd583b36a13aacccf2b3ee23e233,SP,marilia,1,0,0.0,0.0,0.6699305555555556,5.349780092592592,6.026678240740741,5.0,18.9,12.79,0.0,0.7934506856227626,False,False,0.06850149692735963
6c9875b2f94ba781186f0c1aed8d1687,SP,brotas,1,0,0.0,0.0,0.8182638888888889,3.9854166666666666,4.810162037037037,5.0,5.5,15.1,0.0,0.7934506856227626,False,False,0.06850149692735963
6dd7dce75cd55c1ce255dc38d9f0cd46,SC,palhoca,1,0,0.0,0.0,0.9264699074074074,11.294247685185185,12.228090277777778,4.0,75.0,21.33,0.0,0.7934506856227626,False,False,0.06850149692735963
6ebf4eceee4dd9847201c82e77ef8123,RJ,rio de janeiro,1,0,0.0,0.0,1.4181597222222222,13.589710648148149,15.017141203703703,5.0,59.9,22.13,0.0,0.7934506856227626,False,False,0.06850149692735963
702835e4b785b67a084280efca355756,MG,juiz de fora,1,0,0.0,0.0,0.20135416666666667,1.1271180555555556,1.8040393518518518,5.0,7.6,10.96,0.0,0.7934506856227626,False,False,0.06850149692735963
70c0fda4c313d87115644d39e62eec60,PE,caruaru,1,0,0.0,0.0,0.3803125,6.947199074074074,9.881921296296296,5.0,25.99,37.09,0.0,0.7934506856227626,False,False,0.06850149692735963
70c4eedec9cb4a85cda2f3f9673557b4,SP,sao paulo,1,0,0.0,0.0,0.9378819444444444,6.056111111111111,7.002696759259259,5.0,239.9,13.18,0.0,0.7934506856227626,False,False,0.06850149692735963
70ee69419916dc13e3aed619061f996c,SP,mogi das cruzes,1,0,0.0,1.0,11.21875,3.205949074074074,14.4346875,3.0,45.0,8.72,0.0,0.7934506856227626,False,False,0.06850149692735963
70f7e8018e3d46c748c92f026aa2585a,SP,sao paulo,1,0,0.0,0.0,0.7684375,6.250601851851852,7.02681712962963,5.0,239.8,37.88,0.0,0.7934506856227626,False,False,0.06850149692735963
712efd3b68f9686dc856b84abd0f21ae,PR,curitiba,1,0,0.0,0.0,2.120601851851852,5.110162037037037,7.23662037037037,4.0,139.0,17.16,0.0,0.7934506856227626,False,False,0.06850149692735963
7178e1eaa97257d8b6d4b80efd77a025,SP,tatui,1,0,0.0,0.0,1.145775462962963,5.969293981481481,7.122962962962963,5.0,167.9,16.81,0.0,0.7934506856227626,False,False,0.06850149692735963
720e6cf846ea7572cbb66b743fb91e6c,SP,mogi das cruzes / sp,1,0,0.0,0.0,4.934039351851852,11.212291666666667,16.14633101851852,5.0,54.0,14.55,0.0,0.7934506856227626,False,False,0.06850149692735963
723a46b89fd5c3ed78ccdf039e33ac63,RS,"novo hamburgo, rio grande do sul, brasil",1,0,0.0,0.0,0.6723726851851852,7.310381944444444,7.9987615740740745,4.0,66.64,23.4,0.0,0.7934506856227626,False,False,0.06850149692735963
72431a818f97fe6ab9c81eee3e297e54,SP,rio das pedras,1,0,0.0,0.0,3.057037037037037,9.3446875,12.434548611111111,5.0,229.9,19.49,0.0,0.7934506856227626,False,False,0.06850149692735963
72c73be2b085b9d57650dd53eb2004c9,SP,sao paulo,1,0,0.0,0.0,0.4522800925925926,16.88023148148148,17.34197916666667,5.0,29.4,17.92,0.0,0.7934506856227626,False,False,0.06850149692735963
740205fedfe4e90ca6857bc77db0f2b4,SP,caxias do sul,1,0,0.0,0.0,0.17631944444444445,3.3022453703703705,3.4825694444444446,5.0,229.9,21.93,0.0,0.7934506856227626,False,False,0.06850149692735963
747c1cdcd1737dcfbd1547f6eb6f2cf3,SP,ibitinga,1,0,0.0,0.0,0.6119097222222222,8.059479166666666,10.058460648148149,4.0,105.1,16.5,0.0,0.7934506856227626,False,False,0.06850149692735963
749e7cdabbaf72f16677859e27874ba5,SP,guarulhos,1,0,0.0,0.0,2.1317245370370372,8.898206018518518,11.03644675925926,1.0,41.9,19.84,0.0,0.7934506856227626,False,False,0.06850149692735963
74a9b9bddf14ece02beb81f52c41a88d,SP,sao paulo,1,0,0.0,1.0,9.109398148148149,11.790486111111111,20.943726851851853,5.0,60.0,17.7,0.0,0.7934506856227626,False,False,0.06850149692735963
751e274377499a8503fd6243ad9c56f6,SP,campinas,1,0,0.0,0.0,0.6386111111111111,1.3427199074074074,1.9974652777777777,5.0,218.0,17.84,0.0,0.7934506856227626,False,False,0.06850149692735963
75fdd0a732287f9497b179f6bd445d32,SP,maua,1,0,0.0,0.0,2.783888888888889,8.092268518518518,10.883761574074073,5.0,59.9,16.18,0.0,0.7934506856227626,False,False,0.06850149692735963
76d336555bb25f3165d2f0d6da719c40,SP,sorocaba,1,0,0.0,1.0,5.638668981481482,5.849236111111111,11.495,3.0,165.0,11.76,0.0,0.7934506856227626,False,False,0.06850149692735963
77128dec4bec4878c37ab7d6169d6f26,SP,sao paulo,1,0,0.0,0.0,5.786504629629629,6.205960648148148,11.992465277777777,5.0,6.5,8.72,0.0,0.7934506856227626,False,False,0.06850149692735963
7816cd9c5b1238e320545f5bf7eb80e8,SP,araraquara,1,0,0.0,0.0,0.5896180555555556,10.292256944444444,10.901851851851852,4.0,489.0,22.76,0.0,0.7934506856227626,False,False,0.06850149692735963
782f78b632a43875dd5b53e3e49c9564,SP,campinas,1,0,0.0,0.0,2.95443287037037,6.920902777777778,9.88162037037037,5.0,97.34,32.22,0.0,0.7934506856227626,False,False,0.06850149692735963
78813699ffac347fe27dba345a5f1551,RS,bento goncalves,1,0,0.0,0.0,0.7098032407407407,8.316851851851851,9.042847222222223,5.0,152.42,48.12,0.0,0.7934506856227626,False,False,0.06850149692735963
7957cac1a02f45d0a4a7e45626382ec2,PR,curitiba,1,0,0.0,1.0,19.11923611111111,7.192337962962963,26.32175925925926,4.0,343.0,21.64,0.0,0.7934506856227626,False,False,0.06850149692735963
7963e546f34e098b578f9ad102494601,SP,sao paulo,1,0,0.0,0.0,0.4625925925925926,16.135104166666668,18.14728009259259,5.0,60.99,21.23,0.0,0.7934506856227626,False,False,0.06850149692735963
7994081388d55b9cf976c050653dd359,SP,sao paulo,1,0,0.0,0.0,4.891805555555556,8.068842592592592,12.970185185185185,5.0,120.0,14.6,0.0,0.7934506856227626,False,False,0.06850149692735963
79b93a308a97792cf53ac75f46da00b5,RJ,rio de janeiro,1,0,0.0,0.0,3.1723032407407405,19.3371875,22.515162037037037,5.0,99.9,16.14,0.0,0.7934506856227626,False,False,0.06850149692735963
7a704e63bb29c446869efde5d57524c8,PR,francisco beltrao,1,0,0.0,0.0,1.1256481481481482,6.379050925925926,7.512939814814815,5.0,94.49,15.41,0.0,0.7934506856227626,False,False,0.06850149692735963
7ab0dd5487bab2dc835337b244f689fb,SP,sao jose do rio preto,1,0,0.0,0.0,0.822962962962963,4.914537037037037,5.7457060185185185,5.0,12.5,10.96,0.0,0.7934506856227626,False,False,0.06850149692735963
7b3447b497e55af8c15fc7bd89d7b81a,SP,sao paulo,1,0,0.0,1.0,9.89454861111111,3.1568055555555556,13.094965277777778,5.0,49.9,20.75,0.0,0.7934506856227626,False,False,0.06850149692735963
7b3f6ce5c6c22e9b96e7581ebf0df6e1,SP,tambau,1,0,0.0,0.0,3.6839930555555553,7.259085648148148,10.947905092592592,3.0,29.8,12.69,0.0,0.7934506856227626,False,False,0.06850149692735963
7bb8fac2913a6064ec412e583c6d8b4d,SP,bauru,1,0,0.0,0.0,0.42520833333333335,4.421134259259259,4.895717592592592,5.0,109.0,16.52,0.0,0.7934506856227626,False,False,0.06850149692735963
7c4402417d51474d4d0cda9557340e40,SP,sao caetano do sul,1,0,0.0,0.0,1.8814351851851852,4.238136574074074,7.122175925925926,5.0,119.9,27.69,0.0,0.7934506856227626,False,False,0.06850149692735963
7cb946b1ad19faebe28c3e86c2794ec3,MG,sete lagoas,1,0,0.0,0.0,0.6916898148148148,17.449756944444445,18.151435185185186,5.0,25.0,15.1,0.0,0.7934506856227626,False,False,0.06850149692735963
7cf4ea70955b00d6b3c22542598e2715,SP,sao paulo,1,0,0.0,0.0,0.3630324074074074,6.111504629629629,7.103148148148148,5.0,189.9,14.91,0.0,0.7934506856227626,False,False,0.06850149692735963
7d81e74a4755b552267cd5e081563028,SP,sao paulo,1,0,0.0,0.0,0.8587847222222222,1.2542824074074075,2.209490740740741,4.0,32.5,7.49,0.0,0.7934506856227626,False,False,0.06850149692735963
7dc9a3355bae96dd82008b313d3a456c,MG,dores de campos,1,0,0.0,1.0,7.093530092592593,5.381840277777778,12.486354166666667,5.0,899.0,50.62,0.0,0.7934506856227626,False,False,0.06850149692735963
7f02656561b680def9986c0795a8a080,SP,sao paulo,1,0,0.0,0.0,3.5836574074074075,6.968993055555556,14.175138888888888,5.0,42.0,11.85,0.0,0.7934506856227626,False,False,0.06850149692735963
804287717b9156fb7a787acd9af4fac1,PR,maringa,1,0,0.0,0.0,5.120127314814815,3.9971296296296295,9.156145833333333,5.0,18.8,15.1,0.0,0.7934506856227626,False,False,0.06850149692735963
80cfd480be3eb6d6267139f5cb793555,SP,sao paulo,1,0,0.0,1.0,6.089224537037037,8.164918981481481,14.254143518518518,4.0,99.9,26.44,0.0,0.7934506856227626,False,False,0.06850149692735963
8132b9bd16876e1b0f8808d43825dd48,SC,florianopolis,1,0,0.0,0.0,3.624050925925926,13.180335648148148,16.81113425925926,5.0,77.9,21.0,0.0,0.7934506856227626,False,False,0.06850149692735963
820c7c9eaf76d2b226b6c242bcf3f34d,SP,sao paulo,1,0,0.0,0.0,0.45207175925925924,15.848321759259258,17.76011574074074,4.0,559.0,18.0,0.0,0.7934506856227626,False,False,0.06850149692735963
82921991ff5b557b045605b8bbf08d49,SP,sao paulo,1,0,0.0,0.0,0.6727546296296296,3.4010648148148146,4.079814814814815,5.0,18.9,18.23,0.0,0.7934506856227626,False,False,0.06850149692735963
850857dfac77488c307e2b1cbd84ab5a,PR,cascavel,1,0,0.0,0.0,0.6869328703703703,2.225324074074074,2.9255555555555555,5.0,1599.0,39.72,0.0,0.7934506856227626,False,False,0.06850149692735963
87b4428a334b8f676fd9a7f3bf544fb5,SP,guaimbe,1,0,0.0,0.0,1.6768287037037037,5.245613425925926,6.9279166666666665,5.0,29.99,18.99,0.0,0.7934506856227626,False,False,0.06850149692735963
87d73636a3acf123e842bb890a4db036,SP,nhandeara,1,0,0.0,0.0,1.2192013888888888,11.286805555555556,13.000717592592592,5.0,269.9,43.71,0.0,0.7934506856227626,False,False,0.06850149692735963
87f3e35268860433e13d577825aada95,SP,bom jesus dos perdoes,1,0,0.0,1.0,45.31614583333333,4.911898148148148,51.49710648148148,,19.9,14.52,0.0,0.7934506856227626,False,False,0.06850149692735963
880ce4951cf857ab1d9e0b75c1d856f4,MG,belo horizont,1,0,0.0,0.0,3.1514467592592594,11.88849537037037,15.04616898148148,5.0,178.9,18.82,0.0,0.7934506856227626,False,False,0.06850149692735963
889009a0ed0bb52c87819941192931b8,SP,lencois paulista,1,0,0.0,0.0,0.12983796296296296,11.031944444444445,12.207511574074074,4.0,89.9,33.08,0.0,0.7934506856227626,False,False,0.06850149692735963
88cd3681e0a2ba85e190f7d817629c4c,SC,brusque,1,0,0.0,0.0,1.7167476851851853,5.288912037037037,7.015775462962963,4.0,180.0,19.36,0.0,0.7934506856227626,False,False,0.06850149692735963
8936ba0de1073ee888cb3185ae5dc661,SP,sao paulo,1,0,0.0,0.0,4.3653356481481485,7.063344907407408,13.190671296296296,5.0,389.99,22.22,0.0,0.7934506856227626,False,False,0.06850149692735963
89dda63a3c907c468ec88c310ed91213,SP,maua/sao paulo,1,0,0.0,0.0,2.425150462962963,23.005752314814814,25.440254629629628,5.0,44.99,20.4,0.0,0.7934506856227626,False,False,0.06850149692735963
8b11118053756a9a2932f447e11fc1b5,SP,igaracu do tiete,1,0,0.0,1.0,8.55048611111111,3.333101851851852,11.909560185185185,3.0,79.99,11.17,0.0,0.7934506856227626,False,False,0.06850149692735963
8b181ee5518df84f18f4e1a43fe07923,SP,goioere,1,0,0.0,1.0,6.113935185185185,8.437349537037036,14.560891203703704,5.0,27.9,27.08,0.0,0.7934506856227626,False,False,0.06850149692735963
8cb7c5ddf41f4d506eba76e9a4702a25,GO,anapolis,1,0,0.0,1.0,7.609340277777778,8.360243055555555,16.01363425925926,5.0,69.0,28.88,0.0,0.7934506856227626,False,False,0.06850149692735963
8cf21434553b02cbd37c0bbd07e041b0,SC,sao jose,1,0,0.0,0.0,3.082824074074074,8.031446759259259,11.212523148148149,4.0,49.99,23.22,0.0,0.7934506856227626,False,False,0.06850149692735963
8dd386be0767c330276ea6a3f96532d3,SC,paulo lopes,1,0,0.0,0.0,2.686550925925926,7.598969907407407,10.293009259259259,5.0,89.98,44.5,0.0,0.7934506856227626,False,False,0.06850149692735963
8de8fe3af4449ed695d2434c933ed73e,SP,sao paulo,1,0,0.0,0.0,2.9213310185185186,6.1408101851851855,10.056851851851851,5.0,2090.0,65.35,0.0,0.7934506856227626,False,False,0.06850149692735963
8ec76bb0965af3f007692b26fa9d6623,SC,criciuma,1,0,0.0,0.0,2.168252314814815,8.225069444444445,11.309363425925927,5.0,1999.0,29.75,0.0,0.7934506856227626,False,False,0.06850149692735963
8f0fbe2cd4d472157dc1cdef6edecaa9,SP,sao paulo,1,0,0.0,0.0,0.897349537037037,10.038333333333334,10.945347222222223,5.0,24.88,16.11,0.0,0.7934506856227626,False,False,0.06850149692735963
8fb67a334bacec338885b4e9e1708073,PR,toledo,1,0,0.0,0.0,2.04568287037037,6.163449074074074,8.214791666666667,5.0,59.9,38.52,0.0,0.7934506856227626,False,False,0.06850149692735963
8fd3b4468f6425810648177996c14cbd,SP,sao jose do rio preto,1,0,0.0,0.0,5.914699074074074,4.01824074074074,9.97412037037037,5.0,354.9,21.67,0.0,0.7934506856227626,False,False,0.06850149692735963
913fd0ebba70bb919f7254a02239173c,SC,blumenau,1,0,0.0,0.0,1.2670833333333333,12.117951388888889,13.430914351851852,1.0,159.9,19.22,0.0,0.7934506856227626,False,False,0.06850149692735963
9140ef75cc8211c4035935e80e567204,PR,maringa,1,0,0.0,0.0,0.8671875,10.317893518518519,12.179131944444444,5.0,49.9,22.28,0.0,0.7934506856227626,False,False,0.06850149692735963
9200e6ce317b67196b6b0bad4d4bd567,RJ,rio de janeiro,1,0,0.0,0.0,0.5043981481481481,13.073981481481482,16.296388888888888,3.0,36.9,14.52,0.0,0.7934506856227626,False,False,0.06850149692735963
933446e9a59dece7ae9175103820ca8f,PR,curitiba,1,0,0.0,0.0,15.519224537037037,8.040208333333334,24.027141203703703,5.0,64.99,22.38,0.0,0.7934506856227626,False,False,0.06850149692735963
934ed5cd1b9c1c7382d0a94a94b9e639,PR,curitiba,1,0,0.0,0.0,1.8669444444444445,11.253738425925926,13.127384259259259,5.0,125.85,26.62,0.0,0.7934506856227626,False,False,0.06850149692735963
93bef6edaa84956e8e575016449b6351,SP,sao paulo,1,0,0.0,0.0,2.622974537037037,7.291493055555556,9.925324074074075,5.0,115.0,14.56,0.0,0.7934506856227626,False,False,0.06850149692735963
94165aea8a35c3c21499cbcae239b16c,MG,uberlandia,1,0,0.0,0.0,1.5933449074074073,4.553356481481481,6.158113425925926,2.0,180.0,16.11,0.0,0.7934506856227626,False,False,0.06850149692735963
94d76e96eedd976258cd3278ce56d5f2,SP,sao roque,1,0,0.0,0.0,1.1059837962962964,5.917233796296296,7.032673611111111,5.0,385.61,68.56,0.0,0.7934506856227626,False,False,0.06850149692735963
9523fb39dd240aa958e040f8183d64f3,SP,sao paulo,1,0,0.0,0.0,0.6851967592592593,20.201122685185187,21.88304398148148,1.0,146.99,21.3,0.0,0.7934506856227626,False,False,0.06850149692735963
9558aa23f77a9e0a0eca83540999f43b,PR,apucarana,1,0,0.0,1.0,14.054652777777777,6.77287037037037,20.871423611111112,5.0,39.0,14.52,0.0,0.7934506856227626,False,False,0.06850149692735963
9599519be538b98748162a2b48248960,SP,sao paulo,1,0,0.0,0.0,1.5899537037037037,21.01875,22.617453703703703,1.0,570.0,60.06,0.0,0.7934506856227626,False,False,0.06850149692735963
95cca791657aabeff15a07eb152d7841,PR,palotina,1,0,0.0,0.0,1.5463541666666667,2.1623842592592593,3.7175,5.0,9.99,18.23,0.0,0.7934506856227626,False,False,0.06850149692735963
964ff64dc05b13811c6d0f41e0aa5f6b,SP,sao paulo,1,0,0.0,0.0,0.6074305555555556,6.065138888888889,6.680775462962963,5.0,180.0,24.06,0.0,0.7934506856227626,False,False,0.06850149692735963
96f7c797de9ca20efbe14545bed63eec,SP,cravinhos,1,0,0.0,0.0,0.911261574074074,1.0182407407407408,1.946226851851852,1.0,138.60000000000002,38.37,0.0,0.7934506856227626,False,False,0.06850149692735963
97e50a621f8e801f4baf69e08687c192,SP,sao paulo,1,0,0.0,1.0,6.3036921296296295,3.1156597222222224,9.454490740740741,5.0,89.9,7.88,0.0,0.7934506856227626,False,False,0.06850149692735963
98f52e1020fe788c10c0418de4393fec,RJ,macae,1,0,0.0,0.0,2.115127314814815,7.138148148148148,9.267129629629629,4.0,21.6,15.1,0.0,0.7934506856227626,False,False,0.06850149692735963
9996ae921c50e8dff411ac69c0b4bb8b,SP,tupa,1,0,0.0,1.0,7.141898148148148,13.790671296296296,20.942523148148148,3.0,19.8,30.2,0.0,0.7934506856227626,False,False,0.06850149692735963
99a25c39b28a74d1151c35c18d178292,SP,sao paulo,1,0,0.0,0.0,0.5116898148148148,1.1622569444444444,2.230983796296296,5.0,173.94,44.76,0.0,0.7934506856227626,False,False,0.06850149692735963
9ac75591b69c3402684b6ce0310f22ee,SP,sao paulo,1,0,0.0,0.0,0.6303472222222222,1.357511574074074,2.984837962962963,5.0,60.5,9.17,0.0,0.7934506856227626,False,False,0.06850149692735963
9b00cad94ef3078faf6fba2e792c158f,MG,janauba,1,0,0.0,0.0,0.4528009259259259,18.93746527777778,19.39923611111111,5.0,354.9,18.92,0.0,0.7934506856227626,False,False,0.06850149692735963
9c3a1c416c765687bc79a04113269929,MG,carmo da mata,1,0,0.0,0.0,2.7917708333333335,2.138923611111111,6.0855902777777775,1.0,74.9,58.9,0.0,0.7934506856227626,False,False,0.06850149692735963
9d69ba0a7a626a64dc5db08e529559cf,SP,ribeirao preto,1,0,0.0,0.0,4.766550925925926,9.09011574074074,13.860972222222221,5.0,19.3,18.24,0.0,0.7934506856227626,False,False,0.06850149692735963
9e25199f6ef7e7c347120ff175652c3b,SP,taubate,1,0,0.0,0.0,1.0999884259259258,7.0919791666666665,8.199456018518518,4.0,12.5,14.52,0.0,0.7934506856227626,False,False,0.06850149692735963
9e94fa26a70ede4d26226e918e8706a2,SP,sao carlos,1,0,0.0,0.0,4.715949074074074,0.9164236111111111,5.644328703703704,5.0,62.8,9.94,0.0,0.7934506856227626,False,False,0.06850149692735963
9fbd5666d8618fa571c4230fafa09bd6,SP,sao paulo,1,0,0.0,1.0,6.043483796296297,7.071782407407407,13.122824074074074,5.0,79.9,16.81,0.0,0.7934506856227626,False,False,0.06850149692735963
9fe7c6641c79970ab48185498f547c09,SP,sao paulo,1,0,0.0,0.0,5.345219907407407,11.357789351851851,17.920046296296295,5.0,130.0,34.71,0.0,0.7934506856227626,False,False,0.06850149692735963
a09a13f18ed27932d08438aa6f12756e,RS,sapiranga,1,0,0.0,0.0,1.8213310185185185,7.083969907407408,8.917627314814816,3.0,29.9,16.11,0.0,0.7934506856227626,False,False,0.06850149692735963
a1040efe9ff4a6f93c28b0499eada8f5,SP,jundiai,1,0,0.0,0.0,2.1300578703703703,14.146932870370371,17.278831018518517,5.0,1658.83,34.48,0.0,0.7934506856227626,False,False,0.06850149692735963
a150c540f572d0fb53992264bc5c10b5,SP,sorocaba,1,0,0.0,0.0,1.783449074074074,9.066979166666666,10.858275462962963,4.0,119.9,15.59,0.0,0.7934506856227626,False,False,0.06850149692735963
a1bea9970d8f65b240555f99c2214f7f,PR,pinhais,1,0,0.0,0.0,0.9214467592592592,8.34607638888889,9.306875,3.0,75.0,27.48,0.0,0.7934506856227626,False,False,0.06850149692735963
a213f1bd6458f4a158f3746cb2514559,PR,maringa,1,0,0.0,0.0,1.885023148148148,6.393344907407408,8.3459375,5.0,41.52,14.43,0.0,0.7934506856227626,False,False,0.06850149692735963
a2b911e9ad40dc7d61c142a4683e2d85,RJ,barra mansa,1,0,0.0,0.0,0.5450347222222223,12.195949074074074,12.782881944444444,5.0,85.9,34.4,0.0,0.7934506856227626,False,False,0.06850149692735963
a353b1083c9863d756d9404695016d64,ES,cariacica,1,0,0.0,0.0,5.685208333333334,15.017685185185185,20.71329861111111,5.0,120.0,17.09,0.0,0.7934506856227626,False,False,0.06850149692735963
a3b42d266fa8afc874b909422ce88582,SP,orlandia,1,0,0.0,0.0,1.1092708333333334,2.3721064814814814,3.5071296296296297,5.0,839.4000000000001,81.84,0.0,0.7934506856227626,False,False,0.06850149692735963
a3fa18b3f688ec0fca3eb8bfcbd2d5b3,SP,são paulo,1,0,0.0,1.0,7.1477662037037035,7.106782407407407,14.268726851851852,5.0,47.8,36.46,0.0,0.7934506856227626,False,False,0.06850149692735963
a45765f8afb1e594b22bf9e974b46765,SP,sao paulo,1,0,0.0,0.0,0.9113310185185185,4.065381944444445,4.976712962962963,4.0,79.99,8.93,0.0,0.7934506856227626,False,False,0.06850149692735963
a4b8d97cd5d3674eeff96abc99d8ed67,SP,sumare,1,0,0.0,0.0,1.1376388888888889,4.9518865740740745,6.10394675925926,1.0,214.08,19.3,0.0,0.7934506856227626,False,False,0.06850149692735963
a4fc6eadaff1576af888509a53420f6a,SP,sao caetano do sul,1,0,0.0,0.0,13.901875,15.068391203703703,28.985127314814815,3.0,100.86,20.76,0.0,0.7934506856227626,False,False,0.06850149692735963
a56a8043ebf66e42119618fb8cf232c6,SC,joinville,1,0,0.0,0.0,2.628275462962963,8.192152777777778,10.828888888888889,5.0,83.0,23.73,0.0,0.7934506856227626,False,False,0.06850149692735963
a5ff20ff766e7f50bd5066f33da14413,SP,sao paulo,1,0,0.0,0.0,0.9027546296296296,3.4891550925925925,5.024791666666666,5.0,30.0,25.58,0.0,0.7934506856227626,False,False,0.06850149692735963
a61cc04793308395a840807104365121,SP,jarinu,1,0,0.0,0.0,0.39927083333333335,7.204930555555555,8.368773148148149,5.0,14.63,23.74,0.0,0.7934506856227626,False,False,0.06850149692735963
a663d9c3797e90eac99ff60939416a56,SP,sao paulo,1,0,0.0,0.0,1.9815277777777778,3.3594328703703704,5.360590277777778,5.0,235.0,14.08,0.0,0.7934506856227626,False,False,0.06850149692735963
a72f15980dc3e9bfd1a49ac9b2f3af65,SP,marilia,1,0,0.0,0.0,0.9171296296296296,4.216458333333334,5.1416203703703705,4.0,89.9,18.73,0.0,0.7934506856227626,False,False,0.06850149692735963
a7c53f6b3b61adbdaa99dda97e8cbd56,SP,barretos,1,0,0.0,0.0,1.6656828703703703,5.1613541666666665,6.837638888888889,4.0,99.0,11.3,0.0,0.7934506856227626,False,False,0.06850149692735963
a7ecf689b40a44361e259b28939023e4,ES,vila velha,1,0,0.0,0.0,2.526226851851852,8.390138888888888,10.922962962962963,5.0,389.0,21.91,0.0,0.7934506856227626,False,False,0.06850149692735963
a89e143d5211473ae18db9577ee34b64,SP,limeira,1,0,0.0,1.0,8.064456018518518,1.110439814814815,9.211030092592592,5.0,70.0,9.94,0.0,0.7934506856227626,False,False,0.06850149692735963
a9415cf907dfa12f9ed18693244f5329,MG,prados,1,0,0.0,0.0,4.955127314814815,6.1615162037037035,11.134502314814815,5.0,210.0,175.42,0.0,0.7934506856227626,False,False,0.06850149692735963
a99504ac23ed125aaf5302af6cc30af9,SP,batatais,1,0,0.0,0.0,2.1914699074074075,13.056944444444444,16.25554398148148,5.0,978.0,47.24,0.0,0.7934506856227626,False,False,0.06850149692735963
a9ae440659f48b7849df83e82734150b,SP,santo andre,1,0,0.0,0.0,3.3904050925925926,9.940740740740742,13.342361111111112,5.0,285.0,27.02,0.0,0.7934506856227626,False,False,0.06850149692735963
aa2640d851ec322526f1295bbeb20092,SP,sao paulo,1,0,0.0,0.0,0.6156597222222222,1.4309953703703704,3.9644328703703704,3.0,159.98,22.36,0.0,0.7934506856227626,False,False,0.06850149692735963
aa8af66c623d7d544dfe4bb85b5ebe3b,MG,betim,1,0,0.0,1.0,4.977534722222222,3.0200578703703704,8.003946759259259,5.0,99.0,15.57,0.0,0.7934506856227626,False,False,0.06850149692735963
aadfe0417e61315688b6bd7043361e25,GO,goiania,1,0,0.0,0.0,0.47752314814814817,6.000092592592592,6.484421296296296,4.0,289.9,14.28,0.0,0.7934506856227626,False,False,0.06850149692735963
ac9b01377919cdbd2a1bbb8d5837c70b,SP,mogi das cruzes,1,0,0.0,0.0,0.808125,8.981238425925927,9.7975,3.0,55.9,23.54,0.0,0.7934506856227626,False,False,0.06850149692735963
ad14615bdd492b01b0d97922e87cb87f,SC,tubarao,1,0,0.0,0.0,0.6554513888888889,12.921689814814815,13.583900462962964,5.0,8.25,10.96,0.0,0.7934506856227626,False,False,0.06850149692735963
ae45ad30c2d2e5913094769690a239d2,SP,franca,1,0,0.0,0.0,7.499895833333333,11.692349537037037,19.199479166666666,5.0,251.8,31.26,0.0,0.7934506856227626,False,False,0.06850149692735963
aec99834ab5d38ead22766ada8497e87,PR,colombo,1,0,0.0,0.0,2.8644444444444446,4.38730324074074,7.261747685185185,5.0,459.0,17.51,0.0,0.7934506856227626,False,False,0.06850149692735963
b00af24704019bd2e1b335e70ad11f7c,BA,salvador,1,0,0.0,0.0,0.46171296296296294,14.079814814814815,15.554780092592592,5.0,189.0,18.25,0.0,0.7934506856227626,False,False,0.06850149692735963
b026643914f651e8371425e5b8a1e780,RJ,rio de janeiro,1,0,0.0,0.0,2.6691087962962965,7.0388773148148145,10.419143518518519,5.0,27.9,15.1,0.0,0.7934506856227626,False,False,0.06850149692735963
b19c48688808720822399ffa9f2dbe2f,SP,sao paulo,1,0,0.0,0.0,,6.323923611111111,6.303900462962963,5.0,959.99,24.82,0.0,0.7934506856227626,False,False,0.06850149692735963
b2f4d63c7203f539a78252565ca32257,RJ,armacao dos buzios,1,0,0.0,0.0,1.8244907407407407,11.172974537037037,13.007511574074075,5.0,14.9,20.84,0.0,0.7934506856227626,False,False,0.06850149692735963
b3809b8d4394588a47c8470ea331e135,SP,sao paulo,1,0,0.0,0.0,3.5452430555555554,1.4878125,5.049641203703704,4.0,89.0,7.88,0.0,0.7934506856227626,False,False,0.06850149692735963
b5b800c4065bebf4d3442311c9857344,SP,sao paulo,1,0,0.0,0.0,3.0000347222222223,3.4094212962962964,6.455601851851852,5.0,79.9,8.91,0.0,0.7934506856227626,False,False,0.06850149692735963
b5d034ac251546e25afe9067f05c1539,SP,itapecerica da serra,1,0,0.0,0.0,,9.102962962962962,12.577013888888889,5.0,69.9,15.37,0.0,0.7934506856227626,False,False,0.06850149692735963
b5dd7151a92ccaaa282cbe9681a05f44,SP,ribeirao preto,1,0,0.0,1.0,7.191493055555555,6.227534722222222,13.437083333333334,5.0,85.0,18.7,0.0,0.7934506856227626,False,False,0.06850149692735963
b5f0712d22a873b6797ab6cc65c3fcba,SP,sao paulo,1,0,0.0,0.0,1.9547453703703703,1.2976851851851852,3.2610069444444445,4.0,12.99,8.29,0.0,0.7934506856227626,False,False,0.06850149692735963
b5f49fe968dff6b112861e6cd8e192ef,PR,curitiba,1,0,0.0,0.0,4.602245370370371,7.777523148148148,13.995439814814814,5.0,194.70000000000002,42.97,0.0,0.7934506856227626,False,False,0.06850149692735963
b6f52e346160519c24a23af05410ad32,SP,sao paulo,1,0,0.0,0.0,1.2411689814814815,11.355266203703703,12.60994212962963,4.0,129.9,13.35,0.0,0.7934506856227626,False,False,0.06850149692735963
b76f4d90e85657a240495c876313adc5,SP,hortolandia,1,0,0.0,0.0,0.15247685185185186,0.9979166666666667,2.6615972222222224,5.0,299.0,19.3,0.0,0.7934506856227626,False,False,0.06850149692735963
b77a27b1864483e721dc831d5ba4afa0,RJ,duque de caxias,1,0,0.0,0.0,4.0642708333333335,4.391157407407407,8.473414351851853,5.0,20.9,14.52,0.0,0.7934506856227626,False,False,0.06850149692735963
b7ba853e9551f4558440881fd3e5c815,RS,santo antonio da patrulha,1,0,0.0,1.0,28.98730324074074,5.944907407407407,34.95599537037037,1.0,136.9,25.7,0.0,0.7934506856227626,False,False,0.06850149692735963
b7d5b4b87af9d42b601865d3f3810bff,SC,florianopolis,1,0,0.0,0.0,3.495,5.122731481481481,8.628703703703703,3.0,350.0,20.69,0.0,0.7934506856227626,False,False,0.06850149692735963
b86a47b3366e3b5424a7b225781f4908,MG,passos,1,0,0.0,0.0,0.3970486111111111,13.841458333333334,14.259398148148149,3.0,86.5,19.85,0.0,0.7934506856227626,False,False,0.06850149692735963
b906dd0e57f282c7089171b6ed07982e,PR,parana,1,0,0.0,0.0,0.7112152777777778,5.93005787037037,6.647511574074074,4.0,110.0,14.85,0.0,0.7934506856227626,False,False,0.06850149692735963
b9de031b671cd48b28fae9d828cbf2b4,SP,sao paulo,1,0,0.0,0.0,0.9588194444444444,8.265092592592593,9.232627314814815,5.0,155.32,43.37,0.0,0.7934506856227626,False,False,0.06850149692735963
ba8e85df286308fe68a2ce83a8f8b2d6,SC,santa catarina,1,0,0.0,0.0,1.576076388888889,8.21386574074074,9.845416666666667,5.0,80.9,16.76,0.0,0.7934506856227626,False,False,0.06850149692735963
bab0a8cd684e41ba6e2637dca0979d3b,RJ,rio de janeiro,1,0,0.0,0.0,0.2536921296296296,13.052696759259259,13.315324074074073,5.0,269.9,19.14,0.0,0.7934506856227626,False,False,0.06850149692735963
babcc0ab201e4c60188427cae51a5b8b,SP,porto ferreira,1,0,0.0,0.0,,5.022881944444444,8.19707175925926,5.0,79.0,14.13,0.0,0.7934506856227626,False,False,0.06850149692735963
bac44fa8e13424950488659b5f765c41,SP,sao paulo,1,0,0.0,0.0,4.000011574074074,3.0,8.709305555555556,5.0,19.9,14.52,0.0,0.7934506856227626,False,False,0.06850149692735963
bac692d6c0ed08467878018e6cc9c26c,SC,blumenau,1,0,0.0,0.0,1.4255787037037038,5.261990740740741,7.197361111111111,4.0,477.0,82.23,0.0,0.7934506856227626,False,False,0.06850149692735963
baeda7047354773262ba2405f97038ba,SP,americana,1,0,0.0,1.0,17.45980324074074,6.010949074074074,23.479270833333334,5.0,35.0,15.1,0.0,0.7934506856227626,False,False,0.06850149692735963
baf15155e37ef5492731459bdc05be8a,SP,sao paulo,1,0,0.0,1.0,28.177824074074074,4.875474537037037,33.05329861111111,5.0,47.0,8.72,0.0,0.7934506856227626,False,False,0.06850149692735963
bba8d0c234a52b87b3957037a215d1a4,GO,goiania,1,0,0.0,1.0,10.790104166666667,13.041805555555555,23.839618055555555,5.0,120.0,19.53,0.0,0.7934506856227626,False,False,0.06850149692735963
bbd3acfe6de99892e73940d3fdceaf68,SP,santo andre,1,0,0.0,0.0,1.9047453703703703,1.24,3.1538194444444443,5.0,38.0,8.43,0.0,0.7934506856227626,False,False,0.06850149692735963
bbf4a892cac7b82422baa711dffb8997,PR,curitiba,1,0,0.0,0.0,0.16756944444444444,2.823888888888889,3.0054398148148147,5.0,70.0,35.34,0.0,0.7934506856227626,False,False,0.06850149692735963
bd43e172d599bed47a85da877172ca8c,SC,sao bento do sul,1,0,0.0,1.0,7.337685185185185,5.127581018518518,12.473587962962963,5.0,23.92,18.27,0.0,0.7934506856227626,False,False,0.06850149692735963
bd65d163ded559eb90a10cd09fec178f,SP,sao paulo,1,0,0.0,0.0,1.368414351851852,3.079814814814815,4.471331018518518,4.0,19.8,18.68,0.0,0.7934506856227626,False,False,0.06850149692735963
be67f78487e2cecb0d55bc769709e4f5,MG,ibirite,1,0,0.0,0.0,3.187546296296296,6.831631944444444,10.03462962962963,5.0,102.0,23.64,0.0,0.7934506856227626,False,False,0.06850149692735963
be7a093e5b4d147b36b72bb1f9e415e5,PR,toledo,1,0,0.0,0.0,1.7931712962962962,3.4239930555555556,5.3288773148148145,5.0,60.9,22.36,0.0,0.7934506856227626,False,False,0.06850149692735963
bec568278124768c474ee90971ca94d1,SP,sao paulo,1,0,0.0,0.0,0.6892592592592592,1.3065046296296297,2.0093171296296295,4.0,199.0,12.41,0.0,0.7934506856227626,False,False,0.06850149692735963
bee36b4f9a2b9fdcaff6ec05df202ed0,SP,sao paulo,1,0,0.0,1.0,4.709641203703704,4.919791666666667,13.397164351851853,5.0,16.9,10.96,0.0,0.7934506856227626,False,False,0.06850149692735963
c00396cbdd2e088fe4281baa5920aef1,PR,campo magro,1,0,0.0,1.0,6.153472222222222,5.941782407407407,12.10460648148148,5.0,832.4100000000001,73.44,0.0,0.7934506856227626,False,False,0.06850149692735963
c026ef0d72e9132d9fa112308090c8dc,RJ,rio de janeiro,1,0,0.0,0.0,1.9970949074074074,9.175659722222223,11.181145833333334,4.0,520.0,37.72,0.0,0.7934506856227626,False,False,0.06850149692735963
c092292535a57dacd95a8765f5518f87,RJ,paracambi,1,0,0.0,0.0,0.74375,7.334606481481481,8.097824074074074,5.0,125.0,18.98,0.0,0.7934506856227626,False,False,0.06850149692735963
c0e0b73d039eb9a99b6ce4cb7a429cd3,SC,laurentino,1,0,0.0,0.0,2.8607407407407406,2.1071412037037036,4.986238425925926,5.0,29.88,7.68,0.0,0.7934506856227626,False,False,0.06850149692735963
c0e6839516f5398edc34adf5f1d53d1a,SP,guaruja,1,0,0.0,0.0,0.9545023148148148,1.1951157407407407,5.102037037037037,5.0,34.92,14.12,0.0,0.7934506856227626,False,False,0.06850149692735963
c0f3eea2e14555b6faeea3dd58c1b1c3,SP,sao paulo,1,0,0.0,0.0,0.5124074074074074,5.1422337962962965,5.6671875,5.0,79.99,15.66,0.0,0.7934506856227626,False,False,0.06850149692735963
c12d7463a579237ffb9248bd7cff378b,SP,sao paulo,1,0,0.0,1.0,8.08423611111111,3.0416666666666665,11.243993055555556,4.0,25.9,8.72,0.0,0.7934506856227626,False,False,0.06850149692735963
c18309219e789960add0b2255ca4b091,RJ,rio de janeiro,1,0,0.0,0.0,1.1495949074074074,13.031539351851851,14.187407407407408,5.0,9.9,14.1,0.0,0.7934506856227626,False,False,0.06850149692735963
c1dde11f12d05c478f5de2d7319ad3b2,SP,sao paulo,1,0,0.0,0.0,1.2103819444444444,1.2483912037037037,3.2347337962962963,1.0,12.5,7.39,0.0,0.7934506856227626,False,False,0.06850149692735963
c286ec035ee04ba81c97508f0b5df544,PR,curitiba,1,0,0.0,0.0,2.512939814814815,10.730474537037036,14.242025462962962,4.0,294.0,50.67,0.0,0.7934506856227626,False,False,0.06850149692735963
c2bda99904207edd1834f03e0022b007,SP,sao paulo,1,0,0.0,0.0,4.593009259259259,6.127928240740741,12.421550925925926,4.0,39.9,7.78,0.0,0.7934506856227626,False,False,0.06850149692735963
c32fc744b9160ac853450488e3cfea93,SP,ribeirao preto,1,0,0.0,1.0,8.618136574074073,5.069837962962963,13.703229166666667,5.0,35.9,12.79,0.0,0.7934506856227626,False,False,0.06850149692735963
c360e4787614ed31ac7a2f95d3b22dc6,SP,lencois paulista,1,0,0.0,0.0,8.170023148148148,4.474189814814815,12.66162037037037,2.0,188.9,30.05,0.0,0.7934506856227626,False,False,0.06850149692735963
c3e2398fcc7e581cda2e546557bf6968,SP,sao paulo,1,0,0.0,0.0,3.0472685185185187,6.344039351851852,11.835428240740741,5.0,14.9,15.23,0.0,0.7934506856227626,False,False,0.06850149692735963
c43d924a0f1688ee9fae0efcd6f539d4,RJ,rio de janeiro,1,0,0.0,1.0,15.119178240740741,5.9159953703703705,21.502858796296298,4.0,29.9,15.11,0.0,0.7934506856227626,False,False,0.06850149692735963
c52c644cc0dc85121207a27013efc6af,MG,tiradentes,1,0,0.0,0.0,3.8595023148148146,3.280150462962963,7.146863425925926,5.0,397.8,283.16,0.0,0.7934506856227626,False,False,0.06850149692735963
c716e0b86ed568878475b60fbb6323ad,SP,rio de janeiro,1,0,0.0,0.0,2.0394328703703706,5.391041666666666,7.47505787037037,5.0,35.0,15.23,0.0,0.7934506856227626,False,False,0.06850149692735963
c7246702dc991a06d788120dc7544391,CE,fortaleza,1,0,0.0,0.0,1.4349652777777777,18.24287037037037,20.98670138888889,5.0,54.86,17.66,0.0,0.7934506856227626,False,False,0.06850149692735963
c747d5b92c7648417faea95d36d763e8,CE,pacatuba,1,0,0.0,0.0,3.7007060185185185,9.120162037037037,12.949432870370371,5.0,139.0,85.75,0.0,0.7934506856227626,False,False,0.06850149692735963
c74f14c1e26cf1bd5bd34b6a1e274426,SC,sao miguel do oeste,1,0,0.0,0.0,7.355891203703703,14.44008101851852,24.23091435185185,5.0,39.0,16.79,0.0,0.7934506856227626,False,False,0.06850149692735963
c8143b3069f6746a77421b5ce30a450c,GO,abadia de goias,1,0,0.0,1.0,5.176736111111111,19.21783564814815,24.404675925925925,5.0,142.47,43.41,0.0,0.7934506856227626,False,False,0.06850149692735963
c8665a4dd081a2c436b1cd921079d0d9,SP,pitangueiras,1,0,0.0,0.0,0.7370833333333333,3.4865393518518517,4.243194444444445,5.0,79.39,14.14,0.0,0.7934506856227626,False,False,0.06850149692735963
c8771b1a10bb99bb34d3c459c5cffb53,SP,tocantins,1,0,0.0,0.0,2.863726851851852,3.945,6.815891203703703,5.0,64.9,31.2,0.0,0.7934506856227626,False,False,0.06850149692735963
c87abc38c8ed3240861729e1aeadf221,SP,sao paulo,1,0,0.0,0.0,1.3475347222222223,8.335844907407408,10.748113425925926,1.0,133.0,15.68,0.0,0.7934506856227626,False,False,0.06850149692735963
c963a25b8671419c6ce9eebe8fd03218,RJ,angra dos reis rj,1,0,0.0,0.0,1.4090393518518518,5.344004629629629,6.8539814814814815,5.0,49.0,19.32,0.0,0.7934506856227626,False,False,0.06850149692735963
c9d2ba8dde44a275ae06475ed1d2fafc,MG,uberlandia,1,0,0.0,0.0,0.30903935185185183,6.957824074074074,8.417430555555555,5.0,28.79,14.52,0.0,0.7934506856227626,False,False,0.06850149692735963
cad10cc982ab6a391570c211b995c17c,SP,avare,1,0,0.0,0.0,,3.0275810185185184,4.2977893518518515,5.0,47.4,12.79,0.0,0.7934506856227626,False,False,0.06850149692735963
cad9969167c09b48ae6f1d123f7fa68d,MG,pocos de caldas,1,0,0.0,0.0,0.8179861111111111,2.5512384259259258,3.389236111111111,5.0,24.0,13.51,0.0,0.7934506856227626,False,False,0.06850149692735963
cb162c8eef257253782d245c08d9097c,SP,barueri,1,0,0.0,0.0,2.9020717592592593,7.734074074074074,10.642743055555556,5.0,34.99,14.13,0.0,0.7934506856227626,False,False,0.06850149692735963
cb4a705d00e100b9732d0ca34817d441,SC,florianopolis,1,0,0.0,0.0,3.7533796296296296,20.24363425925926,24.12673611111111,1.0,998.0,82.56,0.0,0.7934506856227626,False,False,0.06850149692735963
cb810bd318f51b3dc3c753944d61a1fa,RJ,niteroi,1,0,0.0,0.0,2.9251388888888887,8.365613425925925,12.295810185185186,4.0,1750.0,39.02,0.0,0.7934506856227626,False,False,0.06850149692735963
cbbd5ae8f53de5f5097cd8217b529e24,SP,santana de parnaiba,1,0,0.0,0.0,3.670289351851852,17.08971064814815,20.768761574074073,4.0,175.9,32.26,0.0,0.7934506856227626,False,False,0.06850149692735963
cc1f04647be106ba74e62b21f358af25,SP,sao paulo,1,0,0.0,0.0,4.687962962962963,8.044201388888888,13.295810185185186,1.0,11.9,8.29,0.0,0.7934506856227626,False,False,0.06850149692735963
ccbd753e6863fe7314dc6c0ca5a074e7,SC,blumenau,1,0,0.0,0.0,0.7568171296296297,11.09275462962963,11.860879629629629,4.0,495.0,101.56,0.0,0.7934506856227626,False,False,0.06850149692735963
cd2169d9f31ff6fbb9ca3373b0c9e354,RJ,nova friburgo,1,0,0.0,0.0,0.791863425925926,14.347905092592592,15.16494212962963,4.0,569.0,56.33,0.0,0.7934506856227626,False,False,0.06850149692735963
cd233f8bfa30ebfd651f47ee7d054951,SP,birigui,1,0,0.0,0.0,1.8762847222222223,6.457349537037037,9.33625,5.0,79.9,18.66,0.0,0.7934506856227626,False,False,0.06850149692735963
cd52a8efd71af3336b14b5039b951cc1,SP,palhoca,1,0,0.0,0.0,1.2132060185185185,13.149236111111112,14.367025462962962,3.0,55.9,14.14,0.0,0.7934506856227626,False,False,0.06850149692735963
ce33c6211beaa8fef4cae8b52db39862,SP,suzano,1,0,0.0,0.0,1.290474537037037,15.930081018518518,18.732430555555556,3.0,49.0,14.52,0.0,0.7934506856227626,False,False,0.06850149692735963
ce3ad9de960102d0677a81f5d0bb7b2d,RJ,rio de janeiro,1,0,0.0,0.0,0.817488425925926,3.207685185185185,4.042291666666666,5.0,158.0,16.21,0.0,0.7934506856227626,False,False,0.06850149692735963
ce4755084bc097113867e6454f8f5e52,SP,ribeirao preto,1,0,0.0,0.0,1.8577893518518518,4.508009259259259,6.389606481481482,5.0,18.9,12.79,0.0,0.7934506856227626,False,False,0.06850149692735963
cecd97bc34ed8330bd4cd15713eda670,SC,cordilheira alta,1,0,0.0,0.0,1.8198842592592592,5.308252314814815,7.138460648148148,1.0,57.99,18.51,0.0,0.7934506856227626,False,False,0.06850149692735963
d180e07dc1e58c31c3f0cd599dc4d945,MG,belo horizonte,1,0,0.0,0.0,0.3515740740740741,7.636238425925926,7.997523148148148,3.0,58.8,14.16,0.0,0.7934506856227626,False,False,0.06850149692735963
d2572f31e9023e9850ef986a636ff9bf,MG,belo horizonte,1,0,0.0,0.0,2.1110300925925927,7.993935185185185,10.130671296296295,5.0,279.0,26.69,0.0,0.7934506856227626,False,False,0.06850149692735963
d263fa444c1504a75cbca5cc465f592a,SP,americana,1,0,0.0,0.0,0.15940972222222222,9.314988425925925,9.542453703703703,5.0,399.0,45.07,0.0,0.7934506856227626,False,False,0.06850149692735963
d297f1055de2956aedfd3b04113dce3e,SP,nova odessa,1,0,0.0,0.0,1.3373958333333333,1.2364930555555556,3.8065277777777777,4.0,54.3,7.64,0.0,0.7934506856227626,False,False,0.06850149692735963
d36b07fd3c5088e477a72d1fccfe29d4,SP,itapetininga,1,0,0.0,0.0,2.165960648148148,11.062893518518518,13.235810185185185,5.0,328.9,10.96,0.0,0.7934506856227626,False,False,0.06850149692735963
d3e7d37c0df9aef383f3f2a15b0dddfb,PR,sao jose dos pinhais,1,0,0.0,0.0,2.1486342592592593,9.942222222222222,13.07738425925926,5.0,161.0,40.34,0.0,0.7934506856227626,False,False,0.06850149692735963
d4828feed4cda2cd9d6b37899a95a71e,CE,juzeiro do norte,1,0,0.0,0.0,0.3123611111111111,13.186574074074073,13.50712962962963,2.0,39.9,22.21,0.0,0.7934506856227626,False,False,0.06850149692735963
d4d99b60c4c94cd35acd502cec65dc8d,SP,sao paulo,1,0,0.0,1.0,15.52675925925926,3.011875,19.08181712962963,3.0,72.9,14.39,0.0,0.7934506856227626,False,False,0.06850149692735963
d4f91e8be86b38da2ee35bc489645a9d,SP,guaratingueta,1,0,0.0,1.0,16.183530092592594,1.0,17.22824074074074,5.0,49.99,11.17,0.0,0.7934506856227626,False,False,0.06850149692735963
d598f929fc44e1e38678e7f47250ec04,GO,formosa,1,0,0.0,0.0,4.827337962962963,6.397662037037037,11.235752314814814,5.0,69.9,37.4,0.0,0.7934506856227626,False,False,0.06850149692735963
d63f306de130e0391d38a792541723b8,SP,sao paulo,1,0,0.0,0.0,2.299675925925926,0.8602430555555556,3.3584722222222223,5.0,49.0,7.6,0.0,0.7934506856227626,False,False,0.06850149692735963
d6cd01c59123df02fc226eadbadb5f89,SP,sao paulo,1,0,0.0,1.0,10.928078703703704,7.569155092592593,18.50306712962963,5.0,69.9,16.25,0.0,0.7934506856227626,False,False,0.06850149692735963
d7827b2af99326a03b0ed9c7a24db0d3,SP,londrina,1,0,0.0,0.0,5.162743055555556,8.67806712962963,13.849085648148149,5.0,1455.0,101.7,0.0,0.7934506856227626,False,False,0.06850149692735963
d7d517afce974cd491b8d52bb5b5b1fc,SP,sao paulo,1,0,0.0,0.0,5.44363425925926,8.0934375,13.544733796296295,4.0,89.99,18.73,0.0,0.7934506856227626,False,False,0.06850149692735963
d7f1cfc638473be93baedbfd02208016,RJ,belford roxo,1,0,0.0,0.0,4.076099537037037,7.43099537037037,12.67605324074074,5.0,30.0,17.14,0.0,0.7934506856227626,False,False,0.06850149692735963
d85efbc8eff2b7adf524e2820569adc8,SP,sao paulo,1,0,0.0,0.0,1.839212962962963,1.0887037037037037,2.9467476851851853,5.0,55.0,8.29,0.0,0.7934506856227626,False,False,0.06850149692735963
d8b8f2cf9ff6ba0389072541cb42498c,GO,formosa,1,0,0.0,0.0,1.0161921296296297,11.122928240740741,12.159155092592593,5.0,149.0,20.01,0.0,0.7934506856227626,False,False,0.06850149692735963
d8bf0fc082fd4a77fc2e5679b6c00133,SP,sao paulo,1,0,0.0,0.0,0.0893287037037037,6.993993055555555,7.092939814814815,5.0,139.9,9.14,0.0,0.7934506856227626,False,False,0.06850149692735963
d93b8458c6fe139d85cfa5eadbf55bd2,SP,sao paulo,1,0,0.0,0.0,1.7618634259259258,4.207928240740741,5.977627314814815,5.0,19.9,14.1,0.0,0.7934506856227626,False,False,0.06850149692735963
d9b00a97818674c7f8d8b1ef0e689679,PR,ponta grossa,1,0,0.0,0.0,1.0026967592592593,1.1879398148148148,2.203148148148148,3.0,69.9,9.18,0.0,0.7934506856227626,False,False,0.06850149692735963
d9c349beabc06aa6ff1c6d68b5e9e22e,SP,sao paulo,1,0,0.0,1.0,7.1714467592592595,12.158923611111112,21.02513888888889,5.0,168.1,37.55,0.0,0.7934506856227626,False,False,0.06850149692735963
da3fede3469bf49b7293ce3fc45b294d,SP,mogi das cruzes,1,0,0.0,1.0,5.286076388888889,5.942245370370371,11.242916666666666,5.0,44.9,12.79,0.0,0.7934506856227626,False,False,0.06850149692735963
db6a4d4b5f1f5f98820ce6ce2619e2de,SP,sao paulo,1,0,0.0,0.0,0.5906944444444444,1.914224537037037,3.113460648148148,5.0,135.99,12.16,0.0,0.7934506856227626,False,False,0.06850149692735963
db7ed69a53aa9fb1c01930ba54a88bbe,SP,jaguariuna,1,0,0.0,0.0,2.5096180555555554,1.1234722222222222,3.9548032407407407,5.0,109.0,11.78,0.0,0.7934506856227626,False,False,0.06850149692735963
dbc51f5e45d654ecc16cb68e6817ecea,SP,franca,1,0,0.0,1.0,7.55318287037037,10.179884259259259,17.74240740740741,4.0,199.99,18.14,0.0,0.7934506856227626,False,False,0.06850149692735963
dcb7367a92f5ffb89f1e2152ed260285,SP,osvaldo cruz,1,0,0.0,0.0,2.2605787037037035,7.801319444444444,10.07724537037037,5.0,79.9,18.44,0.0,0.7934506856227626,False,False,0.06850149692735963
dd264199fc8b687ad029de7de6d760e6,PR,cascavel,1,0,0.0,1.0,7.954398148148148,10.055034722222222,18.080567129629628,5.0,87.9,20.7,0.0,0.7934506856227626,False,False,0.06850149692735963
dd5450b022b2d00a2145a66331e1aef6,SC,joinville,1,0,0.0,0.0,0.10177083333333334,7.070057870370371,7.1822337962962965,5.0,59.0,22.34,0.0,0.7934506856227626,False,False,0.06850149692735963
dd88d13bea9e4c2bf47daf224f8141e5,RS,lajeado,1,0,0.0,0.0,1.737951388888889,3.9235069444444446,5.675613425925926,5.0,458.0,29.38,0.0,0.7934506856227626,False,False,0.06850149692735963
dd9661d3cda1e6feb237f0c4d8b26f2e,SC,campos novos,1,0,0.0,0.0,5.383657407407408,12.803564814814814,18.197858796296295,5.0,174.0,16.98,0.0,0.7934506856227626,False,False,0.06850149692735963
dda37071807e404c5bb2a1590c66326f,SP,sao paulo,1,0,0.0,0.0,0.7899884259259259,15.425428240740741,16.582835648148148,5.0,199.99,19.28,0.0,0.7934506856227626,False,False,0.06850149692735963
dde698c6d0bd24834c586e5111c2bba7,RJ,petropolis,1,0,0.0,0.0,0.3957407407407407,6.300509259259259,7.692013888888889,5.0,155.9,19.19,0.0,0.7934506856227626,False,False,0.06850149692735963
e00d85ce20ea50c1224c66ca5050527d,SP,osasco,1,0,0.0,0.0,0.5978356481481482,0.8264236111111111,2.049375,4.0,149.0,8.3,0.0,0.7934506856227626,False,False,0.06850149692735963
e0482f2c769468c3bbcd8a01e09d98c5,SP,sao paulo,1,0,0.0,0.0,2.4115277777777777,3.4865856481481483,5.906377314814815,4.0,189.0,45.4,0.0,0.7934506856227626,False,False,0.06850149692735963
e1bed63d68ac36fe1f3061befe196af5,SP,mogi guacu,1,0,0.0,0.0,0.42314814814814816,8.141168981481481,8.606180555555556,5.0,199.0,18.0,0.0,0.7934506856227626,False,False,0.06850149692735963
e1c76f339ebd5460999f25a2aa8c92c5,SP,sao paulo,1,0,0.0,0.0,5.126273148148148,23.949189814814815,29.84170138888889,5.0,899.9,28.8,0.0,0.7934506856227626,False,False,0.06850149692735963
e3b4998c7a498169dc7bce44e6bb6277,SP,sao paulo,1,0,0.0,0.0,3.526400462962963,15.208391203703703,18.740069444444444,5.0,6735.0,194.31,0.0,0.7934506856227626,False,False,0.06850149692735963
e3e290b38963293022cdcd6db8328103,SP,sao paulo,1,0,0.0,1.0,4.0229282407407405,9.618263888888889,13.6496875,5.0,59.9,11.92,0.0,0.7934506856227626,False,False,0.06850149692735963
e433f5fd4050e3352b5d83522b7fe24b,PR,arapongas,1,0,0.0,0.0,3.438622685185185,3.3677662037037037,7.448333333333333,4.0,548.06,48.71,0.0,0.7934506856227626,False,False,0.06850149692735963
e4fc40017a6d22c46a14ac2e17f87c3e,PR,arapongas,1,0,0.0,0.0,5.678923611111111,4.543946759259259,10.291921296296296,5.0,129.0,41.29,0.0,0.7934506856227626,False,False,0.06850149692735963
e5545d4d4473876ea78c5bcebca365c3,SP,marilia,1,0,0.0,0.0,0.4053587962962963,4.091527777777777,5.198229166666667,5.0,44.5,12.97,0.0,0.7934506856227626,False,False,0.06850149692735963
e595809a6c31ec4314fd06ef198c244d,SC,navegantes,1,0,0.0,0.0,1.7453703703703705,14.09738425925926,15.85357638888889,5.0,39.0,18.23,0.0,0.7934506856227626,False,False,0.06850149692735963
e59e575a175fadcadf8479e191770425,RJ,nova iguacu,1,0,0.0,0.0,3.0832060185185184,2.2488888888888887,5.350474537037037,5.0,199.9,50.98,0.0,0.7934506856227626,False,False,0.06850149692735963
e5def42655b7490edac5a56fe8e9e603,SP,amparo,1,0,0.0,0.0,0.5901388888888889,5.238425925925926,5.83462962962963,5.0,129.9,11.52,0.0,0.7934506856227626,False,False,0.06850149692735963
e64882b4ef12aee8d0faca4db5b681f4,GO,goiania,1,0,0.0,0.0,3.6753935185185185,20.89056712962963,25.008819444444445,4.0,230.0,43.22,0.0,0.7934506856227626,False,False,0.06850149692735963
e64ddbe1cbcf4f2fc3092b7c481f3f9d,SP,sao paulo,1,0,0.0,0.0,3.361851851851852,2.140185185185185,5.512708333333333,5.0,20.9,7.39,0.0,0.7934506856227626,False,False,0.06850149692735963
e72b4feb7abe210c52aa667abc25a3a2,SP,sao paulo,1,0,0.0,0.0,2.227314814814815,1.9105902777777777,4.149236111111111,5.0,38.2,17.44,0.0,0.7934506856227626,False,False,0.06850149692735963
e732329483fd5f27367dd997b47f598a,SC,blumenau,1,0,0.0,0.0,1.0684722222222223,11.072523148148148,12.152314814814815,5.0,109.9,34.57,0.0,0.7934506856227626,False,False,0.06850149692735963
e76ecc7e9a1a1e3c6df9d2a8261c423d,MG,belo horizonte,1,0,0.0,1.0,4.158217592592592,8.290810185185185,12.457060185185185,5.0,20.0,14.1,0.0,0.7934506856227626,False,False,0.06850149692735963
e8ff5a6ceb895583033fc2a0f314e3c2,SC,blumenau,1,0,0.0,0.0,0.7220486111111111,2.4609259259259257,3.1886111111111113,5.0,139.89,19.08,0.0,0.7934506856227626,False,False,0.06850149692735963
e908c0f3646e8b60375734a350d95d71,SP,sao paulo,1,0,0.0,0.0,6.920821759259259,19.17596064814815,27.108946759259258,4.0,2951.0,58.53,0.0,0.7934506856227626,False,False,0.06850149692735963
e9874ae10b2d60d43917b6bbfa13a599,PR,rolandia,1,0,0.0,0.0,1.0784837962962963,5.588391203703703,6.675798611111111,5.0,199.0,23.1,0.0,0.7934506856227626,False,False,0.06850149692735963
e9b6c33b71b67737693b4cfa68341c8d,SP,sao paulo,1,0,0.0,1.0,7.6787731481481485,2.831099537037037,11.771851851851851,4.0,119.9,21.49,0.0,0.7934506856227626,False,False,0.06850149692735963
eaaa46e98c9e61f6764dd1d7a2ab8b3e,RN,messias targino,1,0,0.0,0.0,1.7738078703703704,8.325590277777778,11.097199074074075,5.0,98.0,27.64,0.0,0.7934506856227626,False,False,0.06850149692735963
eb1bf309f4f6af9a97e9ddac3fdbeabe,SP,diadema,1,0,0.0,1.0,5.418715277777777,2.4116435185185185,8.489652777777778,5.0,22.3,8.88,0.0,0.7934506856227626,False,False,0.06850149692735963
eb4a59a06b3948e851a7d7a830bcbc42,BA,salvador,1,0,0.0,0.0,1.8078472222222222,5.828506944444444,11.078020833333333,5.0,32.0,21.15,0.0,0.7934506856227626,False,False,0.06850149692735963
eb9267cccc90f1b49c8d2f9887c7dd97,PE,recife,1,0,0.0,0.0,0.019930555555555556,7.272233796296296,7.810868055555556,5.0,319.9,26.37,0.0,0.7934506856227626,False,False,0.06850149692735963
ebd1417732defaf66c50b5a800eb293e,PR,londrina,1,0,0.0,0.0,0.24930555555555556,5.862303240740741,6.121712962962963,5.0,309.0,16.33,0.0,0.7934506856227626,False,False,0.06850149692735963
ec21206b7894c503788a684a7bc822a6,RJ,armacao dos buzios,1,0,0.0,0.0,1.8900925925925927,6.216296296296297,8.111898148148148,3.0,75.0,17.78,0.0,0.7934506856227626,False,False,0.06850149692735963
ed49da7cadefc454d6a67de249eab240,SP,sao paulo,1,0,0.0,0.0,4.000011574074074,3.0,7.191886574074074,5.0,21.5,8.72,0.0,0.7934506856227626,False,False,0.06850149692735963
edb58a1390adf273840030a3d6253829,SP,piracicaba,1,0,0.0,0.0,2.165046296296296,3.3318287037037035,5.503541666666667,5.0,39.9,18.38,0.0,0.7934506856227626,False,False,0.06850149692735963
edb65fe661681b1c0de8bd47c8655855,SP,sao paulo,1,0,0.0,0.0,5.147534722222222,7.9437037037037035,14.114236111111111,3.0,69.0,15.24,0.0,0.7934506856227626,False,False,0.06850149692735963
ede2977fbaf3738583170735ca403f6c,PR,curitiba,1,0,0.0,0.0,3.1202314814814813,11.850601851851852,14.979814814814814,5.0,289.9,37.35,0.0,0.7934506856227626,False,False,0.06850149692735963
ee27a8f15b1dded4d213a468ba4eb391,GO,goiania,1,0,0.0,0.0,0.3579861111111111,10.242372685185185,11.955023148148149,5.0,6499.0,227.66,0.0,0.7934506856227626,False,False,0.06850149692735963
f00f5b35d0abcacbdd863672f4bb2c1a,SP,sao paulo,1,0,0.0,0.0,5.9371527777777775,6.2119328703703705,12.155833333333334,4.0,299.0,14.43,0.0,0.7934506856227626,False,False,0.06850149692735963
f09b760d23495ac9a7e00d29b769007c,SP,catanduva,1,0,0.0,0.0,15.02085648148148,6.073518518518519,24.0575,4.0,21.9,17.19,0.0,0.7934506856227626,False,False,0.06850149692735963
f114dca2828bf718548db175ebe2cfcd,PR,cambe,1,0,0.0,0.0,2.776122685185185,7.701134259259259,10.483483796296296,1.0,139.0,13.99,0.0,0.7934506856227626,False,False,0.06850149692735963
f1fdf2d13186575751aa25876536d85c,SP,sao paulo,1,0,0.0,0.0,3.9921064814814815,2.1421064814814814,6.141400462962963,5.0,26.3,8.29,0.0,0.7934506856227626,False,False,0.06850149692735963
f26d70155c2b6326fcfa1780c8c684e4,SC,presidente getulio,1,0,0.0,0.0,0.7380324074074074,8.15318287037037,8.901666666666667,5.0,202.89,16.17,0.0,0.7934506856227626,False,False,0.06850149692735963
f3041c2e75ec683697a6a5ea82192210,MG,itauna,1,0,0.0,0.0,2.6029976851851853,1.9174537037037036,4.528425925925926,5.0,145.0,24.0,0.0,0.7934506856227626,False,False,0.06850149692735963
f307937c1bb287c3efc2a514b94b0d1d,MG,araxa,1,0,0.0,0.0,2.532210648148148,9.978738425925926,12.577673611111111,5.0,189.99,26.61,0.0,0.7934506856227626,False,False,0.06850149692735963
f3511c85f59f8dec53d140501ee8e7a8,PR,curitiba,1,0,0.0,0.0,0.9928472222222222,0.9154976851851852,1.9164930555555555,5.0,69.9,8.11,0.0,0.7934506856227626,False,False,0.06850149692735963
f356c348fbc8df6a882823e21f5ce8b7,RS,canoas,1,0,0.0,0.0,1.9113194444444443,5.217800925925926,7.250625,4.0,97.59,18.48,0.0,0.7934506856227626,False,False,0.06850149692735963
f3862c2188522d89860c38a3ea8b550d,SP,ribeirao preto,1,0,0.0,0.0,0.5725810185185185,4.883113425925926,5.868530092592593,5.0,15.5,12.79,0.0,0.7934506856227626,False,False,0.06850149692735963
f43827dd686be3a4a80e00aa299990fb,SP,sao jose do rio preto,1,0,0.0,0.0,10.384849537037036,10.291921296296296,21.39116898148148,2.0,95.54,30.2,0.0,0.7934506856227626,False,False,0.06850149692735963
f5b84683a9bf9e1df748cf40f601b39c,SP,sao paulo,1,0,0.0,0.0,3.1186805555555557,0.8813194444444444,6.706354166666666,5.0,83.9,9.07,0.0,0.7934506856227626,False,False,0.06850149692735963
f664f98bfda2eaf266a23ff144e7a872,SP,sao paulo,1,0,0.0,0.0,1.7865277777777777,1.276724537037037,3.076273148148148,5.0,34.99,7.78,0.0,0.7934506856227626,False,False,0.06850149692735963
f7c31656c19db6275a8acadca289f426,SP,ibitinga,1,0,0.0,0.0,1.5298611111111111,11.845358796296296,13.381388888888889,3.0,61.56,16.19,0.0,0.7934506856227626,False,False,0.06850149692735963
f8f35af4634605e6693c17cc3ffff5a8,MG,campanha,1,0,0.0,0.0,2.0412037037037036,8.09170138888889,10.140243055555555,5.0,90.0,16.39,0.0,0.7934506856227626,False,False,0.06850149692735963
f90f77ef2799a27f80d90c425ca944f7,PR,londrina,1,0,0.0,0.0,0.23581018518518518,7.144629629629629,7.389560185185185,5.0,70.0,19.46,0.0,0.7934506856227626,False,False,0.06850149692735963
f9bbdd976532d50b7816d285a22bd01e,SP,sao paulo,1,0,0.0,0.0,6.8277777777777775,8.05644675925926,14.890231481481482,5.0,89.0,15.37,0.0,0.7934506856227626,False,False,0.06850149692735963
f9f68daa2af419d38f745478bcb3da1a,SP,sumare,1,0,0.0,0.0,3.981423611111111,7.167060185185186,11.757013888888888,5.0,11.2,18.0,0.0,0.7934506856227626,False,False,0.06850149692735963
fa5fdc4e4bb6bd1009ad0e4ac4096562,SP,santo andre,1,0,0.0,0.0,4.000011574074074,3.0416666666666665,7.057268518518518,5.0,161.99,32.86,0.0,0.7934506856227626,False,False,0.06850149692735963
fa8d335d68129e464e60c1826a683e96,RS,tres coroas,1,0,0.0,0.0,3.2206597222222224,18.986817129629628,22.21934027777778,4.0,139.9,34.78,0.0,0.7934506856227626,False,False,0.06850149692735963
fb503a924a0b9db19d83dd0ac6dbef8c,RS,pelotas,1,0,0.0,0.0,2.6829282407407407,3.855474537037037,6.547800925925926,5.0,13.9,17.92,0.0,0.7934506856227626,False,False,0.06850149692735963
fc0b214b59a83615fea981c6424a02ae,SP,maua,1,0,0.0,0.0,3.1262037037037036,1.247951388888889,4.384398148148148,5.0,159.9,12.14,0.0,0.7934506856227626,False,False,0.06850149692735963
fc4751cfe3b279c419615b9b00c1abb4,PR,londrina,1,0,0.0,0.0,3.5363425925925926,4.0346064814814815,8.010011574074074,5.0,453.7,17.35,0.0,0.7934506856227626,False,False,0.06850149692735963
fc5a0d7a310a7a41abf86a458585ff2b,SP,sao paulo,1,0,0.0,1.0,11.717152777777779,2.204826388888889,13.929652777777777,4.0,117.9,19.07,0.0,0.7934506856227626,False,False,0.06850149692735963
fc6295add6f51a0936407ead70c1001d,SP,sao paulo,1,0,0.0,0.0,0.47625,12.94130787037037,13.800219907407408,1.0,160.0,70.52,0.0,0.7934506856227626,False,False,0.06850149692735963
fd435faa3c0422b60440ea3480d0e77c,PB,joao pessoa,1,0,0.0,0.0,1.6557638888888888,7.538541666666666,9.468483796296296,5.0,749.0,133.87,0.0,0.7934506856227626,False,False,0.06850149692735963
fdf736c18c589ed030e058312203e1b2,MG,pocos de caldas,1,0,0.0,0.0,0.4565740740740741,4.421192129629629,5.490983796296296,5.0,30.0,14.51,0.0,0.7934506856227626,False,False,0.06850149692735963
fe19dce63ae80346207c6c55713d1023,MG,uberaba,1,0,0.0,0.0,0.7446412037037037,6.249108796296296,7.0012384259259255,5.0,49.9,21.82,0.0,0.7934506856227626,False,False,0.06850149692735963
fe9d9cf8631285d5982c6e2cf27fb114,MG,barbacena/ minas gerais,1,0,0.0,0.0,0.6464583333333334,4.227731481481482,4.90292824074074,4.0,69.9,23.64,0.0,0.7934506856227626,False,False,0.06850149692735963
feb793c88d836c3a75efa4b5a3465d70,SP,sao paulo,1,0,0.0,0.0,4.927222222222222,1.0525925925925925,5.986342592592592,5.0,466.0,64.17,0.0,0.7934506856227626,False,False,0.06850149692735963
fedaedd3ca31d56ab33e92035e4b361c,RJ,niteroi,1,0,0.0,0.0,4.000011574074074,3.0,8.62082175925926,4.0,39.9,10.96,0.0,0.7934506856227626,False,False,0.06850149692735963
